2026-09-30 00:40:10 | READ | Song | Search: Test | Result: 0
2026-09-30 00:40:17 | READ | Song | Search: BRÆNDER | Result: 1
2026-09-30 17:06:27 | CREATE | Song | 46 | API Test Song
2026-09-30 17:06:27 | CREATE | Artist | Name: API Test Artist
2026-09-30 17:06:27 | CREATE | SongArtist | SongId: 46 | ArtistId: 23 | MainArtist: True
2026-09-30 17:06:27 | CREATE | Artist | Name: Featured Artist
2026-09-30 17:06:27 | CREATE | SongArtist | SongId: 46 | ArtistId: 24 | MainArtist: False
2026-09-30 17:06:27 | CREATE | Album | Title: API Test Album
2026-09-30 17:06:27 | CREATE | AlbumSong | AlbumId: 21 | SongId: 46
2026-09-30 17:06:27 | CREATE | Media | MediaId: 34 | SongId: 46 | ExternalId: test-video-id
2026-09-30 17:11:45 | READ | Song | Search: API | Result: 1
2026-09-30 17:39:14 | READ | Song | Search: API | Result: 1
2026-09-30 17:44:36 | READ | Song | Search: API | Result: 1
2026-09-30 17:45:09 | READ | Song | Search: API | Result: 1
2026-09-30 17:53:20 | DELETE | Song | 46 | API Test Song
2026-09-30 17:56:01 | CREATE | Song | 47 | API Test Song
2026-09-30 17:56:01 | CREATE | SongArtist | SongId: 47 | ArtistId: 23 | MainArtist: True
2026-09-30 17:56:01 | CREATE | SongArtist | SongId: 47 | ArtistId: 24 | MainArtist: False
2026-09-30 17:56:01 | CREATE | AlbumSong | AlbumId: 21 | SongId: 47
2026-09-30 17:56:01 | CREATE | Media | MediaId: 35 | SongId: 47 | ExternalId: test-video-id
2026-09-30 17:58:54 | UPDATE | Song | 47 | Updated API Test Song
2026-09-30 18:12:25 | READ | Song | Search: API | Result: 1
2026-10-02 00:33:13 | READ | Song | Search: test | Result: 0
2026-10-02 00:33:13 | READ | Song | Search: tes | Result: 0
2026-10-02 00:40:00 | READ | Song | Search: t | Result: 12
2026-10-02 00:40:00 | READ | Song | Search: te | Result: 2
2026-10-02 00:40:00 | READ | Song | Search: sab | Result: 0
2026-10-02 00:42:38 | READ | Song | Search: T | Result: 5
2026-10-02 00:42:40 | READ | Song | Search: T4 | Result: 0
2026-10-02 00:42:41 | READ | Song | Search: T | Result: 5
2026-10-02 00:42:42 | READ | Song | Search: Te | Result: 0
2026-10-02 00:42:42 | READ | Song | Search: Tes | Result: 0
2026-10-02 00:42:42 | READ | Song | Search: Test | Result: 0
2026-10-02 00:42:44 | READ | Song | Search: Tes | Result: 0
2026-10-02 00:42:45 | READ | Song | Search: Te | Result: 0
2026-10-02 00:42:46 | READ | Song | Search: T | Result: 5
2026-10-02 00:42:50 | READ | Song | Search: t | Result: 12
2026-10-02 00:42:50 | READ | Song | Search: te | Result: 2
2026-10-02 00:42:50 | READ | Song | Search: ted | Result: 0
2026-10-02 00:42:50 | READ | Song | Search: tedd | Result: 0
2026-10-02 00:42:51 | READ | Song | Search: ted | Result: 0
2026-10-02 00:42:53 | READ | Song | Search: te | Result: 2
2026-10-02 00:42:56 | READ | Song | Search: t | Result: 12
2026-10-02 00:42:57 | READ | Song | Search: T | Result: 5
2026-10-02 00:42:57 | READ | Song | Search: Te | Result: 0
2026-10-02 00:42:59 | READ | Song | Search: T | Result: 5
2026-10-02 00:47:08 | READ | Song | Search: t | Result: 12
2026-10-02 00:47:08 | READ | Song | Search: te | Result: 2
2026-10-02 00:47:09 | READ | Song | Search: ted | Result: 0
2026-10-02 00:47:10 | READ | Song | Search: te | Result: 2
2026-10-02 00:47:38 | READ | Song | Search: t | Result: 12
2026-10-02 00:47:38 | READ | Song | Search: te | Result: 2
2026-10-02 00:47:38 | READ | Song | Search: ted | Result: 0
2026-10-02 00:47:39 | READ | Song | Search: te | Result: 2
2026-10-02 00:47:41 | READ | Song | Search: t | Result: 12
2026-10-02 00:47:49 | READ | Song | Search: t | Result: 12
2026-10-02 00:47:49 | READ | Song | Search: te | Result: 2
2026-10-02 00:47:50 | READ | Song | Search: ted | Result: 0
2026-10-02 00:57:11 | READ | Song | Search: teddy | Result: 0
2026-10-02 00:59:22 | READ | Song | Search: t | Result: 12
2026-10-02 00:59:22 | READ | Song | Search: te | Result: 2
2026-10-02 00:59:22 | READ | Song | Search: ted | Result: 0
2026-10-02 00:59:22 | READ | Song | Search: tedd | Result: 0
2026-10-02 00:59:23 | READ | Song | Search: ted | Result: 0
2026-10-02 00:59:24 | READ | Song | Search: te | Result: 2
2026-10-02 00:59:33 | READ | Song | Search: ted | Result: 0
2026-10-02 00:59:34 | READ | Song | Search: te | Result: 2
2026-10-02 01:03:21 | READ | Song | Search: t | Result: 12
2026-10-02 01:03:21 | READ | Song | Search: te | Result: 2
2026-10-02 01:03:22 | READ | Song | Search: ted | Result: 0
2026-10-02 01:03:23 | READ | Song | Search: te | Result: 2
2026-10-02 01:03:23 | READ | Song | Search: t | Result: 12
2026-10-02 01:04:26 | READ | Song | Search: T | Result: 5
2026-10-02 01:04:26 | READ | Song | Search: Te | Result: 0
2026-10-02 01:04:27 | READ | Song | Search: Ted | Result: 0
2026-10-02 01:04:27 | READ | Song | Search: Tedd | Result: 0
2026-10-02 01:04:27 | READ | Song | Search: Ted | Result: 0
2026-10-02 01:04:28 | READ | Song | Search: Te | Result: 0
2026-10-02 01:04:28 | READ | Song | Search: T | Result: 5
2026-10-02 01:04:29 | READ | Song | Search: t | Result: 12
2026-10-02 01:04:30 | READ | Song | Search: T | Result: 5
2026-10-02 01:04:30 | READ | Song | Search: Te | Result: 0
2026-10-02 01:04:31 | READ | Song | Search: Ted | Result: 0
2026-10-02 01:04:31 | READ | Song | Search: Tedd | Result: 0
2026-10-02 01:04:31 | READ | Song | Search: Teddy | Result: 0
2026-10-02 01:04:36 | READ | Song | Search: Tedd | Result: 0
2026-10-02 01:04:36 | READ | Song | Search: Ted | Result: 0
2026-10-02 01:04:36 | READ | Song | Search: Te | Result: 0
2026-10-02 01:04:37 | READ | Song | Search: T | Result: 5
2026-10-02 01:04:42 | READ | Song | Search: b | Result: 1
2026-10-02 01:04:43 | READ | Song | Search: br | Result: 0
2026-10-02 01:04:43 | READ | Song | Search: bri | Result: 0
2026-10-02 01:04:43 | READ | Song | Search: brid | Result: 0
2026-10-02 01:04:43 | READ | Song | Search: bri | Result: 0
2026-10-02 01:04:44 | READ | Song | Search: br | Result: 0
2026-10-02 01:04:44 | READ | Song | Search: b | Result: 1
2026-10-02 01:04:44 | READ | Song | Search: bi | Result: 0
2026-10-02 01:04:44 | READ | Song | Search: bir | Result: 0
2026-10-02 01:04:45 | READ | Song | Search: bird | Result: 0
2026-10-02 01:04:45 | READ | Song | Search: birds | Result: 0
2026-10-02 01:04:48 | READ | Song | Search: bird | Result: 0
2026-10-02 01:04:48 | READ | Song | Search: bir | Result: 0
2026-10-02 01:04:48 | READ | Song | Search: bi | Result: 0
2026-10-02 01:04:48 | READ | Song | Search: b | Result: 1
2026-10-02 01:04:50 | READ | Song | Search: b | Result: 1
2026-10-02 01:04:51 | READ | Song | Search: B | Result: 5
2026-10-02 01:04:51 | READ | Song | Search: Bi | Result: 0
2026-10-02 01:04:51 | READ | Song | Search: Bir | Result: 0
2026-10-02 01:04:52 | READ | Song | Search: Bird | Result: 0
2026-10-02 01:04:52 | READ | Song | Search: Birds | Result: 0
2026-10-02 01:04:52 | READ | Song | Search: Bird | Result: 0
2026-10-02 01:04:52 | READ | Song | Search: Bir | Result: 0
2026-10-02 01:04:53 | READ | Song | Search: Bi | Result: 0
2026-10-02 01:04:53 | READ | Song | Search: B | Result: 5
2026-10-02 01:07:51 | READ | Song | Search: t | Result: 12
2026-10-02 01:07:52 | READ | Song | Search: te | Result: 2
2026-10-02 01:07:52 | READ | Song | Search: ted | Result: 0
2026-10-02 01:07:52 | READ | Song | Search: tedd | Result: 0
2026-10-02 01:07:53 | READ | Song | Search: ted | Result: 0
2026-10-02 01:07:53 | READ | Song | Search: te | Result: 2
2026-10-02 01:07:53 | READ | Song | Search: t | Result: 12
2026-10-02 01:07:54 | READ | Song | Search: b | Result: 1
2026-10-02 01:07:54 | READ | Song | Search: bi | Result: 0
2026-10-02 01:07:54 | READ | Song | Search: bir | Result: 0
2026-10-02 01:16:16 | READ | Song | Search: b | Result: 1
2026-10-02 01:16:16 | READ | Song | Search: bi | Result: 0
2026-10-02 01:16:16 | READ | Song | Search: bir | Result: 0
2026-10-02 01:16:17 | READ | Song | Search: bi | Result: 0
2026-10-02 01:16:17 | READ | Song | Search: b | Result: 1
2026-10-02 01:16:19 | READ | Song | Search: t | Result: 12
2026-10-02 01:16:19 | READ | Song | Search: te | Result: 2
2026-10-02 01:16:20 | READ | Song | Search: ted | Result: 0
2026-10-02 01:16:20 | READ | Song | Search: tedd | Result: 0
2026-10-02 01:16:20 | READ | Song | Search: ted | Result: 0
2026-10-02 01:16:21 | READ | Song | Search: te | Result: 2
2026-10-02 01:16:21 | READ | Song | Search: t | Result: 12
2026-10-02 01:27:28 | READ | Song | Search: tedd | Result: 0
2026-10-02 01:30:11 | READ | Song | Search: ted | Result: 0
2026-10-02 01:34:15 | READ | Song | Search: ted | Result: 0
2026-10-02 01:36:27 | READ | Song | Search: ted | Result: 0
2026-10-02 02:02:29 | CREATE | Song | 49 | Circle With Me (Spiritbox Cover)
2026-10-02 02:02:29 | CREATE | Artist | Name: MAPHRA
2026-10-02 02:02:29 | CREATE | SongArtist | SongId: 49 | ArtistId: 28 | MainArtist: True
2026-10-02 02:02:29 | CREATE | Media | MediaId: 36 | SongId: 49 | ExternalId: https://www.youtube.com/watch?v=LUiL0qsNg9w
2026-10-03 16:26:54 | READ | Song | Fetching all songs.
2026-10-03 16:26:54 | READ | Song | Fetching all songs.
2026-10-03 16:26:54 | READ | Song | Fetching all songs.
2026-10-03 16:26:54 | READ | Song | Fetching all songs.
2026-10-03 16:26:55 | READ | Song | Fetching all songs.
2026-10-03 16:26:56 | READ | Song | Fetching data connected to Song with Id: 1 | Results: 6
2026-10-03 16:26:56 | READ | Song | Fetching data connected to Song with Id: 1 | Results: 6
2026-10-03 16:26:56 | READ | Song | Fetching data connected to Song with Id: 1 | Results: 6
2026-10-03 16:26:56 | READ | Song | Fetching data connected to Song with Id: 1 | Results: 6
2026-10-03 16:26:56 | READ | Song | Fetching data connected to Song with Id: 1 | Results: 6
2026-10-03 16:26:56 | READ | Song | Fetching data connected to Song with Id: 2 | Results: 6
2026-10-03 16:26:56 | READ | Song | Fetching data connected to Song with Id: 2 | Results: 6
2026-10-03 16:26:56 | READ | Song | Fetching data connected to Song with Id: 2 | Results: 6
2026-10-03 16:26:56 | READ | Song | Fetching data connected to Song with Id: 2 | Results: 6
2026-10-03 16:26:56 | READ | Song | Fetching data connected to Song with Id: 2 | Results: 6
2026-10-03 16:26:56 | READ | Song | Fetching data connected to Song with Id: 3 | Results: 6
2026-10-03 16:26:56 | READ | Song | Fetching data connected to Song with Id: 3 | Results: 6
2026-10-03 16:26:56 | READ | Song | Fetching data connected to Song with Id: 3 | Results: 6
2026-10-03 16:26:56 | READ | Song | Fetching data connected to Song with Id: 3 | Results: 6
2026-10-03 16:26:56 | READ | Song | Fetching data connected to Song with Id: 3 | Results: 6
2026-10-03 16:26:56 | READ | Song | Fetching data connected to Song with Id: 4 | Results: 6
2026-10-03 16:26:56 | READ | Song | Fetching data connected to Song with Id: 4 | Results: 6
2026-10-03 16:26:56 | READ | Song | Fetching data connected to Song with Id: 4 | Results: 6
2026-10-03 16:26:56 | READ | Song | Fetching data connected to Song with Id: 4 | Results: 6
2026-10-03 16:26:56 | READ | Song | Fetching data connected to Song with Id: 4 | Results: 6
2026-10-03 16:26:56 | READ | Song | Fetching data connected to Song with Id: 5 | Results: 6
2026-10-03 16:26:56 | READ | Song | Fetching data connected to Song with Id: 5 | Results: 6
2026-10-03 16:26:56 | READ | Song | Fetching data connected to Song with Id: 5 | Results: 6
2026-10-03 16:26:56 | READ | Song | Fetching data connected to Song with Id: 5 | Results: 6
2026-10-03 16:26:56 | READ | Song | Fetching data connected to Song with Id: 5 | Results: 6
2026-10-03 16:26:56 | READ | Song | Fetching data connected to Song with Id: 6 | Results: 4
2026-10-03 16:26:56 | READ | Song | Fetching data connected to Song with Id: 6 | Results: 4
2026-10-03 16:26:56 | READ | Song | Fetching data connected to Song with Id: 6 | Results: 4
2026-10-03 16:26:56 | READ | Song | Fetching data connected to Song with Id: 6 | Results: 4
2026-10-03 16:26:56 | READ | Song | Fetching data connected to Song with Id: 6 | Results: 4
2026-10-03 16:26:56 | READ | Song | Fetching data connected to Song with Id: 7 | Results: 4
2026-10-03 16:26:56 | READ | Song | Fetching data connected to Song with Id: 7 | Results: 4
2026-10-03 16:26:56 | READ | Song | Fetching data connected to Song with Id: 7 | Results: 4
2026-10-03 16:26:56 | READ | Song | Fetching data connected to Song with Id: 7 | Results: 4
2026-10-03 16:26:56 | READ | Song | Fetching data connected to Song with Id: 7 | Results: 4
2026-10-03 16:26:56 | READ | Song | Fetching data connected to Song with Id: 8 | Results: 8
2026-10-03 16:26:56 | READ | Song | Fetching data connected to Song with Id: 8 | Results: 8
2026-10-03 16:26:56 | READ | Song | Fetching data connected to Song with Id: 8 | Results: 8
2026-10-03 16:26:56 | READ | Song | Fetching data connected to Song with Id: 8 | Results: 8
2026-10-03 16:26:56 | READ | Song | Fetching data connected to Song with Id: 8 | Results: 8
2026-10-03 16:26:56 | READ | Song | Fetching data connected to Song with Id: 9 | Results: 6
2026-10-03 16:26:56 | READ | Song | Fetching data connected to Song with Id: 9 | Results: 6
2026-10-03 16:26:56 | READ | Song | Fetching data connected to Song with Id: 9 | Results: 6
2026-10-03 16:26:56 | READ | Song | Fetching data connected to Song with Id: 9 | Results: 6
2026-10-03 16:26:56 | READ | Song | Fetching data connected to Song with Id: 9 | Results: 6
2026-10-03 16:26:56 | READ | Song | Fetching data connected to Song with Id: 10 | Results: 6
2026-10-03 16:26:56 | READ | Song | Fetching data connected to Song with Id: 10 | Results: 6
2026-10-03 16:26:56 | READ | Song | Fetching data connected to Song with Id: 10 | Results: 6
2026-10-03 16:26:56 | READ | Song | Fetching data connected to Song with Id: 10 | Results: 6
2026-10-03 16:26:56 | READ | Song | Fetching data connected to Song with Id: 10 | Results: 6
2026-10-03 16:26:56 | READ | Song | Fetching data connected to Song with Id: 11 | Results: 6
2026-10-03 16:26:56 | READ | Song | Fetching data connected to Song with Id: 11 | Results: 6
2026-10-03 16:26:56 | READ | Song | Fetching data connected to Song with Id: 11 | Results: 6
2026-10-03 16:26:56 | READ | Song | Fetching data connected to Song with Id: 11 | Results: 6
2026-10-03 16:26:56 | READ | Song | Fetching data connected to Song with Id: 11 | Results: 6
2026-10-03 16:26:56 | READ | Song | Fetching data connected to Song with Id: 12 | Results: 6
2026-10-03 16:26:56 | READ | Song | Fetching data connected to Song with Id: 12 | Results: 6
2026-10-03 16:26:56 | READ | Song | Fetching data connected to Song with Id: 12 | Results: 6
2026-10-03 16:26:56 | READ | Song | Fetching data connected to Song with Id: 12 | Results: 6
2026-10-03 16:26:56 | READ | Song | Fetching data connected to Song with Id: 12 | Results: 6
2026-10-03 16:26:56 | READ | Song | Fetching data connected to Song with Id: 13 | Results: 6
2026-10-03 16:26:56 | READ | Song | Fetching data connected to Song with Id: 13 | Results: 6
2026-10-03 16:26:56 | READ | Song | Fetching data connected to Song with Id: 13 | Results: 6
2026-10-03 16:26:56 | READ | Song | Fetching data connected to Song with Id: 13 | Results: 6
2026-10-03 16:26:56 | READ | Song | Fetching data connected to Song with Id: 13 | Results: 6
2026-10-03 16:26:56 | READ | Song | Fetching data connected to Song with Id: 14 | Results: 6
2026-10-03 16:26:56 | READ | Song | Fetching data connected to Song with Id: 14 | Results: 6
2026-10-03 16:26:56 | READ | Song | Fetching data connected to Song with Id: 14 | Results: 6
2026-10-03 16:26:56 | READ | Song | Fetching data connected to Song with Id: 14 | Results: 6
2026-10-03 16:26:56 | READ | Song | Fetching data connected to Song with Id: 14 | Results: 6
2026-10-03 16:26:56 | READ | Song | Fetching data connected to Song with Id: 15 | Results: 6
2026-10-03 16:26:56 | READ | Song | Fetching data connected to Song with Id: 15 | Results: 6
2026-10-03 16:26:56 | READ | Song | Fetching data connected to Song with Id: 15 | Results: 6
2026-10-03 16:26:56 | READ | Song | Fetching data connected to Song with Id: 15 | Results: 6
2026-10-03 16:26:56 | READ | Song | Fetching data connected to Song with Id: 15 | Results: 6
2026-10-03 16:26:56 | READ | Song | Fetching data connected to Song with Id: 16 | Results: 6
2026-10-03 16:26:56 | READ | Song | Fetching data connected to Song with Id: 16 | Results: 6
2026-10-03 16:26:56 | READ | Song | Fetching data connected to Song with Id: 16 | Results: 6
2026-10-03 16:26:56 | READ | Song | Fetching data connected to Song with Id: 16 | Results: 6
2026-10-03 16:26:56 | READ | Song | Fetching data connected to Song with Id: 16 | Results: 6
2026-10-03 16:26:56 | READ | Song | Fetching data connected to Song with Id: 17 | Results: 6
2026-10-03 16:26:56 | READ | Song | Fetching data connected to Song with Id: 17 | Results: 6
2026-10-03 16:26:56 | READ | Song | Fetching data connected to Song with Id: 17 | Results: 6
2026-10-03 16:26:56 | READ | Song | Fetching data connected to Song with Id: 17 | Results: 6
2026-10-03 16:26:56 | READ | Song | Fetching data connected to Song with Id: 17 | Results: 6
2026-10-03 16:26:56 | READ | Song | Fetching data connected to Song with Id: 18 | Results: 6
2026-10-03 16:26:56 | READ | Song | Fetching data connected to Song with Id: 18 | Results: 6
2026-10-03 16:26:56 | READ | Song | Fetching data connected to Song with Id: 18 | Results: 6
2026-10-03 16:26:56 | READ | Song | Fetching data connected to Song with Id: 18 | Results: 6
2026-10-03 16:26:56 | READ | Song | Fetching data connected to Song with Id: 18 | Results: 6
2026-10-03 16:26:56 | READ | Song | Fetching data connected to Song with Id: 19 | Results: 4
2026-10-03 16:26:56 | READ | Song | Fetching data connected to Song with Id: 19 | Results: 4
2026-10-03 16:26:56 | READ | Song | Fetching data connected to Song with Id: 19 | Results: 4
2026-10-03 16:26:56 | READ | Song | Fetching data connected to Song with Id: 19 | Results: 4
2026-10-03 16:26:56 | READ | Song | Fetching data connected to Song with Id: 19 | Results: 4
2026-10-03 16:26:56 | READ | Song | Fetching data connected to Song with Id: 20 | Results: 6
2026-10-03 16:26:56 | READ | Song | Fetching data connected to Song with Id: 20 | Results: 6
2026-10-03 16:26:56 | READ | Song | Fetching data connected to Song with Id: 20 | Results: 6
2026-10-03 16:26:56 | READ | Song | Fetching data connected to Song with Id: 20 | Results: 6
2026-10-03 16:26:56 | READ | Song | Fetching data connected to Song with Id: 20 | Results: 6
2026-10-03 16:26:56 | READ | Song | Fetching data connected to Song with Id: 21 | Results: 4
2026-10-03 16:26:56 | READ | Song | Fetching data connected to Song with Id: 21 | Results: 4
2026-10-03 16:26:56 | READ | Song | Fetching data connected to Song with Id: 21 | Results: 4
2026-10-03 16:26:56 | READ | Song | Fetching data connected to Song with Id: 21 | Results: 4
2026-10-03 16:26:56 | READ | Song | Fetching data connected to Song with Id: 21 | Results: 4
2026-10-03 16:26:56 | READ | Song | Fetching data connected to Song with Id: 22 | Results: 6
2026-10-03 16:26:56 | READ | Song | Fetching data connected to Song with Id: 22 | Results: 6
2026-10-03 16:26:56 | READ | Song | Fetching data connected to Song with Id: 22 | Results: 6
2026-10-03 16:26:56 | READ | Song | Fetching data connected to Song with Id: 22 | Results: 6
2026-10-03 16:26:56 | READ | Song | Fetching data connected to Song with Id: 22 | Results: 6
2026-10-03 16:26:56 | READ | Song | Fetching data connected to Song with Id: 23 | Results: 6
2026-10-03 16:26:56 | READ | Song | Fetching data connected to Song with Id: 23 | Results: 6
2026-10-03 16:26:56 | READ | Song | Fetching data connected to Song with Id: 23 | Results: 6
2026-10-03 16:26:56 | READ | Song | Fetching data connected to Song with Id: 23 | Results: 6
2026-10-03 16:26:56 | READ | Song | Fetching data connected to Song with Id: 23 | Results: 6
2026-10-03 16:26:56 | READ | Song | Fetching data connected to Song with Id: 24 | Results: 6
2026-10-03 16:26:56 | READ | Song | Fetching data connected to Song with Id: 24 | Results: 6
2026-10-03 16:26:56 | READ | Song | Fetching data connected to Song with Id: 24 | Results: 6
2026-10-03 16:26:56 | READ | Song | Fetching data connected to Song with Id: 24 | Results: 6
2026-10-03 16:26:56 | READ | Song | Fetching data connected to Song with Id: 24 | Results: 6
2026-10-03 16:26:57 | READ | Song | Fetching data connected to Song with Id: 25 | Results: 6
2026-10-03 16:26:57 | READ | Song | Fetching data connected to Song with Id: 25 | Results: 6
2026-10-03 16:26:57 | READ | Song | Fetching data connected to Song with Id: 25 | Results: 6
2026-10-03 16:26:57 | READ | Song | Fetching data connected to Song with Id: 25 | Results: 6
2026-10-03 16:26:57 | READ | Song | Fetching data connected to Song with Id: 25 | Results: 6
2026-10-03 16:26:57 | READ | Song | Fetching data connected to Song with Id: 26 | Results: 6
2026-10-03 16:26:57 | READ | Song | Fetching data connected to Song with Id: 26 | Results: 6
2026-10-03 16:26:57 | READ | Song | Fetching data connected to Song with Id: 26 | Results: 6
2026-10-03 16:26:57 | READ | Song | Fetching data connected to Song with Id: 26 | Results: 6
2026-10-03 16:26:57 | READ | Song | Fetching data connected to Song with Id: 26 | Results: 6
2026-10-03 16:26:57 | READ | Song | Fetching data connected to Song with Id: 27 | Results: 6
2026-10-03 16:26:57 | READ | Song | Fetching data connected to Song with Id: 27 | Results: 6
2026-10-03 16:26:57 | READ | Song | Fetching data connected to Song with Id: 27 | Results: 6
2026-10-03 16:26:57 | READ | Song | Fetching data connected to Song with Id: 27 | Results: 6
2026-10-03 16:26:57 | READ | Song | Fetching data connected to Song with Id: 27 | Results: 6
2026-10-03 16:26:57 | READ | Song | Fetching data connected to Song with Id: 49 | Results: 4
2026-10-03 16:26:57 | READ | Song | Fetching data connected to Song with Id: 49 | Results: 4
2026-10-03 16:26:57 | READ | Song | Fetching data connected to Song with Id: 49 | Results: 4
2026-10-03 16:26:57 | READ | Song | Fetching data connected to Song with Id: 49 | Results: 4
2026-10-03 16:26:57 | READ | Song | Fetching data connected to Song with Id: 49 | Results: 4
2026-10-03 16:26:58 | READ | Song | Fetching all songs.
2026-10-03 16:26:58 | READ | Song | Fetching data connected to Song with Id: 1 | Results: 6
2026-10-03 16:26:58 | READ | Song | Fetching data connected to Song with Id: 2 | Results: 6
2026-10-03 16:26:58 | READ | Song | Fetching data connected to Song with Id: 3 | Results: 6
2026-10-03 16:26:58 | READ | Song | Fetching data connected to Song with Id: 4 | Results: 6
2026-10-03 16:26:58 | READ | Song | Fetching data connected to Song with Id: 5 | Results: 6
2026-10-03 16:26:58 | READ | Song | Fetching data connected to Song with Id: 6 | Results: 4
2026-10-03 16:26:58 | READ | Song | Fetching data connected to Song with Id: 7 | Results: 4
2026-10-03 16:26:58 | READ | Song | Fetching data connected to Song with Id: 8 | Results: 8
2026-10-03 16:26:58 | READ | Song | Fetching data connected to Song with Id: 9 | Results: 6
2026-10-03 16:26:58 | READ | Song | Fetching data connected to Song with Id: 10 | Results: 6
2026-10-03 16:26:58 | READ | Song | Fetching data connected to Song with Id: 11 | Results: 6
2026-10-03 16:26:58 | READ | Song | Fetching data connected to Song with Id: 12 | Results: 6
2026-10-03 16:26:58 | READ | Song | Fetching data connected to Song with Id: 13 | Results: 6
2026-10-03 16:26:58 | READ | Song | Fetching data connected to Song with Id: 14 | Results: 6
2026-10-03 16:26:58 | READ | Song | Fetching data connected to Song with Id: 15 | Results: 6
2026-10-03 16:26:58 | READ | Song | Fetching data connected to Song with Id: 16 | Results: 6
2026-10-03 16:26:58 | READ | Song | Fetching data connected to Song with Id: 17 | Results: 6
2026-10-03 16:26:58 | READ | Song | Fetching data connected to Song with Id: 18 | Results: 6
2026-10-03 16:26:58 | READ | Song | Fetching data connected to Song with Id: 19 | Results: 4
2026-10-03 16:26:58 | READ | Song | Fetching data connected to Song with Id: 20 | Results: 6
2026-10-03 16:26:58 | READ | Song | Fetching data connected to Song with Id: 21 | Results: 4
2026-10-03 16:26:58 | READ | Song | Fetching data connected to Song with Id: 22 | Results: 6
2026-10-03 16:26:58 | READ | Song | Fetching data connected to Song with Id: 23 | Results: 6
2026-10-03 16:26:58 | READ | Song | Fetching data connected to Song with Id: 24 | Results: 6
2026-10-03 16:26:58 | READ | Song | Fetching data connected to Song with Id: 25 | Results: 6
2026-10-03 16:26:58 | READ | Song | Fetching data connected to Song with Id: 26 | Results: 6
2026-10-03 16:26:58 | READ | Song | Fetching data connected to Song with Id: 27 | Results: 6
2026-10-03 16:26:58 | READ | Song | Fetching data connected to Song with Id: 49 | Results: 4
2026-10-03 16:27:00 | READ | Song | Fetching all songs.
2026-10-03 16:27:00 | READ | Song | Fetching data connected to Song with Id: 1 | Results: 6
2026-10-03 16:27:00 | READ | Song | Fetching data connected to Song with Id: 2 | Results: 6
2026-10-03 16:27:00 | READ | Song | Fetching data connected to Song with Id: 3 | Results: 6
2026-10-03 16:27:00 | READ | Song | Fetching data connected to Song with Id: 4 | Results: 6
2026-10-03 16:27:00 | READ | Song | Fetching data connected to Song with Id: 5 | Results: 6
2026-10-03 16:27:00 | READ | Song | Fetching data connected to Song with Id: 6 | Results: 4
2026-10-03 16:27:00 | READ | Song | Fetching data connected to Song with Id: 7 | Results: 4
2026-10-03 16:27:00 | READ | Song | Fetching data connected to Song with Id: 8 | Results: 8
2026-10-03 16:27:00 | READ | Song | Fetching data connected to Song with Id: 9 | Results: 6
2026-10-03 16:27:00 | READ | Song | Fetching data connected to Song with Id: 10 | Results: 6
2026-10-03 16:27:00 | READ | Song | Fetching data connected to Song with Id: 11 | Results: 6
2026-10-03 16:27:00 | READ | Song | Fetching data connected to Song with Id: 12 | Results: 6
2026-10-03 16:27:00 | READ | Song | Fetching data connected to Song with Id: 13 | Results: 6
2026-10-03 16:27:00 | READ | Song | Fetching data connected to Song with Id: 14 | Results: 6
2026-10-03 16:27:00 | READ | Song | Fetching data connected to Song with Id: 15 | Results: 6
2026-10-03 16:27:00 | READ | Song | Fetching data connected to Song with Id: 16 | Results: 6
2026-10-03 16:27:00 | READ | Song | Fetching data connected to Song with Id: 17 | Results: 6
2026-10-03 16:27:00 | READ | Song | Fetching data connected to Song with Id: 18 | Results: 6
2026-10-03 16:27:00 | READ | Song | Fetching data connected to Song with Id: 19 | Results: 4
2026-10-03 16:27:00 | READ | Song | Fetching data connected to Song with Id: 20 | Results: 6
2026-10-03 16:27:00 | READ | Song | Fetching data connected to Song with Id: 21 | Results: 4
2026-10-03 16:27:00 | READ | Song | Fetching data connected to Song with Id: 22 | Results: 6
2026-10-03 16:27:00 | READ | Song | Fetching data connected to Song with Id: 23 | Results: 6
2026-10-03 16:27:00 | READ | Song | Fetching data connected to Song with Id: 24 | Results: 6
2026-10-03 16:27:00 | READ | Song | Fetching data connected to Song with Id: 25 | Results: 6
2026-10-03 16:27:00 | READ | Song | Fetching data connected to Song with Id: 26 | Results: 6
2026-10-03 16:27:00 | READ | Song | Fetching data connected to Song with Id: 27 | Results: 6
2026-10-03 16:27:00 | READ | Song | Fetching data connected to Song with Id: 49 | Results: 4
2026-10-03 16:27:00 | READ | Song | Fetching all songs.
2026-10-03 16:27:00 | READ | Song | Fetching data connected to Song with Id: 1 | Results: 6
2026-10-03 16:27:00 | READ | Song | Fetching data connected to Song with Id: 2 | Results: 6
2026-10-03 16:27:00 | READ | Song | Fetching data connected to Song with Id: 3 | Results: 6
2026-10-03 16:27:00 | READ | Song | Fetching data connected to Song with Id: 4 | Results: 6
2026-10-03 16:27:00 | READ | Song | Fetching data connected to Song with Id: 5 | Results: 6
2026-10-03 16:27:00 | READ | Song | Fetching data connected to Song with Id: 6 | Results: 4
2026-10-03 16:27:00 | READ | Song | Fetching data connected to Song with Id: 7 | Results: 4
2026-10-03 16:27:00 | READ | Song | Fetching data connected to Song with Id: 8 | Results: 8
2026-10-03 16:27:00 | READ | Song | Fetching data connected to Song with Id: 9 | Results: 6
2026-10-03 16:27:00 | READ | Song | Fetching data connected to Song with Id: 10 | Results: 6
2026-10-03 16:27:00 | READ | Song | Fetching data connected to Song with Id: 11 | Results: 6
2026-10-03 16:27:00 | READ | Song | Fetching data connected to Song with Id: 12 | Results: 6
2026-10-03 16:27:00 | READ | Song | Fetching data connected to Song with Id: 13 | Results: 6
2026-10-03 16:27:59 | READ | Song | Fetching all songs.
2026-10-03 16:27:59 | READ | Song | Fetching all songs.
2026-10-03 16:27:59 | READ | Song | Fetching all songs.
2026-10-03 16:27:59 | READ | Song | Fetching all songs.
2026-10-03 16:27:59 | READ | Song | Fetching all songs.
2026-10-03 16:27:59 | READ | Song | Fetching all songs.
2026-10-03 16:27:59 | READ | Song | Fetching all songs.
2026-10-03 16:27:59 | READ | Song | Fetching all songs.
2026-10-03 16:27:59 | READ | Song | Fetching all songs.
2026-10-03 16:27:59 | READ | Song | Fetching all songs.
2026-10-03 16:27:59 | READ | Song | Fetching all songs.
2026-10-03 16:27:59 | READ | Song | Fetching all songs.
2026-10-03 16:27:59 | READ | Song | Fetching data connected to Song with Id: 1 | Results: 6
2026-10-03 16:27:59 | READ | Song | Fetching data connected to Song with Id: 1 | Results: 6
2026-10-03 16:27:59 | READ | Song | Fetching data connected to Song with Id: 1 | Results: 6
2026-10-03 16:27:59 | READ | Song | Fetching all songs.
2026-10-03 16:27:59 | READ | Song | Fetching data connected to Song with Id: 1 | Results: 6
2026-10-03 16:27:59 | READ | Song | Fetching all songs.
2026-10-03 16:27:59 | READ | Song | Fetching data connected to Song with Id: 2 | Results: 6
2026-10-03 16:27:59 | READ | Song | Fetching data connected to Song with Id: 2 | Results: 6
2026-10-03 16:27:59 | READ | Song | Fetching data connected to Song with Id: 1 | Results: 6
2026-10-03 16:27:59 | READ | Song | Fetching data connected to Song with Id: 3 | Results: 6
2026-10-03 16:27:59 | READ | Song | Fetching data connected to Song with Id: 3 | Results: 6
2026-10-03 16:27:59 | READ | Song | Fetching data connected to Song with Id: 2 | Results: 6
2026-10-03 16:27:59 | READ | Song | Fetching data connected to Song with Id: 1 | Results: 6
2026-10-03 16:27:59 | READ | Song | Fetching data connected to Song with Id: 1 | Results: 6
2026-10-03 16:27:59 | READ | Song | Fetching data connected to Song with Id: 1 | Results: 6
2026-10-03 16:27:59 | READ | Song | Fetching all songs.
2026-10-03 16:27:59 | READ | Song | Fetching all songs.
2026-10-03 16:27:59 | READ | Song | Fetching data connected to Song with Id: 4 | Results: 6
2026-10-03 16:27:59 | READ | Song | Fetching data connected to Song with Id: 3 | Results: 6
2026-10-03 16:27:59 | READ | Song | Fetching data connected to Song with Id: 4 | Results: 6
2026-10-03 16:27:59 | READ | Song | Fetching data connected to Song with Id: 1 | Results: 6
2026-10-03 16:27:59 | READ | Song | Fetching data connected to Song with Id: 2 | Results: 6
2026-10-03 16:27:59 | READ | Song | Fetching data connected to Song with Id: 5 | Results: 6
2026-10-03 16:27:59 | READ | Song | Fetching data connected to Song with Id: 4 | Results: 6
2026-10-03 16:27:59 | READ | Song | Fetching data connected to Song with Id: 2 | Results: 6
2026-10-03 16:27:59 | READ | Song | Fetching data connected to Song with Id: 1 | Results: 6
2026-10-03 16:27:59 | READ | Song | Fetching data connected to Song with Id: 2 | Results: 6
2026-10-03 16:27:59 | READ | Song | Fetching data connected to Song with Id: 1 | Results: 6
2026-10-03 16:27:59 | READ | Song | Fetching data connected to Song with Id: 6 | Results: 4
2026-10-03 16:27:59 | READ | Song | Fetching data connected to Song with Id: 1 | Results: 6
2026-10-03 16:27:59 | READ | Song | Fetching data connected to Song with Id: 5 | Results: 6
2026-10-03 16:27:59 | READ | Song | Fetching data connected to Song with Id: 3 | Results: 6
2026-10-03 16:27:59 | READ | Song | Fetching data connected to Song with Id: 7 | Results: 4
2026-10-03 16:27:59 | READ | Song | Fetching data connected to Song with Id: 1 | Results: 6
2026-10-03 16:27:59 | READ | Song | Fetching data connected to Song with Id: 2 | Results: 6
2026-10-03 16:27:59 | READ | Song | Fetching data connected to Song with Id: 2 | Results: 6
2026-10-03 16:27:59 | READ | Song | Fetching data connected to Song with Id: 2 | Results: 6
2026-10-03 16:27:59 | READ | Song | Fetching data connected to Song with Id: 6 | Results: 4
2026-10-03 16:27:59 | READ | Song | Fetching data connected to Song with Id: 3 | Results: 6
2026-10-03 16:27:59 | READ | Song | Fetching data connected to Song with Id: 1 | Results: 6
2026-10-03 16:27:59 | READ | Song | Fetching data connected to Song with Id: 8 | Results: 8
2026-10-03 16:27:59 | READ | Song | Fetching data connected to Song with Id: 2 | Results: 6
2026-10-03 16:27:59 | READ | Song | Fetching data connected to Song with Id: 3 | Results: 6
2026-10-03 16:27:59 | READ | Song | Fetching data connected to Song with Id: 7 | Results: 4
2026-10-03 16:27:59 | READ | Song | Fetching data connected to Song with Id: 3 | Results: 6
2026-10-03 16:27:59 | READ | Song | Fetching data connected to Song with Id: 2 | Results: 6
2026-10-03 16:27:59 | READ | Song | Fetching data connected to Song with Id: 9 | Results: 6
2026-10-03 16:27:59 | READ | Song | Fetching data connected to Song with Id: 3 | Results: 6
2026-10-03 16:27:59 | READ | Song | Fetching data connected to Song with Id: 3 | Results: 6
2026-10-03 16:27:59 | READ | Song | Fetching data connected to Song with Id: 8 | Results: 8
2026-10-03 16:27:59 | READ | Song | Fetching data connected to Song with Id: 3 | Results: 6
2026-10-03 16:27:59 | READ | Song | Fetching data connected to Song with Id: 4 | Results: 6
2026-10-03 16:27:59 | READ | Song | Fetching data connected to Song with Id: 10 | Results: 6
2026-10-03 16:27:59 | READ | Song | Fetching data connected to Song with Id: 4 | Results: 6
2026-10-03 16:27:59 | READ | Song | Fetching data connected to Song with Id: 4 | Results: 6
2026-10-03 16:27:59 | READ | Song | Fetching data connected to Song with Id: 4 | Results: 6
2026-10-03 16:27:59 | READ | Song | Fetching data connected to Song with Id: 2 | Results: 6
2026-10-03 16:27:59 | READ | Song | Fetching data connected to Song with Id: 4 | Results: 6
2026-10-03 16:27:59 | READ | Song | Fetching data connected to Song with Id: 4 | Results: 6
2026-10-03 16:27:59 | READ | Song | Fetching data connected to Song with Id: 5 | Results: 6
2026-10-03 16:27:59 | READ | Song | Fetching data connected to Song with Id: 9 | Results: 6
2026-10-03 16:27:59 | READ | Song | Fetching data connected to Song with Id: 4 | Results: 6
2026-10-03 16:27:59 | READ | Song | Fetching data connected to Song with Id: 11 | Results: 6
2026-10-03 16:27:59 | READ | Song | Fetching data connected to Song with Id: 5 | Results: 6
2026-10-03 16:27:59 | READ | Song | Fetching data connected to Song with Id: 5 | Results: 6
2026-10-03 16:27:59 | READ | Song | Fetching data connected to Song with Id: 3 | Results: 6
2026-10-03 16:27:59 | READ | Song | Fetching data connected to Song with Id: 5 | Results: 6
2026-10-03 16:27:59 | READ | Song | Fetching data connected to Song with Id: 5 | Results: 6
2026-10-03 16:27:59 | READ | Song | Fetching data connected to Song with Id: 5 | Results: 6
2026-10-03 16:27:59 | READ | Song | Fetching data connected to Song with Id: 6 | Results: 4
2026-10-03 16:27:59 | READ | Song | Fetching data connected to Song with Id: 6 | Results: 4
2026-10-03 16:27:59 | READ | Song | Fetching data connected to Song with Id: 10 | Results: 6
2026-10-03 16:27:59 | READ | Song | Fetching data connected to Song with Id: 12 | Results: 6
2026-10-03 16:27:59 | READ | Song | Fetching data connected to Song with Id: 6 | Results: 4
2026-10-03 16:27:59 | READ | Song | Fetching data connected to Song with Id: 4 | Results: 6
2026-10-03 16:27:59 | READ | Song | Fetching data connected to Song with Id: 7 | Results: 4
2026-10-03 16:27:59 | READ | Song | Fetching data connected to Song with Id: 6 | Results: 4
2026-10-03 16:27:59 | READ | Song | Fetching data connected to Song with Id: 5 | Results: 6
2026-10-03 16:27:59 | READ | Song | Fetching data connected to Song with Id: 7 | Results: 4
2026-10-03 16:27:59 | READ | Song | Fetching data connected to Song with Id: 6 | Results: 4
2026-10-03 16:27:59 | READ | Song | Fetching data connected to Song with Id: 6 | Results: 4
2026-10-03 16:27:59 | READ | Song | Fetching data connected to Song with Id: 5 | Results: 6
2026-10-03 16:27:59 | READ | Song | Fetching data connected to Song with Id: 11 | Results: 6
2026-10-03 16:27:59 | READ | Song | Fetching data connected to Song with Id: 7 | Results: 4
2026-10-03 16:27:59 | READ | Song | Fetching data connected to Song with Id: 13 | Results: 6
2026-10-03 16:27:59 | READ | Song | Fetching data connected to Song with Id: 7 | Results: 4
2026-10-03 16:27:59 | READ | Song | Fetching data connected to Song with Id: 8 | Results: 8
2026-10-03 16:27:59 | READ | Song | Fetching data connected to Song with Id: 8 | Results: 8
2026-10-03 16:27:59 | READ | Song | Fetching data connected to Song with Id: 7 | Results: 4
2026-10-03 16:27:59 | READ | Song | Fetching data connected to Song with Id: 6 | Results: 4
2026-10-03 16:27:59 | READ | Song | Fetching data connected to Song with Id: 6 | Results: 4
2026-10-03 16:27:59 | READ | Song | Fetching data connected to Song with Id: 7 | Results: 4
2026-10-03 16:27:59 | READ | Song | Fetching data connected to Song with Id: 9 | Results: 6
2026-10-03 16:27:59 | READ | Song | Fetching data connected to Song with Id: 8 | Results: 8
2026-10-03 16:27:59 | READ | Song | Fetching data connected to Song with Id: 12 | Results: 6
2026-10-03 16:27:59 | READ | Song | Fetching data connected to Song with Id: 14 | Results: 6
2026-10-03 16:27:59 | READ | Song | Fetching data connected to Song with Id: 9 | Results: 6
2026-10-03 16:27:59 | READ | Song | Fetching data connected to Song with Id: 8 | Results: 8
2026-10-03 16:27:59 | READ | Song | Fetching data connected to Song with Id: 8 | Results: 8
2026-10-03 16:27:59 | READ | Song | Fetching data connected to Song with Id: 7 | Results: 4
2026-10-03 16:27:59 | READ | Song | Fetching data connected to Song with Id: 7 | Results: 4
2026-10-03 16:27:59 | READ | Song | Fetching data connected to Song with Id: 8 | Results: 8
2026-10-03 16:27:59 | READ | Song | Fetching data connected to Song with Id: 10 | Results: 6
2026-10-03 16:27:59 | READ | Song | Fetching data connected to Song with Id: 9 | Results: 6
2026-10-03 16:27:59 | READ | Song | Fetching data connected to Song with Id: 13 | Results: 6
2026-10-03 16:27:59 | READ | Song | Fetching data connected to Song with Id: 15 | Results: 6
2026-10-03 16:27:59 | READ | Song | Fetching data connected to Song with Id: 10 | Results: 6
2026-10-03 16:27:59 | READ | Song | Fetching data connected to Song with Id: 9 | Results: 6
2026-10-03 16:27:59 | READ | Song | Fetching data connected to Song with Id: 8 | Results: 8
2026-10-03 16:27:59 | READ | Song | Fetching data connected to Song with Id: 9 | Results: 6
2026-10-03 16:27:59 | READ | Song | Fetching data connected to Song with Id: 11 | Results: 6
2026-10-03 16:27:59 | READ | Song | Fetching data connected to Song with Id: 14 | Results: 6
2026-10-03 16:27:59 | READ | Song | Fetching data connected to Song with Id: 9 | Results: 6
2026-10-03 16:27:59 | READ | Song | Fetching data connected to Song with Id: 10 | Results: 6
2026-10-03 16:27:59 | READ | Song | Fetching data connected to Song with Id: 11 | Results: 6
2026-10-03 16:27:59 | READ | Song | Fetching data connected to Song with Id: 16 | Results: 6
2026-10-03 16:27:59 | READ | Song | Fetching data connected to Song with Id: 8 | Results: 8
2026-10-03 16:27:59 | READ | Song | Fetching data connected to Song with Id: 12 | Results: 6
2026-10-03 16:27:59 | READ | Song | Fetching data connected to Song with Id: 9 | Results: 6
2026-10-03 16:27:59 | READ | Song | Fetching data connected to Song with Id: 10 | Results: 6
2026-10-03 16:27:59 | READ | Song | Fetching data connected to Song with Id: 10 | Results: 6
2026-10-03 16:27:59 | READ | Song | Fetching data connected to Song with Id: 15 | Results: 6
2026-10-03 16:27:59 | READ | Song | Fetching data connected to Song with Id: 10 | Results: 6
2026-10-03 16:27:59 | READ | Song | Fetching data connected to Song with Id: 11 | Results: 6
2026-10-03 16:27:59 | READ | Song | Fetching data connected to Song with Id: 17 | Results: 6
2026-10-03 16:27:59 | READ | Song | Fetching data connected to Song with Id: 10 | Results: 6
2026-10-03 16:27:59 | READ | Song | Fetching data connected to Song with Id: 13 | Results: 6
2026-10-03 16:27:59 | READ | Song | Fetching data connected to Song with Id: 12 | Results: 6
2026-10-03 16:27:59 | READ | Song | Fetching data connected to Song with Id: 16 | Results: 6
2026-10-03 16:27:59 | READ | Song | Fetching data connected to Song with Id: 11 | Results: 6
2026-10-03 16:27:59 | READ | Song | Fetching data connected to Song with Id: 11 | Results: 6
2026-10-03 16:27:59 | READ | Song | Fetching data connected to Song with Id: 11 | Results: 6
2026-10-03 16:27:59 | READ | Song | Fetching data connected to Song with Id: 12 | Results: 6
2026-10-03 16:27:59 | READ | Song | Fetching data connected to Song with Id: 11 | Results: 6
2026-10-03 16:27:59 | READ | Song | Fetching data connected to Song with Id: 18 | Results: 6
2026-10-03 16:27:59 | READ | Song | Fetching data connected to Song with Id: 9 | Results: 6
2026-10-03 16:27:59 | READ | Song | Fetching data connected to Song with Id: 14 | Results: 6
2026-10-03 16:27:59 | READ | Song | Fetching data connected to Song with Id: 17 | Results: 6
2026-10-03 16:27:59 | READ | Song | Fetching data connected to Song with Id: 13 | Results: 6
2026-10-03 16:27:59 | READ | Song | Fetching data connected to Song with Id: 12 | Results: 6
2026-10-03 16:27:59 | READ | Song | Fetching data connected to Song with Id: 12 | Results: 6
2026-10-03 16:27:59 | READ | Song | Fetching data connected to Song with Id: 12 | Results: 6
2026-10-03 16:27:59 | READ | Song | Fetching data connected to Song with Id: 13 | Results: 6
2026-10-03 16:27:59 | READ | Song | Fetching data connected to Song with Id: 15 | Results: 6
2026-10-03 16:27:59 | READ | Song | Fetching data connected to Song with Id: 12 | Results: 6
2026-10-03 16:27:59 | READ | Song | Fetching data connected to Song with Id: 18 | Results: 6
2026-10-03 16:27:59 | READ | Song | Fetching data connected to Song with Id: 19 | Results: 4
2026-10-03 16:27:59 | READ | Song | Fetching data connected to Song with Id: 14 | Results: 6
2026-10-03 16:27:59 | READ | Song | Fetching data connected to Song with Id: 13 | Results: 6
2026-10-03 16:27:59 | READ | Song | Fetching data connected to Song with Id: 13 | Results: 6
2026-10-03 16:27:59 | READ | Song | Fetching data connected to Song with Id: 13 | Results: 6
2026-10-03 16:27:59 | READ | Song | Fetching data connected to Song with Id: 14 | Results: 6
2026-10-03 16:27:59 | READ | Song | Fetching data connected to Song with Id: 16 | Results: 6
2026-10-03 16:27:59 | READ | Song | Fetching data connected to Song with Id: 10 | Results: 6
2026-10-03 16:27:59 | READ | Song | Fetching data connected to Song with Id: 20 | Results: 6
2026-10-03 16:27:59 | READ | Song | Fetching data connected to Song with Id: 19 | Results: 4
2026-10-03 16:27:59 | READ | Song | Fetching data connected to Song with Id: 15 | Results: 6
2026-10-03 16:27:59 | READ | Song | Fetching data connected to Song with Id: 13 | Results: 6
2026-10-03 16:27:59 | READ | Song | Fetching data connected to Song with Id: 14 | Results: 6
2026-10-03 16:27:59 | READ | Song | Fetching data connected to Song with Id: 14 | Results: 6
2026-10-03 16:27:59 | READ | Song | Fetching data connected to Song with Id: 14 | Results: 6
2026-10-03 16:27:59 | READ | Song | Fetching data connected to Song with Id: 15 | Results: 6
2026-10-03 16:27:59 | READ | Song | Fetching data connected to Song with Id: 17 | Results: 6
2026-10-03 16:27:59 | READ | Song | Fetching data connected to Song with Id: 21 | Results: 4
2026-10-03 16:27:59 | READ | Song | Fetching data connected to Song with Id: 20 | Results: 6
2026-10-03 16:27:59 | READ | Song | Fetching data connected to Song with Id: 11 | Results: 6
2026-10-03 16:27:59 | READ | Song | Fetching data connected to Song with Id: 16 | Results: 6
2026-10-03 16:27:59 | READ | Song | Fetching data connected to Song with Id: 15 | Results: 6
2026-10-03 16:27:59 | READ | Song | Fetching data connected to Song with Id: 14 | Results: 6
2026-10-03 16:27:59 | READ | Song | Fetching data connected to Song with Id: 16 | Results: 6
2026-10-03 16:27:59 | READ | Song | Fetching data connected to Song with Id: 15 | Results: 6
2026-10-03 16:27:59 | READ | Song | Fetching data connected to Song with Id: 18 | Results: 6
2026-10-03 16:27:59 | READ | Song | Fetching data connected to Song with Id: 15 | Results: 6
2026-10-03 16:27:59 | READ | Song | Fetching data connected to Song with Id: 22 | Results: 6
2026-10-03 16:27:59 | READ | Song | Fetching data connected to Song with Id: 12 | Results: 6
2026-10-03 16:27:59 | READ | Song | Fetching data connected to Song with Id: 21 | Results: 4
2026-10-03 16:27:59 | READ | Song | Fetching data connected to Song with Id: 17 | Results: 6
2026-10-03 16:27:59 | READ | Song | Fetching data connected to Song with Id: 16 | Results: 6
2026-10-03 16:27:59 | READ | Song | Fetching data connected to Song with Id: 17 | Results: 6
2026-10-03 16:27:59 | READ | Song | Fetching data connected to Song with Id: 16 | Results: 6
2026-10-03 16:27:59 | READ | Song | Fetching data connected to Song with Id: 15 | Results: 6
2026-10-03 16:27:59 | READ | Song | Fetching data connected to Song with Id: 19 | Results: 4
2026-10-03 16:27:59 | READ | Song | Fetching data connected to Song with Id: 16 | Results: 6
2026-10-03 16:27:59 | READ | Song | Fetching data connected to Song with Id: 23 | Results: 6
2026-10-03 16:27:59 | READ | Song | Fetching data connected to Song with Id: 22 | Results: 6
2026-10-03 16:27:59 | READ | Song | Fetching data connected to Song with Id: 18 | Results: 6
2026-10-03 16:27:59 | READ | Song | Fetching data connected to Song with Id: 17 | Results: 6
2026-10-03 16:27:59 | READ | Song | Fetching data connected to Song with Id: 18 | Results: 6
2026-10-03 16:27:59 | READ | Song | Fetching data connected to Song with Id: 17 | Results: 6
2026-10-03 16:27:59 | READ | Song | Fetching data connected to Song with Id: 13 | Results: 6
2026-10-03 16:27:59 | READ | Song | Fetching data connected to Song with Id: 24 | Results: 6
2026-10-03 16:27:59 | READ | Song | Fetching data connected to Song with Id: 1 | Results: 6
2026-10-03 16:27:59 | READ | Song | Fetching data connected to Song with Id: 17 | Results: 6
2026-10-03 16:27:59 | READ | Song | Fetching data connected to Song with Id: 20 | Results: 6
2026-10-03 16:27:59 | READ | Song | Fetching data connected to Song with Id: 23 | Results: 6
2026-10-03 16:27:59 | READ | Song | Fetching data connected to Song with Id: 16 | Results: 6
2026-10-03 16:27:59 | READ | Song | Fetching data connected to Song with Id: 18 | Results: 6
2026-10-03 16:27:59 | READ | Song | Fetching data connected to Song with Id: 19 | Results: 4
2026-10-03 16:27:59 | READ | Song | Fetching data connected to Song with Id: 19 | Results: 4
2026-10-03 16:27:59 | READ | Song | Fetching data connected to Song with Id: 25 | Results: 6
2026-10-03 16:27:59 | READ | Song | Fetching data connected to Song with Id: 2 | Results: 6
2026-10-03 16:27:59 | READ | Song | Fetching data connected to Song with Id: 5 | Results: 6
2026-10-03 16:27:59 | READ | Song | Fetching data connected to Song with Id: 14 | Results: 6
2026-10-03 16:27:59 | READ | Song | Fetching data connected to Song with Id: 18 | Results: 6
2026-10-03 16:27:59 | READ | Song | Fetching data connected to Song with Id: 21 | Results: 4
2026-10-03 16:27:59 | READ | Song | Fetching data connected to Song with Id: 24 | Results: 6
2026-10-03 16:27:59 | READ | Song | Fetching data connected to Song with Id: 2 | Results: 6
2026-10-03 16:27:59 | READ | Song | Fetching data connected to Song with Id: 18 | Results: 6
2026-10-03 16:27:59 | READ | Song | Fetching data connected to Song with Id: 17 | Results: 6
2026-10-03 16:27:59 | READ | Song | Fetching data connected to Song with Id: 3 | Results: 6
2026-10-03 16:27:59 | READ | Song | Fetching data connected to Song with Id: 19 | Results: 4
2026-10-03 16:27:59 | READ | Song | Fetching data connected to Song with Id: 6 | Results: 4
2026-10-03 16:27:59 | READ | Song | Fetching data connected to Song with Id: 2 | Results: 6
2026-10-03 16:27:59 | READ | Song | Fetching data connected to Song with Id: 22 | Results: 6
2026-10-03 16:27:59 | READ | Song | Fetching data connected to Song with Id: 19 | Results: 4
2026-10-03 16:27:59 | READ | Song | Fetching data connected to Song with Id: 3 | Results: 6
2026-10-03 16:27:59 | READ | Song | Fetching data connected to Song with Id: 20 | Results: 6
2026-10-03 16:27:59 | READ | Song | Fetching data connected to Song with Id: 26 | Results: 6
2026-10-03 16:27:59 | READ | Song | Fetching data connected to Song with Id: 1 | Results: 6
2026-10-03 16:27:59 | READ | Song | Fetching data connected to Song with Id: 20 | Results: 6
2026-10-03 16:27:59 | READ | Song | Fetching data connected to Song with Id: 4 | Results: 6
2026-10-03 16:27:59 | READ | Song | Fetching data connected to Song with Id: 20 | Results: 6
2026-10-03 16:27:59 | READ | Song | Fetching data connected to Song with Id: 3 | Results: 6
2026-10-03 16:27:59 | READ | Song | Fetching data connected to Song with Id: 25 | Results: 6
2026-10-03 16:27:59 | READ | Song | Fetching data connected to Song with Id: 23 | Results: 6
2026-10-03 16:27:59 | READ | Song | Fetching data connected to Song with Id: 4 | Results: 6
2026-10-03 16:27:59 | READ | Song | Fetching data connected to Song with Id: 18 | Results: 6
2026-10-03 16:27:59 | READ | Song | Fetching data connected to Song with Id: 15 | Results: 6
2026-10-03 16:27:59 | READ | Song | Fetching data connected to Song with Id: 7 | Results: 4
2026-10-03 16:27:59 | READ | Song | Fetching data connected to Song with Id: 20 | Results: 6
2026-10-03 16:27:59 | READ | Song | Fetching data connected to Song with Id: 21 | Results: 4
2026-10-03 16:27:59 | READ | Song | Fetching data connected to Song with Id: 21 | Results: 4
2026-10-03 16:27:59 | READ | Song | Fetching data connected to Song with Id: 5 | Results: 6
2026-10-03 16:27:59 | READ | Song | Fetching data connected to Song with Id: 27 | Results: 6
2026-10-03 16:27:59 | READ | Song | Fetching data connected to Song with Id: 3 | Results: 6
2026-10-03 16:27:59 | READ | Song | Fetching data connected to Song with Id: 21 | Results: 4
2026-10-03 16:27:59 | READ | Song | Fetching data connected to Song with Id: 24 | Results: 6
2026-10-03 16:27:59 | READ | Song | Fetching data connected to Song with Id: 2 | Results: 6
2026-10-03 16:27:59 | READ | Song | Fetching data connected to Song with Id: 26 | Results: 6
2026-10-03 16:27:59 | READ | Song | Fetching data connected to Song with Id: 4 | Results: 6
2026-10-03 16:27:59 | READ | Song | Fetching data connected to Song with Id: 22 | Results: 6
2026-10-03 16:27:59 | READ | Song | Fetching data connected to Song with Id: 19 | Results: 4
2026-10-03 16:27:59 | READ | Song | Fetching data connected to Song with Id: 22 | Results: 6
2026-10-03 16:27:59 | READ | Song | Fetching data connected to Song with Id: 22 | Results: 6
2026-10-03 16:27:59 | READ | Song | Fetching data connected to Song with Id: 16 | Results: 6
2026-10-03 16:27:59 | READ | Song | Fetching data connected to Song with Id: 8 | Results: 8
2026-10-03 16:27:59 | READ | Song | Fetching data connected to Song with Id: 21 | Results: 4
2026-10-03 16:27:59 | READ | Song | Fetching data connected to Song with Id: 6 | Results: 4
2026-10-03 16:27:59 | READ | Song | Fetching data connected to Song with Id: 49 | Results: 4
2026-10-03 16:27:59 | READ | Song | Fetching data connected to Song with Id: 5 | Results: 6
2026-10-03 16:27:59 | READ | Song | Fetching data connected to Song with Id: 4 | Results: 6
2026-10-03 16:27:59 | READ | Song | Fetching data connected to Song with Id: 25 | Results: 6
2026-10-03 16:27:59 | READ | Song | Fetching data connected to Song with Id: 19 | Results: 4
2026-10-03 16:27:59 | READ | Song | Fetching data connected to Song with Id: 27 | Results: 6
2026-10-03 16:27:59 | READ | Song | Fetching data connected to Song with Id: 3 | Results: 6
2026-10-03 16:27:59 | READ | Song | Fetching data connected to Song with Id: 23 | Results: 6
2026-10-03 16:27:59 | READ | Song | Fetching data connected to Song with Id: 5 | Results: 6
2026-10-03 16:27:59 | READ | Song | Fetching data connected to Song with Id: 20 | Results: 6
2026-10-03 16:27:59 | READ | Song | Fetching data connected to Song with Id: 23 | Results: 6
2026-10-03 16:27:59 | READ | Song | Fetching data connected to Song with Id: 9 | Results: 6
2026-10-03 16:27:59 | READ | Song | Fetching data connected to Song with Id: 22 | Results: 6
2026-10-03 16:27:59 | READ | Song | Fetching data connected to Song with Id: 7 | Results: 4
2026-10-03 16:27:59 | READ | Song | Fetching all songs.
2026-10-03 16:27:59 | READ | Song | Fetching data connected to Song with Id: 17 | Results: 6
2026-10-03 16:27:59 | READ | Song | Fetching data connected to Song with Id: 23 | Results: 6
2026-10-03 16:27:59 | READ | Song | Fetching data connected to Song with Id: 26 | Results: 6
2026-10-03 16:27:59 | READ | Song | Fetching data connected to Song with Id: 20 | Results: 6
2026-10-03 16:27:59 | READ | Song | Fetching data connected to Song with Id: 49 | Results: 4
2026-10-03 16:27:59 | READ | Song | Fetching data connected to Song with Id: 24 | Results: 6
2026-10-03 16:27:59 | READ | Song | Fetching data connected to Song with Id: 10 | Results: 6
2026-10-03 16:27:59 | READ | Song | Fetching data connected to Song with Id: 4 | Results: 6
2026-10-03 16:27:59 | READ | Song | Fetching data connected to Song with Id: 6 | Results: 4
2026-10-03 16:27:59 | READ | Song | Fetching data connected to Song with Id: 21 | Results: 4
2026-10-03 16:27:59 | READ | Song | Fetching data connected to Song with Id: 5 | Results: 6
2026-10-03 16:27:59 | READ | Song | Fetching data connected to Song with Id: 23 | Results: 6
2026-10-03 16:27:59 | READ | Song | Fetching data connected to Song with Id: 18 | Results: 6
2026-10-03 16:27:59 | READ | Song | Fetching data connected to Song with Id: 24 | Results: 6
2026-10-03 16:27:59 | READ | Song | Fetching data connected to Song with Id: 6 | Results: 4
2026-10-03 16:27:59 | READ | Song | Fetching data connected to Song with Id: 24 | Results: 6
2026-10-03 16:27:59 | READ | Song | Fetching data connected to Song with Id: 27 | Results: 6
2026-10-03 16:27:59 | READ | Song | Fetching data connected to Song with Id: 8 | Results: 8
2026-10-03 16:27:59 | READ | Song | Fetching data connected to Song with Id: 1 | Results: 6
2026-10-03 16:27:59 | READ | Song | Fetching data connected to Song with Id: 21 | Results: 4
2026-10-03 16:27:59 | READ | Song | Fetching data connected to Song with Id: 25 | Results: 6
2026-10-03 16:27:59 | READ | Song | Fetching data connected to Song with Id: 11 | Results: 6
2026-10-03 16:27:59 | READ | Song | Fetching data connected to Song with Id: 5 | Results: 6
2026-10-03 16:27:59 | READ | Song | Fetching data connected to Song with Id: 22 | Results: 6
2026-10-03 16:27:59 | READ | Song | Fetching data connected to Song with Id: 19 | Results: 4
2026-10-03 16:27:59 | READ | Song | Fetching data connected to Song with Id: 24 | Results: 6
2026-10-03 16:27:59 | READ | Song | Fetching data connected to Song with Id: 7 | Results: 4
2026-10-03 16:27:59 | READ | Song | Fetching data connected to Song with Id: 25 | Results: 6
2026-10-03 16:27:59 | READ | Song | Fetching data connected to Song with Id: 7 | Results: 4
2026-10-03 16:27:59 | READ | Song | Fetching data connected to Song with Id: 22 | Results: 6
2026-10-03 16:27:59 | READ | Song | Fetching data connected to Song with Id: 49 | Results: 4
2026-10-03 16:27:59 | READ | Song | Fetching data connected to Song with Id: 9 | Results: 6
2026-10-03 16:27:59 | READ | Song | Fetching data connected to Song with Id: 2 | Results: 6
2026-10-03 16:27:59 | READ | Song | Fetching data connected to Song with Id: 26 | Results: 6
2026-10-03 16:27:59 | READ | Song | Fetching data connected to Song with Id: 6 | Results: 4
2026-10-03 16:27:59 | READ | Song | Fetching data connected to Song with Id: 12 | Results: 6
2026-10-03 16:27:59 | READ | Song | Fetching data connected to Song with Id: 25 | Results: 6
2026-10-03 16:27:59 | READ | Song | Fetching data connected to Song with Id: 6 | Results: 4
2026-10-03 16:27:59 | READ | Song | Fetching data connected to Song with Id: 23 | Results: 6
2026-10-03 16:27:59 | READ | Song | Fetching data connected to Song with Id: 20 | Results: 6
2026-10-03 16:27:59 | READ | Song | Fetching data connected to Song with Id: 25 | Results: 6
2026-10-03 16:27:59 | READ | Song | Fetching data connected to Song with Id: 8 | Results: 8
2026-10-03 16:27:59 | READ | Song | Fetching data connected to Song with Id: 26 | Results: 6
2026-10-03 16:27:59 | READ | Song | Fetching data connected to Song with Id: 8 | Results: 8
2026-10-03 16:27:59 | READ | Song | Fetching data connected to Song with Id: 26 | Results: 6
2026-10-03 16:27:59 | READ | Song | Fetching data connected to Song with Id: 10 | Results: 6
2026-10-03 16:27:59 | READ | Song | Fetching data connected to Song with Id: 3 | Results: 6
2026-10-03 16:27:59 | READ | Song | Fetching all songs.
2026-10-03 16:27:59 | READ | Song | Fetching data connected to Song with Id: 27 | Results: 6
2026-10-03 16:27:59 | READ | Song | Fetching data connected to Song with Id: 7 | Results: 4
2026-10-03 16:27:59 | READ | Song | Fetching data connected to Song with Id: 13 | Results: 6
2026-10-03 16:27:59 | READ | Song | Fetching data connected to Song with Id: 23 | Results: 6
2026-10-03 16:27:59 | READ | Song | Fetching data connected to Song with Id: 7 | Results: 4
2026-10-03 16:27:59 | READ | Song | Fetching data connected to Song with Id: 21 | Results: 4
2026-10-03 16:27:59 | READ | Song | Fetching data connected to Song with Id: 24 | Results: 6
2026-10-03 16:27:59 | READ | Song | Fetching data connected to Song with Id: 26 | Results: 6
2026-10-03 16:27:59 | READ | Song | Fetching data connected to Song with Id: 9 | Results: 6
2026-10-03 16:27:59 | READ | Song | Fetching data connected to Song with Id: 27 | Results: 6
2026-10-03 16:27:59 | READ | Song | Fetching data connected to Song with Id: 9 | Results: 6
2026-10-03 16:27:59 | READ | Song | Fetching data connected to Song with Id: 27 | Results: 6
2026-10-03 16:27:59 | READ | Song | Fetching data connected to Song with Id: 24 | Results: 6
2026-10-03 16:27:59 | READ | Song | Fetching data connected to Song with Id: 22 | Results: 6
2026-10-03 16:27:59 | READ | Song | Fetching data connected to Song with Id: 14 | Results: 6
2026-10-03 16:27:59 | READ | Song | Fetching data connected to Song with Id: 1 | Results: 6
2026-10-03 16:28:01 | READ | Song | Fetching data connected to Song with Id: 10 | Results: 6
2026-10-03 16:28:01 | READ | Song | Fetching data connected to Song with Id: 27 | Results: 6
2026-10-03 16:27:59 | READ | Song | Fetching data connected to Song with Id: 8 | Results: 8
2026-10-03 16:27:59 | READ | Song | Fetching data connected to Song with Id: 11 | Results: 6
2026-10-03 16:27:59 | READ | Song | Fetching data connected to Song with Id: 8 | Results: 8
2026-10-03 16:27:59 | READ | Song | Fetching data connected to Song with Id: 49 | Results: 4
2026-10-03 16:28:01 | READ | Song | Fetching data connected to Song with Id: 15 | Results: 6
2026-10-03 16:28:01 | READ | Song | Fetching data connected to Song with Id: 23 | Results: 6
2026-10-03 16:28:01 | READ | Song | Fetching data connected to Song with Id: 2 | Results: 6
2026-10-03 16:27:59 | READ | Song | Fetching data connected to Song with Id: 4 | Results: 6
2026-10-03 16:28:01 | READ | Song | Fetching data connected to Song with Id: 49 | Results: 4
2026-10-03 16:28:01 | READ | Song | Fetching data connected to Song with Id: 11 | Results: 6
2026-10-03 16:28:01 | READ | Song | Fetching data connected to Song with Id: 49 | Results: 4
2026-10-03 16:28:01 | READ | Song | Fetching data connected to Song with Id: 25 | Results: 6
2026-10-03 16:28:01 | READ | Song | Fetching data connected to Song with Id: 49 | Results: 4
2026-10-03 16:28:01 | READ | Song | Fetching all songs.
2026-10-03 16:27:59 | READ | Song | Fetching data connected to Song with Id: 25 | Results: 6
2026-10-03 16:28:01 | READ | Song | Fetching data connected to Song with Id: 9 | Results: 6
2026-10-03 16:28:01 | READ | Song | Fetching data connected to Song with Id: 12 | Results: 6
2026-10-03 16:28:01 | READ | Song | Fetching data connected to Song with Id: 12 | Results: 6
2026-10-03 16:28:01 | READ | Song | Fetching all songs.
2026-10-03 16:28:01 | READ | Song | Fetching data connected to Song with Id: 16 | Results: 6
2026-10-03 16:28:01 | READ | Song | Fetching all songs.
2026-10-03 16:28:01 | READ | Song | Fetching data connected to Song with Id: 9 | Results: 6
2026-10-03 16:28:01 | READ | Song | Fetching all songs.
2026-10-03 16:28:01 | READ | Song | Fetching data connected to Song with Id: 10 | Results: 6
2026-10-03 16:28:01 | READ | Song | Fetching data connected to Song with Id: 13 | Results: 6
2026-10-03 16:28:01 | READ | Song | Fetching data connected to Song with Id: 13 | Results: 6
2026-10-03 16:28:01 | READ | Song | Fetching data connected to Song with Id: 5 | Results: 6
2026-10-03 16:28:01 | READ | Song | Fetching data connected to Song with Id: 17 | Results: 6
2026-10-03 16:28:01 | READ | Song | Fetching data connected to Song with Id: 26 | Results: 6
2026-10-03 16:28:01 | READ | Song | Fetching data connected to Song with Id: 3 | Results: 6
2026-10-03 16:28:01 | READ | Song | Fetching data connected to Song with Id: 24 | Results: 6
2026-10-03 16:28:01 | READ | Song | Fetching data connected to Song with Id: 1 | Results: 6
2026-10-03 16:28:01 | READ | Song | Fetching data connected to Song with Id: 10 | Results: 6
2026-10-03 16:28:01 | READ | Song | Fetching all songs.
2026-10-03 16:28:01 | READ | Song | Fetching data connected to Song with Id: 26 | Results: 6
2026-10-03 16:28:01 | READ | Song | Fetching all songs.
2026-10-03 16:28:01 | READ | Song | Fetching data connected to Song with Id: 1 | Results: 6
2026-10-03 16:28:01 | READ | Song | Fetching data connected to Song with Id: 10 | Results: 6
2026-10-03 16:28:01 | READ | Song | Fetching data connected to Song with Id: 11 | Results: 6
2026-10-03 16:28:01 | READ | Song | Fetching data connected to Song with Id: 1 | Results: 6
2026-10-03 16:28:01 | READ | Song | Fetching data connected to Song with Id: 14 | Results: 6
2026-10-03 16:28:01 | READ | Song | Fetching data connected to Song with Id: 14 | Results: 6
2026-10-03 16:28:01 | READ | Song | Fetching data connected to Song with Id: 6 | Results: 4
2026-10-03 16:28:01 | READ | Song | Fetching data connected to Song with Id: 18 | Results: 6
2026-10-03 16:28:01 | READ | Song | Fetching data connected to Song with Id: 1 | Results: 6
2026-10-03 16:28:01 | READ | Song | Fetching data connected to Song with Id: 27 | Results: 6
2026-10-03 16:28:01 | READ | Song | Fetching data connected to Song with Id: 4 | Results: 6
2026-10-03 16:28:01 | READ | Song | Fetching data connected to Song with Id: 2 | Results: 6
2026-10-03 16:28:01 | READ | Song | Fetching data connected to Song with Id: 2 | Results: 6
2026-10-03 16:28:01 | READ | Song | Fetching data connected to Song with Id: 11 | Results: 6
2026-10-03 16:28:01 | READ | Song | Fetching data connected to Song with Id: 27 | Results: 6
2026-10-03 16:28:01 | READ | Song | Fetching data connected to Song with Id: 2 | Results: 6
2026-10-03 16:28:01 | READ | Song | Fetching data connected to Song with Id: 1 | Results: 6
2026-10-03 16:28:01 | READ | Song | Fetching data connected to Song with Id: 11 | Results: 6
2026-10-03 16:28:01 | READ | Song | Fetching data connected to Song with Id: 12 | Results: 6
2026-10-03 16:28:01 | READ | Song | Fetching data connected to Song with Id: 25 | Results: 6
2026-10-03 16:28:01 | READ | Song | Fetching data connected to Song with Id: 1 | Results: 6
2026-10-03 16:28:01 | READ | Song | Fetching data connected to Song with Id: 15 | Results: 6
2026-10-03 16:28:01 | READ | Song | Fetching data connected to Song with Id: 15 | Results: 6
2026-10-03 16:28:01 | READ | Song | Fetching data connected to Song with Id: 7 | Results: 4
2026-10-03 16:28:01 | READ | Song | Fetching data connected to Song with Id: 19 | Results: 4
2026-10-03 16:28:01 | READ | Song | Fetching data connected to Song with Id: 2 | Results: 6
2026-10-03 16:28:01 | READ | Song | Fetching data connected to Song with Id: 12 | Results: 6
2026-10-03 16:28:01 | READ | Song | Fetching data connected to Song with Id: 5 | Results: 6
2026-10-03 16:28:01 | READ | Song | Fetching data connected to Song with Id: 3 | Results: 6
2026-10-03 16:28:01 | READ | Song | Fetching data connected to Song with Id: 3 | Results: 6
2026-10-03 16:28:01 | READ | Song | Fetching data connected to Song with Id: 12 | Results: 6
2026-10-03 16:28:01 | READ | Song | Fetching data connected to Song with Id: 16 | Results: 6
2026-10-03 16:28:01 | READ | Song | Fetching data connected to Song with Id: 3 | Results: 6
2026-10-03 16:28:01 | READ | Song | Fetching data connected to Song with Id: 2 | Results: 6
2026-10-03 16:28:01 | READ | Song | Fetching data connected to Song with Id: 3 | Results: 6
2026-10-03 16:28:01 | READ | Song | Fetching data connected to Song with Id: 13 | Results: 6
2026-10-03 16:28:01 | READ | Song | Fetching data connected to Song with Id: 16 | Results: 6
2026-10-03 16:28:01 | READ | Song | Fetching data connected to Song with Id: 2 | Results: 6
2026-10-03 16:28:01 | READ | Song | Fetching data connected to Song with Id: 13 | Results: 6
2026-10-03 16:28:01 | READ | Song | Fetching data connected to Song with Id: 17 | Results: 6
2026-10-03 16:28:01 | READ | Song | Fetching data connected to Song with Id: 8 | Results: 8
2026-10-03 16:28:01 | READ | Song | Fetching data connected to Song with Id: 20 | Results: 6
2026-10-03 16:28:01 | READ | Song | Fetching data connected to Song with Id: 49 | Results: 4
2026-10-03 16:28:01 | READ | Song | Fetching data connected to Song with Id: 6 | Results: 4
2026-10-03 16:28:01 | READ | Song | Fetching data connected to Song with Id: 4 | Results: 6
2026-10-03 16:28:01 | READ | Song | Fetching data connected to Song with Id: 4 | Results: 6
2026-10-03 16:28:01 | READ | Song | Fetching data connected to Song with Id: 13 | Results: 6
2026-10-03 16:28:01 | READ | Song | Fetching data connected to Song with Id: 26 | Results: 6
2026-10-03 16:28:01 | READ | Song | Fetching data connected to Song with Id: 49 | Results: 4
2026-10-03 16:28:01 | READ | Song | Fetching data connected to Song with Id: 4 | Results: 6
2026-10-03 16:28:01 | READ | Song | Fetching data connected to Song with Id: 3 | Results: 6
2026-10-03 16:28:01 | READ | Song | Fetching data connected to Song with Id: 4 | Results: 6
2026-10-03 16:28:01 | READ | Song | Fetching data connected to Song with Id: 5 | Results: 6
2026-10-03 16:28:01 | READ | Song | Fetching data connected to Song with Id: 17 | Results: 6
2026-10-03 16:28:01 | READ | Song | Fetching data connected to Song with Id: 3 | Results: 6
2026-10-03 16:28:01 | READ | Song | Fetching data connected to Song with Id: 14 | Results: 6
2026-10-03 16:28:01 | READ | Song | Fetching data connected to Song with Id: 18 | Results: 6
2026-10-03 16:28:01 | READ | Song | Fetching data connected to Song with Id: 9 | Results: 6
2026-10-03 16:28:01 | READ | Song | Fetching data connected to Song with Id: 21 | Results: 4
2026-10-03 16:28:01 | READ | Song | Fetching data connected to Song with Id: 7 | Results: 4
2026-10-03 16:28:01 | READ | Song | Fetching data connected to Song with Id: 5 | Results: 6
2026-10-03 16:28:01 | READ | Song | Fetching data connected to Song with Id: 14 | Results: 6
2026-10-03 16:28:01 | READ | Song | Fetching data connected to Song with Id: 14 | Results: 6
2026-10-03 16:28:01 | READ | Song | Fetching data connected to Song with Id: 15 | Results: 6
2026-10-03 16:28:01 | READ | Song | Fetching data connected to Song with Id: 27 | Results: 6
2026-10-03 16:28:01 | READ | Song | Fetching data connected to Song with Id: 5 | Results: 6
2026-10-03 16:28:01 | READ | Song | Fetching all songs.
2026-10-03 16:28:01 | READ | Song | Fetching data connected to Song with Id: 4 | Results: 6
2026-10-03 16:28:01 | READ | Song | Fetching data connected to Song with Id: 5 | Results: 6
2026-10-03 16:28:01 | READ | Song | Fetching data connected to Song with Id: 6 | Results: 4
2026-10-03 16:28:01 | READ | Song | Fetching data connected to Song with Id: 18 | Results: 6
2026-10-03 16:28:01 | READ | Song | Fetching data connected to Song with Id: 4 | Results: 6
2026-10-03 16:28:01 | READ | Song | Fetching data connected to Song with Id: 19 | Results: 4
2026-10-03 16:28:01 | READ | Song | Fetching data connected to Song with Id: 10 | Results: 6
2026-10-03 16:28:01 | READ | Song | Fetching data connected to Song with Id: 22 | Results: 6
2026-10-03 16:28:01 | READ | Song | Fetching data connected to Song with Id: 8 | Results: 8
2026-10-03 16:28:01 | READ | Song | Fetching data connected to Song with Id: 6 | Results: 4
2026-10-03 16:28:01 | READ | Song | Fetching data connected to Song with Id: 15 | Results: 6
2026-10-03 16:28:01 | READ | Song | Fetching data connected to Song with Id: 15 | Results: 6
2026-10-03 16:28:01 | READ | Song | Fetching data connected to Song with Id: 16 | Results: 6
2026-10-03 16:28:01 | READ | Song | Fetching data connected to Song with Id: 6 | Results: 4
2026-10-03 16:28:01 | READ | Song | Fetching data connected to Song with Id: 49 | Results: 4
2026-10-03 16:28:01 | READ | Song | Fetching data connected to Song with Id: 5 | Results: 6
2026-10-03 16:28:01 | READ | Song | Fetching data connected to Song with Id: 6 | Results: 4
2026-10-03 16:28:01 | READ | Song | Fetching data connected to Song with Id: 7 | Results: 4
2026-10-03 16:28:01 | READ | Song | Fetching data connected to Song with Id: 19 | Results: 4
2026-10-03 16:28:01 | READ | Song | Fetching data connected to Song with Id: 5 | Results: 6
2026-10-03 16:28:01 | READ | Song | Fetching data connected to Song with Id: 1 | Results: 6
2026-10-03 16:28:01 | READ | Song | Fetching data connected to Song with Id: 20 | Results: 6
2026-10-03 16:28:01 | READ | Song | Fetching data connected to Song with Id: 11 | Results: 6
2026-10-03 16:28:01 | READ | Song | Fetching data connected to Song with Id: 23 | Results: 6
2026-10-03 16:28:01 | READ | Song | Fetching data connected to Song with Id: 7 | Results: 4
2026-10-03 16:28:01 | READ | Song | Fetching all songs.
2026-10-03 16:28:01 | READ | Song | Fetching data connected to Song with Id: 7 | Results: 4
2026-10-03 16:28:01 | READ | Song | Fetching data connected to Song with Id: 16 | Results: 6
2026-10-03 16:28:01 | READ | Song | Fetching data connected to Song with Id: 17 | Results: 6
2026-10-03 16:28:01 | READ | Song | Fetching data connected to Song with Id: 16 | Results: 6
2026-10-03 16:28:01 | READ | Song | Fetching data connected to Song with Id: 12 | Results: 6
2026-10-03 16:28:01 | READ | Song | Fetching data connected to Song with Id: 6 | Results: 4
2026-10-03 16:28:01 | READ | Song | Fetching data connected to Song with Id: 9 | Results: 6
2026-10-03 16:28:01 | READ | Song | Fetching data connected to Song with Id: 8 | Results: 8
2026-10-03 16:28:01 | READ | Song | Fetching data connected to Song with Id: 20 | Results: 6
2026-10-03 16:28:01 | READ | Song | Fetching data connected to Song with Id: 6 | Results: 4
2026-10-03 16:28:01 | READ | Song | Fetching data connected to Song with Id: 21 | Results: 4
2026-10-03 16:28:01 | READ | Song | Fetching data connected to Song with Id: 2 | Results: 6
2026-10-03 16:28:01 | READ | Song | Fetching data connected to Song with Id: 7 | Results: 4
2026-10-03 16:28:01 | READ | Song | Fetching data connected to Song with Id: 24 | Results: 6
2026-10-03 16:28:01 | READ | Song | Fetching data connected to Song with Id: 9 | Results: 6
2026-10-03 16:28:01 | READ | Song | Fetching data connected to Song with Id: 8 | Results: 8
2026-10-03 16:28:01 | READ | Song | Fetching data connected to Song with Id: 8 | Results: 8
2026-10-03 16:28:01 | READ | Song | Fetching data connected to Song with Id: 18 | Results: 6
2026-10-03 16:28:01 | READ | Song | Fetching data connected to Song with Id: 17 | Results: 6
2026-10-03 16:28:01 | READ | Song | Fetching all songs.
2026-10-03 16:28:01 | READ | Song | Fetching data connected to Song with Id: 13 | Results: 6
2026-10-03 16:28:01 | READ | Song | Fetching data connected to Song with Id: 17 | Results: 6
2026-10-03 16:28:01 | READ | Song | Fetching data connected to Song with Id: 7 | Results: 4
2026-10-03 16:28:01 | READ | Song | Fetching data connected to Song with Id: 10 | Results: 6
2026-10-03 16:28:01 | READ | Song | Fetching data connected to Song with Id: 21 | Results: 4
2026-10-03 16:28:01 | READ | Song | Fetching data connected to Song with Id: 7 | Results: 4
2026-10-03 16:28:01 | READ | Song | Fetching data connected to Song with Id: 22 | Results: 6
2026-10-03 16:28:01 | READ | Song | Fetching data connected to Song with Id: 8 | Results: 8
2026-10-03 16:28:01 | READ | Song | Fetching data connected to Song with Id: 25 | Results: 6
2026-10-03 16:28:01 | READ | Song | Fetching data connected to Song with Id: 10 | Results: 6
2026-10-03 16:28:01 | READ | Song | Fetching data connected to Song with Id: 14 | Results: 6
2026-10-03 16:28:01 | READ | Song | Fetching data connected to Song with Id: 9 | Results: 6
2026-10-03 16:28:01 | READ | Song | Fetching data connected to Song with Id: 9 | Results: 6
2026-10-03 16:28:01 | READ | Song | Fetching data connected to Song with Id: 19 | Results: 4
2026-10-03 16:28:01 | READ | Song | Fetching data connected to Song with Id: 18 | Results: 6
2026-10-03 16:28:01 | READ | Song | Fetching data connected to Song with Id: 23 | Results: 6
2026-10-03 16:28:01 | READ | Song | Fetching data connected to Song with Id: 9 | Results: 6
2026-10-03 16:28:01 | READ | Song | Fetching data connected to Song with Id: 8 | Results: 8
2026-10-03 16:28:01 | READ | Song | Fetching data connected to Song with Id: 18 | Results: 6
2026-10-03 16:28:01 | READ | Song | Fetching data connected to Song with Id: 8 | Results: 8
2026-10-03 16:28:01 | READ | Song | Fetching data connected to Song with Id: 11 | Results: 6
2026-10-03 16:28:01 | READ | Song | Fetching data connected to Song with Id: 22 | Results: 6
2026-10-03 16:28:01 | READ | Song | Fetching data connected to Song with Id: 3 | Results: 6
2026-10-03 16:28:01 | READ | Song | Fetching data connected to Song with Id: 11 | Results: 6
2026-10-03 16:28:01 | READ | Song | Fetching data connected to Song with Id: 19 | Results: 4
2026-10-03 16:28:01 | READ | Song | Fetching data connected to Song with Id: 1 | Results: 6
2026-10-03 16:28:01 | READ | Song | Fetching data connected to Song with Id: 9 | Results: 6
2026-10-03 16:28:01 | READ | Song | Fetching data connected to Song with Id: 26 | Results: 6
2026-10-03 16:28:01 | READ | Song | Fetching data connected to Song with Id: 15 | Results: 6
2026-10-03 16:28:01 | READ | Song | Fetching data connected to Song with Id: 10 | Results: 6
2026-10-03 16:28:01 | READ | Song | Fetching data connected to Song with Id: 10 | Results: 6
2026-10-03 16:28:01 | READ | Song | Fetching data connected to Song with Id: 20 | Results: 6
2026-10-03 16:28:01 | READ | Song | Fetching data connected to Song with Id: 10 | Results: 6
2026-10-03 16:28:01 | READ | Song | Fetching data connected to Song with Id: 24 | Results: 6
2026-10-03 16:28:01 | READ | Song | Fetching data connected to Song with Id: 1 | Results: 6
2026-10-03 16:28:01 | READ | Song | Fetching data connected to Song with Id: 9 | Results: 6
2026-10-03 16:28:01 | READ | Song | Fetching data connected to Song with Id: 19 | Results: 4
2026-10-03 16:28:01 | READ | Song | Fetching data connected to Song with Id: 12 | Results: 6
2026-10-03 16:28:01 | READ | Song | Fetching data connected to Song with Id: 23 | Results: 6
2026-10-03 16:28:01 | READ | Song | Fetching data connected to Song with Id: 4 | Results: 6
2026-10-03 16:28:01 | READ | Song | Fetching data connected to Song with Id: 20 | Results: 6
2026-10-03 16:28:01 | READ | Song | Fetching data connected to Song with Id: 11 | Results: 6
2026-10-03 16:28:01 | READ | Song | Fetching data connected to Song with Id: 27 | Results: 6
2026-10-03 16:28:01 | READ | Song | Fetching data connected to Song with Id: 2 | Results: 6
2026-10-03 16:28:01 | READ | Song | Fetching data connected to Song with Id: 10 | Results: 6
2026-10-03 16:28:01 | READ | Song | Fetching data connected to Song with Id: 11 | Results: 6
2026-10-03 16:28:01 | READ | Song | Fetching data connected to Song with Id: 16 | Results: 6
2026-10-03 16:28:01 | READ | Song | Fetching data connected to Song with Id: 21 | Results: 4
2026-10-03 16:28:01 | READ | Song | Fetching data connected to Song with Id: 11 | Results: 6
2026-10-03 16:28:01 | READ | Song | Fetching data connected to Song with Id: 25 | Results: 6
2026-10-03 16:28:01 | READ | Song | Fetching data connected to Song with Id: 12 | Results: 6
2026-10-03 16:28:01 | READ | Song | Fetching data connected to Song with Id: 2 | Results: 6
2026-10-03 16:28:01 | READ | Song | Fetching data connected to Song with Id: 10 | Results: 6
2026-10-03 16:28:01 | READ | Song | Fetching data connected to Song with Id: 20 | Results: 6
2026-10-03 16:28:01 | READ | Song | Fetching data connected to Song with Id: 13 | Results: 6
2026-10-03 16:28:01 | READ | Song | Fetching data connected to Song with Id: 24 | Results: 6
2026-10-03 16:28:01 | READ | Song | Fetching data connected to Song with Id: 5 | Results: 6
2026-10-03 16:28:01 | READ | Song | Fetching data connected to Song with Id: 21 | Results: 4
2026-10-03 16:28:01 | READ | Song | Fetching data connected to Song with Id: 12 | Results: 6
2026-10-03 16:28:01 | READ | Song | Fetching data connected to Song with Id: 49 | Results: 4
2026-10-03 16:28:01 | READ | Song | Fetching data connected to Song with Id: 11 | Results: 6
2026-10-03 16:28:01 | READ | Song | Fetching data connected to Song with Id: 11 | Results: 6
2026-10-03 16:28:01 | READ | Song | Fetching data connected to Song with Id: 3 | Results: 6
2026-10-03 16:28:01 | READ | Song | Fetching data connected to Song with Id: 25 | Results: 6
2026-10-03 16:28:01 | READ | Song | Fetching data connected to Song with Id: 17 | Results: 6
2026-10-03 16:28:01 | READ | Song | Fetching data connected to Song with Id: 12 | Results: 6
2026-10-03 16:28:01 | READ | Song | Fetching data connected to Song with Id: 22 | Results: 6
2026-10-03 16:28:01 | READ | Song | Fetching data connected to Song with Id: 13 | Results: 6
2026-10-03 16:28:01 | READ | Song | Fetching data connected to Song with Id: 26 | Results: 6
2026-10-03 16:28:01 | READ | Song | Fetching data connected to Song with Id: 3 | Results: 6
2026-10-03 16:28:01 | READ | Song | Fetching data connected to Song with Id: 12 | Results: 6
2026-10-03 16:28:01 | READ | Song | Fetching data connected to Song with Id: 21 | Results: 4
2026-10-03 16:28:01 | READ | Song | Fetching data connected to Song with Id: 14 | Results: 6
2026-10-03 16:28:01 | READ | Song | Fetching data connected to Song with Id: 22 | Results: 6
2026-10-03 16:28:01 | READ | Song | Fetching data connected to Song with Id: 6 | Results: 4
2026-10-03 16:28:01 | READ | Song | Fetching data connected to Song with Id: 13 | Results: 6
2026-10-03 16:28:01 | READ | Song | Fetching data connected to Song with Id: 12 | Results: 6
2026-10-03 16:28:01 | READ | Song | Fetching data connected to Song with Id: 12 | Results: 6
2026-10-03 16:28:01 | READ | Song | Fetching data connected to Song with Id: 4 | Results: 6
2026-10-03 16:28:01 | READ | Song | Fetching data connected to Song with Id: 18 | Results: 6
2026-10-03 16:28:01 | READ | Song | Fetching data connected to Song with Id: 26 | Results: 6
2026-10-03 16:28:01 | READ | Song | Fetching data connected to Song with Id: 13 | Results: 6
2026-10-03 16:28:01 | READ | Song | Fetching data connected to Song with Id: 23 | Results: 6
2026-10-03 16:28:01 | READ | Song | Fetching data connected to Song with Id: 14 | Results: 6
2026-10-03 16:28:01 | READ | Song | Fetching data connected to Song with Id: 27 | Results: 6
2026-10-03 16:28:01 | READ | Song | Fetching data connected to Song with Id: 4 | Results: 6
2026-10-03 16:28:01 | READ | Song | Fetching data connected to Song with Id: 13 | Results: 6
2026-10-03 16:28:01 | READ | Song | Fetching data connected to Song with Id: 22 | Results: 6
2026-10-03 16:28:01 | READ | Song | Fetching data connected to Song with Id: 15 | Results: 6
2026-10-03 16:28:01 | READ | Song | Fetching data connected to Song with Id: 23 | Results: 6
2026-10-03 16:28:01 | READ | Song | Fetching data connected to Song with Id: 7 | Results: 4
2026-10-03 16:28:01 | READ | Song | Fetching data connected to Song with Id: 14 | Results: 6
2026-10-03 16:28:01 | READ | Song | Fetching data connected to Song with Id: 13 | Results: 6
2026-10-03 16:28:01 | READ | Song | Fetching data connected to Song with Id: 13 | Results: 6
2026-10-03 16:28:01 | READ | Song | Fetching data connected to Song with Id: 5 | Results: 6
2026-10-03 16:28:01 | READ | Song | Fetching data connected to Song with Id: 19 | Results: 4
2026-10-03 16:28:01 | READ | Song | Fetching data connected to Song with Id: 27 | Results: 6
2026-10-03 16:28:01 | READ | Song | Fetching data connected to Song with Id: 14 | Results: 6
2026-10-03 16:28:01 | READ | Song | Fetching data connected to Song with Id: 24 | Results: 6
2026-10-03 16:28:01 | READ | Song | Fetching data connected to Song with Id: 15 | Results: 6
2026-10-03 16:28:01 | READ | Song | Fetching data connected to Song with Id: 49 | Results: 4
2026-10-03 16:28:01 | READ | Song | Fetching data connected to Song with Id: 5 | Results: 6
2026-10-03 16:28:01 | READ | Song | Fetching data connected to Song with Id: 14 | Results: 6
2026-10-03 16:28:01 | READ | Song | Fetching data connected to Song with Id: 23 | Results: 6
2026-10-03 16:28:01 | READ | Song | Fetching data connected to Song with Id: 16 | Results: 6
2026-10-03 16:28:01 | READ | Song | Fetching data connected to Song with Id: 24 | Results: 6
2026-10-03 16:28:01 | READ | Song | Fetching data connected to Song with Id: 16 | Results: 6
2026-10-03 16:28:01 | READ | Song | Fetching all songs.
2026-10-03 16:28:01 | READ | Song | Fetching data connected to Song with Id: 15 | Results: 6
2026-10-03 16:28:01 | READ | Song | Fetching data connected to Song with Id: 15 | Results: 6
2026-10-03 16:28:01 | READ | Song | Fetching data connected to Song with Id: 8 | Results: 8
2026-10-03 16:28:01 | READ | Song | Fetching data connected to Song with Id: 25 | Results: 6
2026-10-03 16:28:01 | READ | Song | Fetching data connected to Song with Id: 14 | Results: 6
2026-10-03 16:28:01 | READ | Song | Fetching data connected to Song with Id: 14 | Results: 6
2026-10-03 16:28:01 | READ | Song | Fetching data connected to Song with Id: 20 | Results: 6
2026-10-03 16:28:01 | READ | Song | Fetching data connected to Song with Id: 49 | Results: 4
2026-10-03 16:28:01 | READ | Song | Fetching data connected to Song with Id: 16 | Results: 6
2026-10-03 16:28:01 | READ | Song | Fetching data connected to Song with Id: 6 | Results: 4
2026-10-03 16:28:01 | READ | Song | Fetching data connected to Song with Id: 15 | Results: 6
2026-10-03 16:28:01 | READ | Song | Fetching data connected to Song with Id: 25 | Results: 6
2026-10-03 16:28:01 | READ | Song | Fetching data connected to Song with Id: 17 | Results: 6
2026-10-03 16:28:01 | READ | Song | Fetching data connected to Song with Id: 6 | Results: 4
2026-10-03 16:28:01 | READ | Song | Fetching data connected to Song with Id: 24 | Results: 6
2026-10-03 16:28:01 | READ | Song | Fetching data connected to Song with Id: 17 | Results: 6
2026-10-03 16:28:01 | READ | Song | Fetching data connected to Song with Id: 16 | Results: 6
2026-10-03 16:28:01 | READ | Song | Fetching all songs.
2026-10-03 16:28:01 | READ | Song | Fetching data connected to Song with Id: 26 | Results: 6
2026-10-03 16:28:01 | READ | Song | Fetching data connected to Song with Id: 9 | Results: 6
2026-10-03 16:28:01 | READ | Song | Fetching data connected to Song with Id: 1 | Results: 6
2026-10-03 16:28:01 | READ | Song | Fetching data connected to Song with Id: 15 | Results: 6
2026-10-03 16:28:01 | READ | Song | Fetching data connected to Song with Id: 21 | Results: 4
2026-10-03 16:28:01 | READ | Song | Fetching data connected to Song with Id: 18 | Results: 6
2026-10-03 16:28:01 | READ | Song | Fetching data connected to Song with Id: 17 | Results: 6
2026-10-03 16:28:01 | READ | Song | Fetching data connected to Song with Id: 7 | Results: 4
2026-10-03 16:28:01 | READ | Song | Fetching data connected to Song with Id: 16 | Results: 6
2026-10-03 16:28:01 | READ | Song | Fetching data connected to Song with Id: 18 | Results: 6
2026-10-03 16:28:01 | READ | Song | Fetching data connected to Song with Id: 7 | Results: 4
2026-10-03 16:28:01 | READ | Song | Fetching data connected to Song with Id: 15 | Results: 6
2026-10-03 16:28:01 | READ | Song | Fetching data connected to Song with Id: 17 | Results: 6
2026-10-03 16:28:01 | READ | Song | Fetching data connected to Song with Id: 27 | Results: 6
2026-10-03 16:28:01 | READ | Song | Fetching data connected to Song with Id: 16 | Results: 6
2026-10-03 16:28:01 | READ | Song | Fetching data connected to Song with Id: 22 | Results: 6
2026-10-03 16:28:01 | READ | Song | Fetching data connected to Song with Id: 2 | Results: 6
2026-10-03 16:28:01 | READ | Song | Fetching data connected to Song with Id: 19 | Results: 4
2026-10-03 16:28:01 | READ | Song | Fetching data connected to Song with Id: 1 | Results: 6
2026-10-03 16:28:01 | READ | Song | Fetching data connected to Song with Id: 18 | Results: 6
2026-10-03 16:28:01 | READ | Song | Fetching data connected to Song with Id: 10 | Results: 6
2026-10-03 16:28:01 | READ | Song | Fetching data connected to Song with Id: 26 | Results: 6
2026-10-03 16:28:01 | READ | Song | Fetching data connected to Song with Id: 19 | Results: 4
2026-10-03 16:28:01 | READ | Song | Fetching data connected to Song with Id: 17 | Results: 6
2026-10-03 16:28:01 | READ | Song | Fetching data connected to Song with Id: 8 | Results: 8
2026-10-03 16:28:01 | READ | Song | Fetching data connected to Song with Id: 18 | Results: 6
2026-10-03 16:28:01 | READ | Song | Fetching data connected to Song with Id: 49 | Results: 4
2026-10-03 16:28:01 | READ | Song | Fetching data connected to Song with Id: 8 | Results: 8
2026-10-03 16:28:01 | READ | Song | Fetching data connected to Song with Id: 17 | Results: 6
2026-10-03 16:28:01 | READ | Song | Fetching data connected to Song with Id: 16 | Results: 6
2026-10-03 16:28:01 | READ | Song | Fetching data connected to Song with Id: 23 | Results: 6
2026-10-03 16:28:01 | READ | Song | Fetching data connected to Song with Id: 2 | Results: 6
2026-10-03 16:28:01 | READ | Song | Fetching data connected to Song with Id: 3 | Results: 6
2026-10-03 16:28:01 | READ | Song | Fetching data connected to Song with Id: 20 | Results: 6
2026-10-03 16:28:01 | READ | Song | Fetching data connected to Song with Id: 27 | Results: 6
2026-10-03 16:28:01 | READ | Song | Fetching data connected to Song with Id: 19 | Results: 4
2026-10-03 16:28:01 | READ | Song | Fetching data connected to Song with Id: 20 | Results: 6
2026-10-03 16:28:01 | READ | Song | Fetching data connected to Song with Id: 19 | Results: 4
2026-10-03 16:28:01 | READ | Song | Fetching data connected to Song with Id: 18 | Results: 6
2026-10-03 16:28:01 | READ | Song | Fetching data connected to Song with Id: 11 | Results: 6
2026-10-03 16:28:01 | READ | Song | Fetching data connected to Song with Id: 9 | Results: 6
2026-10-03 16:28:01 | READ | Song | Fetching data connected to Song with Id: 24 | Results: 6
2026-10-03 16:28:01 | READ | Song | Fetching data connected to Song with Id: 18 | Results: 6
2026-10-03 16:28:01 | READ | Song | Fetching data connected to Song with Id: 9 | Results: 6
2026-10-03 16:28:01 | READ | Song | Fetching data connected to Song with Id: 3 | Results: 6
2026-10-03 16:28:01 | READ | Song | Fetching data connected to Song with Id: 4 | Results: 6
2026-10-03 16:28:01 | READ | Song | Fetching data connected to Song with Id: 17 | Results: 6
2026-10-03 16:28:01 | READ | Song | Fetching data connected to Song with Id: 25 | Results: 6
2026-10-03 16:28:01 | READ | Song | Fetching data connected to Song with Id: 21 | Results: 4
2026-10-03 16:28:01 | READ | Song | Fetching data connected to Song with Id: 49 | Results: 4
2026-10-03 16:28:01 | READ | Song | Fetching data connected to Song with Id: 20 | Results: 6
2026-10-03 16:28:01 | READ | Song | Fetching data connected to Song with Id: 19 | Results: 4
2026-10-03 16:28:01 | READ | Song | Fetching data connected to Song with Id: 21 | Results: 4
2026-10-03 16:28:01 | READ | Song | Fetching data connected to Song with Id: 20 | Results: 6
2026-10-03 16:28:01 | READ | Song | Fetching data connected to Song with Id: 25 | Results: 6
2026-10-03 16:28:01 | READ | Song | Fetching data connected to Song with Id: 5 | Results: 6
2026-10-03 16:28:01 | READ | Song | Fetching data connected to Song with Id: 19 | Results: 4
2026-10-03 16:28:01 | READ | Song | Fetching data connected to Song with Id: 4 | Results: 6
2026-10-03 16:28:01 | READ | Song | Fetching data connected to Song with Id: 10 | Results: 6
2026-10-03 16:28:01 | READ | Song | Fetching data connected to Song with Id: 12 | Results: 6
2026-10-03 16:28:01 | READ | Song | Fetching data connected to Song with Id: 10 | Results: 6
2026-10-03 16:28:01 | READ | Song | Fetching data connected to Song with Id: 22 | Results: 6
2026-10-03 16:28:01 | READ | Song | Fetching data connected to Song with Id: 21 | Results: 4
2026-10-03 16:28:01 | READ | Song | Fetching data connected to Song with Id: 26 | Results: 6
2026-10-03 16:28:01 | READ | Song | Fetching data connected to Song with Id: 22 | Results: 6
2026-10-03 16:28:01 | READ | Song | Fetching data connected to Song with Id: 5 | Results: 6
2026-10-03 16:28:01 | READ | Song | Fetching data connected to Song with Id: 21 | Results: 4
2026-10-03 16:28:01 | READ | Song | Fetching data connected to Song with Id: 20 | Results: 6
2026-10-03 16:28:01 | READ | Song | Fetching data connected to Song with Id: 18 | Results: 6
2026-10-03 16:28:01 | READ | Song | Fetching data connected to Song with Id: 20 | Results: 6
2026-10-03 16:28:01 | READ | Song | Fetching data connected to Song with Id: 6 | Results: 4
2026-10-03 16:28:01 | READ | Song | Fetching data connected to Song with Id: 26 | Results: 6
2026-10-03 16:28:01 | READ | Song | Fetching data connected to Song with Id: 11 | Results: 6
2026-10-03 16:28:01 | READ | Song | Fetching data connected to Song with Id: 23 | Results: 6
2026-10-03 16:28:01 | READ | Song | Fetching data connected to Song with Id: 23 | Results: 6
2026-10-03 16:28:01 | READ | Song | Fetching data connected to Song with Id: 22 | Results: 6
2026-10-03 16:28:01 | READ | Song | Fetching data connected to Song with Id: 13 | Results: 6
2026-10-03 16:28:01 | READ | Song | Fetching data connected to Song with Id: 11 | Results: 6
2026-10-03 16:28:01 | READ | Song | Fetching data connected to Song with Id: 22 | Results: 6
2026-10-03 16:28:01 | READ | Song | Fetching data connected to Song with Id: 6 | Results: 4
2026-10-03 16:28:01 | READ | Song | Fetching data connected to Song with Id: 21 | Results: 4
2026-10-03 16:28:01 | READ | Song | Fetching data connected to Song with Id: 7 | Results: 4
2026-10-03 16:28:01 | READ | Song | Fetching data connected to Song with Id: 24 | Results: 6
2026-10-03 16:28:01 | READ | Song | Fetching data connected to Song with Id: 19 | Results: 4
2026-10-03 16:28:01 | READ | Song | Fetching data connected to Song with Id: 27 | Results: 6
2026-10-03 16:28:01 | READ | Song | Fetching data connected to Song with Id: 27 | Results: 6
2026-10-03 16:28:01 | READ | Song | Fetching data connected to Song with Id: 14 | Results: 6
2026-10-03 16:28:01 | READ | Song | Fetching data connected to Song with Id: 21 | Results: 4
2026-10-03 16:28:01 | READ | Song | Fetching data connected to Song with Id: 24 | Results: 6
2026-10-03 16:28:01 | READ | Song | Fetching data connected to Song with Id: 23 | Results: 6
2026-10-03 16:28:01 | READ | Song | Fetching data connected to Song with Id: 12 | Results: 6
2026-10-03 16:28:01 | READ | Song | Fetching data connected to Song with Id: 23 | Results: 6
2026-10-03 16:28:01 | READ | Song | Fetching data connected to Song with Id: 12 | Results: 6
2026-10-03 16:28:01 | READ | Song | Fetching data connected to Song with Id: 7 | Results: 4
2026-10-03 16:28:01 | READ | Song | Fetching data connected to Song with Id: 22 | Results: 6
2026-10-03 16:28:01 | READ | Song | Fetching data connected to Song with Id: 8 | Results: 8
2026-10-03 16:28:01 | READ | Song | Fetching data connected to Song with Id: 25 | Results: 6
2026-10-03 16:28:01 | READ | Song | Fetching data connected to Song with Id: 20 | Results: 6
2026-10-03 16:28:01 | READ | Song | Fetching data connected to Song with Id: 49 | Results: 4
2026-10-03 16:28:01 | READ | Song | Fetching data connected to Song with Id: 49 | Results: 4
2026-10-03 16:28:01 | READ | Song | Fetching data connected to Song with Id: 15 | Results: 6
2026-10-03 16:28:01 | READ | Song | Fetching data connected to Song with Id: 22 | Results: 6
2026-10-03 16:28:01 | READ | Song | Fetching data connected to Song with Id: 25 | Results: 6
2026-10-03 16:28:01 | READ | Song | Fetching data connected to Song with Id: 24 | Results: 6
2026-10-03 16:28:01 | READ | Song | Fetching data connected to Song with Id: 13 | Results: 6
2026-10-03 16:28:01 | READ | Song | Fetching data connected to Song with Id: 24 | Results: 6
2026-10-03 16:28:01 | READ | Song | Fetching data connected to Song with Id: 13 | Results: 6
2026-10-03 16:28:01 | READ | Song | Fetching data connected to Song with Id: 8 | Results: 8
2026-10-03 16:28:01 | READ | Song | Fetching data connected to Song with Id: 23 | Results: 6
2026-10-03 16:28:01 | READ | Song | Fetching data connected to Song with Id: 26 | Results: 6
2026-10-03 16:28:01 | READ | Song | Fetching data connected to Song with Id: 9 | Results: 6
2026-10-03 16:28:01 | READ | Song | Fetching data connected to Song with Id: 21 | Results: 4
2026-10-03 16:28:01 | READ | Song | Fetching data connected to Song with Id: 23 | Results: 6
2026-10-03 16:28:01 | READ | Song | Fetching data connected to Song with Id: 16 | Results: 6
2026-10-03 16:28:01 | READ | Song | Fetching data connected to Song with Id: 26 | Results: 6
2026-10-03 16:28:01 | READ | Song | Fetching data connected to Song with Id: 25 | Results: 6
2026-10-03 16:28:01 | READ | Song | Fetching data connected to Song with Id: 14 | Results: 6
2026-10-03 16:28:01 | READ | Song | Fetching data connected to Song with Id: 25 | Results: 6
2026-10-03 16:28:01 | READ | Song | Fetching data connected to Song with Id: 9 | Results: 6
2026-10-03 16:28:01 | READ | Song | Fetching data connected to Song with Id: 24 | Results: 6
2026-10-03 16:28:01 | READ | Song | Fetching data connected to Song with Id: 27 | Results: 6
2026-10-03 16:28:01 | READ | Song | Fetching data connected to Song with Id: 10 | Results: 6
2026-10-03 16:28:01 | READ | Song | Fetching data connected to Song with Id: 22 | Results: 6
2026-10-03 16:28:01 | READ | Song | Fetching data connected to Song with Id: 24 | Results: 6
2026-10-03 16:28:01 | READ | Song | Fetching data connected to Song with Id: 27 | Results: 6
2026-10-03 16:28:01 | READ | Song | Fetching data connected to Song with Id: 26 | Results: 6
2026-10-03 16:28:01 | READ | Song | Fetching data connected to Song with Id: 10 | Results: 6
2026-10-03 16:28:01 | READ | Song | Fetching data connected to Song with Id: 14 | Results: 6
2026-10-03 16:28:01 | READ | Song | Fetching data connected to Song with Id: 25 | Results: 6
2026-10-03 16:28:01 | READ | Song | Fetching data connected to Song with Id: 15 | Results: 6
2026-10-03 16:28:01 | READ | Song | Fetching data connected to Song with Id: 49 | Results: 4
2026-10-03 16:28:01 | READ | Song | Fetching data connected to Song with Id: 26 | Results: 6
2026-10-03 16:28:01 | READ | Song | Fetching data connected to Song with Id: 11 | Results: 6
2026-10-03 16:28:01 | READ | Song | Fetching data connected to Song with Id: 17 | Results: 6
2026-10-03 16:28:01 | READ | Song | Fetching data connected to Song with Id: 25 | Results: 6
2026-10-03 16:28:01 | READ | Song | Fetching data connected to Song with Id: 23 | Results: 6
2026-10-03 16:28:01 | READ | Song | Fetching data connected to Song with Id: 49 | Results: 4
2026-10-03 16:28:01 | READ | Song | Fetching data connected to Song with Id: 27 | Results: 6
2026-10-03 16:28:01 | READ | Song | Fetching data connected to Song with Id: 11 | Results: 6
2026-10-03 16:28:01 | READ | Song | Fetching data connected to Song with Id: 15 | Results: 6
2026-10-03 16:28:01 | READ | Song | Fetching data connected to Song with Id: 26 | Results: 6
2026-10-03 16:28:01 | READ | Song | Fetching data connected to Song with Id: 16 | Results: 6
2026-10-03 16:28:01 | READ | Song | Fetching data connected to Song with Id: 27 | Results: 6
2026-10-03 16:28:01 | READ | Song | Fetching data connected to Song with Id: 12 | Results: 6
2026-10-03 16:28:01 | READ | Song | Fetching data connected to Song with Id: 26 | Results: 6
2026-10-03 16:28:01 | READ | Song | Fetching data connected to Song with Id: 18 | Results: 6
2026-10-03 16:28:01 | READ | Song | Fetching all songs.
2026-10-03 16:28:01 | READ | Song | Fetching data connected to Song with Id: 24 | Results: 6
2026-10-03 16:28:01 | READ | Song | Fetching data connected to Song with Id: 49 | Results: 4
2026-10-03 16:28:01 | READ | Song | Fetching data connected to Song with Id: 12 | Results: 6
2026-10-03 16:28:01 | READ | Song | Fetching data connected to Song with Id: 27 | Results: 6
2026-10-03 16:28:01 | READ | Song | Fetching data connected to Song with Id: 13 | Results: 6
2026-10-03 16:28:01 | READ | Song | Fetching data connected to Song with Id: 49 | Results: 4
2026-10-03 16:28:01 | READ | Song | Fetching data connected to Song with Id: 16 | Results: 6
2026-10-03 16:28:01 | READ | Song | Fetching data connected to Song with Id: 27 | Results: 6
2026-10-03 16:28:01 | READ | Song | Fetching data connected to Song with Id: 17 | Results: 6
2026-10-03 16:28:01 | READ | Song | Fetching data connected to Song with Id: 19 | Results: 4
2026-10-03 16:28:01 | READ | Song | Fetching data connected to Song with Id: 25 | Results: 6
2026-10-03 16:28:01 | READ | Song | Fetching data connected to Song with Id: 13 | Results: 6
2026-10-03 16:28:01 | READ | Song | Fetching data connected to Song with Id: 1 | Results: 6
2026-10-03 16:28:01 | READ | Song | Fetching data connected to Song with Id: 49 | Results: 4
2026-10-03 16:28:01 | READ | Song | Fetching data connected to Song with Id: 14 | Results: 6
2026-10-03 16:28:01 | READ | Song | Fetching data connected to Song with Id: 49 | Results: 4
2026-10-03 16:28:01 | READ | Song | Fetching data connected to Song with Id: 17 | Results: 6
2026-10-03 16:28:01 | READ | Song | Fetching data connected to Song with Id: 18 | Results: 6
2026-10-03 16:28:01 | READ | Song | Fetching data connected to Song with Id: 14 | Results: 6
2026-10-03 16:28:01 | READ | Song | Fetching data connected to Song with Id: 20 | Results: 6
2026-10-03 16:28:01 | READ | Song | Fetching data connected to Song with Id: 26 | Results: 6
2026-10-03 16:28:01 | READ | Song | Fetching data connected to Song with Id: 2 | Results: 6
2026-10-03 16:28:01 | READ | Song | Fetching data connected to Song with Id: 15 | Results: 6
2026-10-03 16:28:01 | READ | Song | Fetching data connected to Song with Id: 18 | Results: 6
2026-10-03 16:28:01 | READ | Song | Fetching data connected to Song with Id: 19 | Results: 4
2026-10-03 16:28:01 | READ | Song | Fetching data connected to Song with Id: 15 | Results: 6
2026-10-03 16:28:01 | READ | Song | Fetching data connected to Song with Id: 21 | Results: 4
2026-10-03 16:28:01 | READ | Song | Fetching data connected to Song with Id: 3 | Results: 6
2026-10-03 16:28:01 | READ | Song | Fetching data connected to Song with Id: 16 | Results: 6
2026-10-03 16:28:01 | READ | Song | Fetching data connected to Song with Id: 27 | Results: 6
2026-10-03 16:28:01 | READ | Song | Fetching data connected to Song with Id: 20 | Results: 6
2026-10-03 16:28:01 | READ | Song | Fetching data connected to Song with Id: 19 | Results: 4
2026-10-03 16:28:01 | READ | Song | Fetching data connected to Song with Id: 16 | Results: 6
2026-10-03 16:28:01 | READ | Song | Fetching data connected to Song with Id: 4 | Results: 6
2026-10-03 16:28:01 | READ | Song | Fetching data connected to Song with Id: 22 | Results: 6
2026-10-03 16:28:01 | READ | Song | Fetching data connected to Song with Id: 49 | Results: 4
2026-10-03 16:28:01 | READ | Song | Fetching data connected to Song with Id: 17 | Results: 6
2026-10-03 16:28:01 | READ | Song | Fetching data connected to Song with Id: 21 | Results: 4
2026-10-03 16:28:01 | READ | Song | Fetching data connected to Song with Id: 20 | Results: 6
2026-10-03 16:28:01 | READ | Song | Fetching data connected to Song with Id: 17 | Results: 6
2026-10-03 16:28:01 | READ | Song | Fetching data connected to Song with Id: 5 | Results: 6
2026-10-03 16:28:01 | READ | Song | Fetching data connected to Song with Id: 23 | Results: 6
2026-10-03 16:28:01 | READ | Song | Fetching data connected to Song with Id: 18 | Results: 6
2026-10-03 16:28:01 | READ | Song | Fetching data connected to Song with Id: 22 | Results: 6
2026-10-03 16:28:01 | READ | Song | Fetching data connected to Song with Id: 18 | Results: 6
2026-10-03 16:28:01 | READ | Song | Fetching data connected to Song with Id: 6 | Results: 4
2026-10-03 16:28:01 | READ | Song | Fetching data connected to Song with Id: 21 | Results: 4
2026-10-03 16:28:01 | READ | Song | Fetching data connected to Song with Id: 24 | Results: 6
2026-10-03 16:28:01 | READ | Song | Fetching data connected to Song with Id: 19 | Results: 4
2026-10-03 16:28:01 | READ | Song | Fetching data connected to Song with Id: 19 | Results: 4
2026-10-03 16:28:01 | READ | Song | Fetching data connected to Song with Id: 23 | Results: 6
2026-10-03 16:28:01 | READ | Song | Fetching data connected to Song with Id: 7 | Results: 4
2026-10-03 16:28:01 | READ | Song | Fetching data connected to Song with Id: 22 | Results: 6
2026-10-03 16:28:01 | READ | Song | Fetching data connected to Song with Id: 20 | Results: 6
2026-10-03 16:28:01 | READ | Song | Fetching data connected to Song with Id: 25 | Results: 6
2026-10-03 16:28:01 | READ | Song | Fetching data connected to Song with Id: 20 | Results: 6
2026-10-03 16:28:02 | READ | Song | Fetching data connected to Song with Id: 8 | Results: 8
2026-10-03 16:28:02 | READ | Song | Fetching data connected to Song with Id: 24 | Results: 6
2026-10-03 16:28:02 | READ | Song | Fetching data connected to Song with Id: 23 | Results: 6
2026-10-03 16:28:02 | READ | Song | Fetching data connected to Song with Id: 21 | Results: 4
2026-10-03 16:28:02 | READ | Song | Fetching data connected to Song with Id: 26 | Results: 6
2026-10-03 16:28:02 | READ | Song | Fetching data connected to Song with Id: 21 | Results: 4
2026-10-03 16:28:02 | READ | Song | Fetching data connected to Song with Id: 9 | Results: 6
2026-10-03 16:28:02 | READ | Song | Fetching data connected to Song with Id: 25 | Results: 6
2026-10-03 16:28:02 | READ | Song | Fetching data connected to Song with Id: 24 | Results: 6
2026-10-03 16:28:02 | READ | Song | Fetching data connected to Song with Id: 22 | Results: 6
2026-10-03 16:28:02 | READ | Song | Fetching data connected to Song with Id: 27 | Results: 6
2026-10-03 16:28:02 | READ | Song | Fetching data connected to Song with Id: 22 | Results: 6
2026-10-03 16:28:02 | READ | Song | Fetching data connected to Song with Id: 10 | Results: 6
2026-10-03 16:28:02 | READ | Song | Fetching data connected to Song with Id: 26 | Results: 6
2026-10-03 16:28:02 | READ | Song | Fetching data connected to Song with Id: 25 | Results: 6
2026-10-03 16:28:02 | READ | Song | Fetching data connected to Song with Id: 23 | Results: 6
2026-10-03 16:28:02 | READ | Song | Fetching data connected to Song with Id: 49 | Results: 4
2026-10-03 16:28:02 | READ | Song | Fetching data connected to Song with Id: 23 | Results: 6
2026-10-03 16:28:02 | READ | Song | Fetching data connected to Song with Id: 11 | Results: 6
2026-10-03 16:28:02 | READ | Song | Fetching data connected to Song with Id: 27 | Results: 6
2026-10-03 16:28:02 | READ | Song | Fetching data connected to Song with Id: 26 | Results: 6
2026-10-03 16:28:02 | READ | Song | Fetching data connected to Song with Id: 24 | Results: 6
2026-10-03 16:28:02 | READ | Song | Fetching data connected to Song with Id: 24 | Results: 6
2026-10-03 16:28:02 | READ | Song | Fetching data connected to Song with Id: 12 | Results: 6
2026-10-03 16:28:02 | READ | Song | Fetching data connected to Song with Id: 49 | Results: 4
2026-10-03 16:28:02 | READ | Song | Fetching data connected to Song with Id: 27 | Results: 6
2026-10-03 16:28:02 | READ | Song | Fetching data connected to Song with Id: 25 | Results: 6
2026-10-03 16:28:02 | READ | Song | Fetching data connected to Song with Id: 25 | Results: 6
2026-10-03 16:28:02 | READ | Song | Fetching data connected to Song with Id: 13 | Results: 6
2026-10-03 16:28:02 | READ | Song | Fetching data connected to Song with Id: 49 | Results: 4
2026-10-03 16:28:02 | READ | Song | Fetching data connected to Song with Id: 26 | Results: 6
2026-10-03 16:28:02 | READ | Song | Fetching data connected to Song with Id: 26 | Results: 6
2026-10-03 16:28:02 | READ | Song | Fetching data connected to Song with Id: 14 | Results: 6
2026-10-03 16:28:02 | READ | Song | Fetching data connected to Song with Id: 27 | Results: 6
2026-10-03 16:28:02 | READ | Song | Fetching data connected to Song with Id: 27 | Results: 6
2026-10-03 16:28:02 | READ | Song | Fetching data connected to Song with Id: 15 | Results: 6
2026-10-03 16:28:02 | READ | Song | Fetching data connected to Song with Id: 49 | Results: 4
2026-10-03 16:28:02 | READ | Song | Fetching data connected to Song with Id: 49 | Results: 4
2026-10-03 16:28:02 | READ | Song | Fetching data connected to Song with Id: 16 | Results: 6
2026-10-03 16:28:02 | READ | Song | Fetching data connected to Song with Id: 17 | Results: 6
2026-10-03 16:28:02 | READ | Song | Fetching data connected to Song with Id: 18 | Results: 6
2026-10-03 16:28:02 | READ | Song | Fetching data connected to Song with Id: 19 | Results: 4
2026-10-03 16:28:02 | READ | Song | Fetching data connected to Song with Id: 20 | Results: 6
2026-10-03 16:28:02 | READ | Song | Fetching data connected to Song with Id: 21 | Results: 4
2026-10-03 16:28:02 | READ | Song | Fetching data connected to Song with Id: 22 | Results: 6
2026-10-03 16:28:02 | READ | Song | Fetching data connected to Song with Id: 23 | Results: 6
2026-10-03 16:28:02 | READ | Song | Fetching data connected to Song with Id: 24 | Results: 6
2026-10-03 16:28:02 | READ | Song | Fetching data connected to Song with Id: 25 | Results: 6
2026-10-03 16:28:02 | READ | Song | Fetching data connected to Song with Id: 26 | Results: 6
2026-10-03 16:28:02 | READ | Song | Fetching data connected to Song with Id: 27 | Results: 6
2026-10-03 16:28:02 | READ | Song | Fetching data connected to Song with Id: 49 | Results: 4
2026-10-03 16:28:06 | READ | Song | Fetching all songs.
2026-10-03 16:28:06 | READ | Song | Fetching data connected to Song with Id: 1 | Results: 6
2026-10-03 16:28:06 | READ | Song | Fetching data connected to Song with Id: 2 | Results: 6
2026-10-03 16:28:06 | READ | Song | Fetching data connected to Song with Id: 3 | Results: 6
2026-10-03 16:28:06 | READ | Song | Fetching data connected to Song with Id: 4 | Results: 6
2026-10-03 16:28:06 | READ | Song | Fetching data connected to Song with Id: 5 | Results: 6
2026-10-03 16:28:06 | READ | Song | Fetching data connected to Song with Id: 6 | Results: 4
2026-10-03 16:28:06 | READ | Song | Fetching data connected to Song with Id: 7 | Results: 4
2026-10-03 16:28:06 | READ | Song | Fetching data connected to Song with Id: 8 | Results: 8
2026-10-03 16:28:06 | READ | Song | Fetching data connected to Song with Id: 9 | Results: 6
2026-10-03 16:28:06 | READ | Song | Fetching data connected to Song with Id: 10 | Results: 6
2026-10-03 16:28:06 | READ | Song | Fetching data connected to Song with Id: 11 | Results: 6
2026-10-03 16:28:06 | READ | Song | Fetching data connected to Song with Id: 12 | Results: 6
2026-10-03 16:28:06 | READ | Song | Fetching data connected to Song with Id: 13 | Results: 6
2026-10-03 16:28:06 | READ | Song | Fetching data connected to Song with Id: 14 | Results: 6
2026-10-03 16:28:06 | READ | Song | Fetching data connected to Song with Id: 15 | Results: 6
2026-10-03 16:28:06 | READ | Song | Fetching data connected to Song with Id: 16 | Results: 6
2026-10-03 16:28:06 | READ | Song | Fetching data connected to Song with Id: 17 | Results: 6
2026-10-03 16:28:06 | READ | Song | Fetching data connected to Song with Id: 18 | Results: 6
2026-10-03 16:28:06 | READ | Song | Fetching data connected to Song with Id: 19 | Results: 4
2026-10-03 16:28:06 | READ | Song | Fetching data connected to Song with Id: 20 | Results: 6
2026-10-03 16:28:06 | READ | Song | Fetching data connected to Song with Id: 21 | Results: 4
2026-10-03 16:28:06 | READ | Song | Fetching data connected to Song with Id: 22 | Results: 6
2026-10-03 16:28:06 | READ | Song | Fetching data connected to Song with Id: 23 | Results: 6
2026-10-03 16:28:06 | READ | Song | Fetching data connected to Song with Id: 24 | Results: 6
2026-10-03 16:28:06 | READ | Song | Fetching data connected to Song with Id: 25 | Results: 6
2026-10-03 16:28:06 | READ | Song | Fetching data connected to Song with Id: 26 | Results: 6
2026-10-03 16:28:06 | READ | Song | Fetching data connected to Song with Id: 27 | Results: 6
2026-10-03 16:28:06 | READ | Song | Fetching data connected to Song with Id: 49 | Results: 4
2026-10-03 16:28:06 | READ | Song | Fetching all songs.
2026-10-03 16:28:06 | READ | Song | Fetching data connected to Song with Id: 1 | Results: 6
2026-10-03 16:28:06 | READ | Song | Fetching data connected to Song with Id: 2 | Results: 6
2026-10-03 16:28:06 | READ | Song | Fetching data connected to Song with Id: 3 | Results: 6
2026-10-03 16:28:06 | READ | Song | Fetching data connected to Song with Id: 4 | Results: 6
2026-10-03 16:28:06 | READ | Song | Fetching data connected to Song with Id: 5 | Results: 6
2026-10-03 16:28:06 | READ | Song | Fetching data connected to Song with Id: 6 | Results: 4
2026-10-03 16:28:06 | READ | Song | Fetching data connected to Song with Id: 7 | Results: 4
2026-10-03 16:28:06 | READ | Song | Fetching data connected to Song with Id: 8 | Results: 8
2026-10-03 16:28:06 | READ | Song | Fetching data connected to Song with Id: 9 | Results: 6
2026-10-03 16:28:06 | READ | Song | Fetching data connected to Song with Id: 10 | Results: 6
2026-10-03 16:28:06 | READ | Song | Fetching data connected to Song with Id: 11 | Results: 6
2026-10-03 16:28:06 | READ | Song | Fetching data connected to Song with Id: 12 | Results: 6
2026-10-03 16:28:07 | READ | Song | Fetching data connected to Song with Id: 13 | Results: 6
2026-10-03 16:28:07 | READ | Song | Fetching data connected to Song with Id: 14 | Results: 6
2026-10-03 16:28:07 | READ | Song | Fetching data connected to Song with Id: 15 | Results: 6
2026-10-03 16:28:07 | READ | Song | Fetching data connected to Song with Id: 16 | Results: 6
2026-10-03 16:28:07 | READ | Song | Fetching data connected to Song with Id: 17 | Results: 6
2026-10-03 16:28:07 | READ | Song | Fetching data connected to Song with Id: 18 | Results: 6
2026-10-03 16:28:07 | READ | Song | Fetching data connected to Song with Id: 19 | Results: 4
2026-10-03 16:28:07 | READ | Song | Fetching data connected to Song with Id: 20 | Results: 6
2026-10-03 16:28:07 | READ | Song | Fetching data connected to Song with Id: 21 | Results: 4
2026-10-03 16:28:07 | READ | Song | Fetching data connected to Song with Id: 22 | Results: 6
2026-10-03 16:28:07 | READ | Song | Fetching data connected to Song with Id: 23 | Results: 6
2026-10-03 16:28:07 | READ | Song | Fetching data connected to Song with Id: 24 | Results: 6
2026-10-03 16:28:07 | READ | Song | Fetching data connected to Song with Id: 25 | Results: 6
2026-10-03 16:28:07 | READ | Song | Fetching data connected to Song with Id: 26 | Results: 6
2026-10-03 16:28:07 | READ | Song | Fetching data connected to Song with Id: 27 | Results: 6
2026-10-03 16:28:07 | READ | Song | Fetching data connected to Song with Id: 49 | Results: 4
2026-10-03 16:28:07 | READ | Song | Fetching all songs.
2026-10-03 16:28:07 | READ | Song | Fetching data connected to Song with Id: 1 | Results: 6
2026-10-03 16:28:07 | READ | Song | Fetching data connected to Song with Id: 2 | Results: 6
2026-10-03 16:28:07 | READ | Song | Fetching data connected to Song with Id: 3 | Results: 6
2026-10-03 16:28:07 | READ | Song | Fetching data connected to Song with Id: 4 | Results: 6
2026-10-03 16:28:07 | READ | Song | Fetching data connected to Song with Id: 5 | Results: 6
2026-10-03 16:28:07 | READ | Song | Fetching data connected to Song with Id: 6 | Results: 4
2026-10-03 16:28:07 | READ | Song | Fetching data connected to Song with Id: 7 | Results: 4
2026-10-03 16:28:07 | READ | Song | Fetching data connected to Song with Id: 8 | Results: 8
2026-10-03 16:28:07 | READ | Song | Fetching data connected to Song with Id: 9 | Results: 6
2026-10-03 16:28:07 | READ | Song | Fetching data connected to Song with Id: 10 | Results: 6
2026-10-03 16:28:07 | READ | Song | Fetching data connected to Song with Id: 11 | Results: 6
2026-10-03 16:28:07 | READ | Song | Fetching data connected to Song with Id: 12 | Results: 6
2026-10-03 16:28:07 | READ | Song | Fetching data connected to Song with Id: 13 | Results: 6
2026-10-03 16:28:07 | READ | Song | Fetching data connected to Song with Id: 14 | Results: 6
2026-10-03 16:28:07 | READ | Song | Fetching data connected to Song with Id: 15 | Results: 6
2026-10-03 16:28:07 | READ | Song | Fetching data connected to Song with Id: 16 | Results: 6
2026-10-03 16:28:07 | READ | Song | Fetching data connected to Song with Id: 17 | Results: 6
2026-10-03 16:28:07 | READ | Song | Fetching data connected to Song with Id: 18 | Results: 6
2026-10-03 16:28:07 | READ | Song | Fetching data connected to Song with Id: 19 | Results: 4
2026-10-03 16:28:07 | READ | Song | Fetching data connected to Song with Id: 20 | Results: 6
2026-10-03 16:28:07 | READ | Song | Fetching data connected to Song with Id: 21 | Results: 4
2026-10-03 16:28:07 | READ | Song | Fetching data connected to Song with Id: 22 | Results: 6
2026-10-03 16:28:07 | READ | Song | Fetching data connected to Song with Id: 23 | Results: 6
2026-10-03 16:28:07 | READ | Song | Fetching data connected to Song with Id: 24 | Results: 6
2026-10-03 16:28:07 | READ | Song | Fetching data connected to Song with Id: 25 | Results: 6
2026-10-03 16:28:07 | READ | Song | Fetching data connected to Song with Id: 26 | Results: 6
2026-10-03 16:28:07 | READ | Song | Fetching data connected to Song with Id: 27 | Results: 6
2026-10-03 16:28:07 | READ | Song | Fetching data connected to Song with Id: 49 | Results: 4
2026-10-03 16:28:07 | READ | Song | Fetching all songs.
2026-10-03 16:28:07 | READ | Song | Fetching data connected to Song with Id: 1 | Results: 6
2026-10-03 16:28:07 | READ | Song | Fetching data connected to Song with Id: 2 | Results: 6
2026-10-03 16:28:07 | READ | Song | Fetching data connected to Song with Id: 3 | Results: 6
2026-10-03 16:28:07 | READ | Song | Fetching data connected to Song with Id: 4 | Results: 6
2026-10-03 16:28:07 | READ | Song | Fetching data connected to Song with Id: 5 | Results: 6
2026-10-03 16:28:07 | READ | Song | Fetching data connected to Song with Id: 6 | Results: 4
2026-10-03 16:28:07 | READ | Song | Fetching data connected to Song with Id: 7 | Results: 4
2026-10-03 16:28:07 | READ | Song | Fetching data connected to Song with Id: 8 | Results: 8
2026-10-03 16:28:07 | READ | Song | Fetching data connected to Song with Id: 9 | Results: 6
2026-10-03 16:28:07 | READ | Song | Fetching data connected to Song with Id: 10 | Results: 6
2026-10-03 16:28:07 | READ | Song | Fetching data connected to Song with Id: 11 | Results: 6
2026-10-03 16:28:07 | READ | Song | Fetching data connected to Song with Id: 12 | Results: 6
2026-10-03 16:28:07 | READ | Song | Fetching data connected to Song with Id: 13 | Results: 6
2026-10-03 16:28:07 | READ | Song | Fetching data connected to Song with Id: 14 | Results: 6
2026-10-03 16:28:07 | READ | Song | Fetching data connected to Song with Id: 15 | Results: 6
2026-10-03 16:28:07 | READ | Song | Fetching data connected to Song with Id: 16 | Results: 6
2026-10-03 16:28:07 | READ | Song | Fetching data connected to Song with Id: 17 | Results: 6
2026-10-03 16:28:07 | READ | Song | Fetching data connected to Song with Id: 18 | Results: 6
2026-10-03 16:28:07 | READ | Song | Fetching data connected to Song with Id: 19 | Results: 4
2026-10-03 16:28:07 | READ | Song | Fetching data connected to Song with Id: 20 | Results: 6
2026-10-03 16:28:07 | READ | Song | Fetching data connected to Song with Id: 21 | Results: 4
2026-10-03 16:28:07 | READ | Song | Fetching data connected to Song with Id: 22 | Results: 6
2026-10-03 16:28:07 | READ | Song | Fetching data connected to Song with Id: 23 | Results: 6
2026-10-03 16:28:07 | READ | Song | Fetching data connected to Song with Id: 24 | Results: 6
2026-10-03 16:28:07 | READ | Song | Fetching data connected to Song with Id: 25 | Results: 6
2026-10-03 16:28:07 | READ | Song | Fetching data connected to Song with Id: 26 | Results: 6
2026-10-03 16:28:07 | READ | Song | Fetching data connected to Song with Id: 27 | Results: 6
2026-10-03 16:28:07 | READ | Song | Fetching data connected to Song with Id: 49 | Results: 4
2026-10-03 16:28:07 | READ | Song | Fetching all songs.
2026-10-03 16:28:07 | READ | Song | Fetching data connected to Song with Id: 1 | Results: 6
2026-10-03 16:28:07 | READ | Song | Fetching data connected to Song with Id: 2 | Results: 6
2026-10-03 16:28:07 | READ | Song | Fetching data connected to Song with Id: 3 | Results: 6
2026-10-03 16:28:07 | READ | Song | Fetching data connected to Song with Id: 4 | Results: 6
2026-10-03 16:28:07 | READ | Song | Fetching data connected to Song with Id: 5 | Results: 6
2026-10-03 16:28:07 | READ | Song | Fetching data connected to Song with Id: 6 | Results: 4
2026-10-03 16:28:07 | READ | Song | Fetching data connected to Song with Id: 7 | Results: 4
2026-10-03 16:28:07 | READ | Song | Fetching data connected to Song with Id: 8 | Results: 8
2026-10-03 16:28:07 | READ | Song | Fetching data connected to Song with Id: 9 | Results: 6
2026-10-03 16:28:07 | READ | Song | Fetching data connected to Song with Id: 10 | Results: 6
2026-10-03 16:28:07 | READ | Song | Fetching data connected to Song with Id: 11 | Results: 6
2026-10-03 16:28:07 | READ | Song | Fetching data connected to Song with Id: 12 | Results: 6
2026-10-03 16:28:07 | READ | Song | Fetching data connected to Song with Id: 13 | Results: 6
2026-10-03 16:28:07 | READ | Song | Fetching data connected to Song with Id: 14 | Results: 6
2026-10-03 16:28:07 | READ | Song | Fetching data connected to Song with Id: 15 | Results: 6
2026-10-03 16:28:07 | READ | Song | Fetching data connected to Song with Id: 16 | Results: 6
2026-10-03 16:28:07 | READ | Song | Fetching data connected to Song with Id: 17 | Results: 6
2026-10-03 16:28:07 | READ | Song | Fetching data connected to Song with Id: 18 | Results: 6
2026-10-03 16:28:07 | READ | Song | Fetching data connected to Song with Id: 19 | Results: 4
2026-10-03 16:28:07 | READ | Song | Fetching data connected to Song with Id: 20 | Results: 6
2026-10-03 16:28:07 | READ | Song | Fetching data connected to Song with Id: 21 | Results: 4
2026-10-03 16:28:07 | READ | Song | Fetching data connected to Song with Id: 22 | Results: 6
2026-10-03 16:28:07 | READ | Song | Fetching data connected to Song with Id: 23 | Results: 6
2026-10-03 16:28:07 | READ | Song | Fetching data connected to Song with Id: 24 | Results: 6
2026-10-03 16:28:07 | READ | Song | Fetching data connected to Song with Id: 25 | Results: 6
2026-10-03 16:28:07 | READ | Song | Fetching data connected to Song with Id: 26 | Results: 6
2026-10-03 16:28:07 | READ | Song | Fetching data connected to Song with Id: 27 | Results: 6
2026-10-03 16:28:07 | READ | Song | Fetching data connected to Song with Id: 49 | Results: 4
2026-10-03 16:28:12 | READ | Song | Fetching all songs.
2026-10-03 16:28:12 | READ | Song | Fetching data connected to Song with Id: 1 | Results: 6
2026-10-03 16:28:12 | READ | Song | Fetching data connected to Song with Id: 2 | Results: 6
2026-10-03 16:28:12 | READ | Song | Fetching data connected to Song with Id: 3 | Results: 6
2026-10-03 16:28:12 | READ | Song | Fetching data connected to Song with Id: 4 | Results: 6
2026-10-03 16:28:12 | READ | Song | Fetching data connected to Song with Id: 5 | Results: 6
2026-10-03 16:28:12 | READ | Song | Fetching data connected to Song with Id: 6 | Results: 4
2026-10-03 16:28:12 | READ | Song | Fetching data connected to Song with Id: 7 | Results: 4
2026-10-03 16:28:12 | READ | Song | Fetching data connected to Song with Id: 8 | Results: 8
2026-10-03 16:28:12 | READ | Song | Fetching data connected to Song with Id: 9 | Results: 6
2026-10-03 16:28:12 | READ | Song | Fetching data connected to Song with Id: 10 | Results: 6
2026-10-03 16:28:12 | READ | Song | Fetching data connected to Song with Id: 11 | Results: 6
2026-10-03 16:28:12 | READ | Song | Fetching data connected to Song with Id: 12 | Results: 6
2026-10-03 16:28:12 | READ | Song | Fetching data connected to Song with Id: 13 | Results: 6
2026-10-03 16:28:12 | READ | Song | Fetching data connected to Song with Id: 14 | Results: 6
2026-10-03 16:28:12 | READ | Song | Fetching data connected to Song with Id: 15 | Results: 6
2026-10-03 16:28:12 | READ | Song | Fetching data connected to Song with Id: 16 | Results: 6
2026-10-03 16:28:12 | READ | Song | Fetching data connected to Song with Id: 17 | Results: 6
2026-10-03 16:28:12 | READ | Song | Fetching data connected to Song with Id: 18 | Results: 6
2026-10-03 16:28:12 | READ | Song | Fetching data connected to Song with Id: 19 | Results: 4
2026-10-03 16:28:12 | READ | Song | Fetching data connected to Song with Id: 20 | Results: 6
2026-10-03 16:28:12 | READ | Song | Fetching data connected to Song with Id: 21 | Results: 4
2026-10-03 16:28:12 | READ | Song | Fetching data connected to Song with Id: 22 | Results: 6
2026-10-03 16:28:12 | READ | Song | Fetching data connected to Song with Id: 23 | Results: 6
2026-10-03 16:28:12 | READ | Song | Fetching data connected to Song with Id: 24 | Results: 6
2026-10-03 16:28:12 | READ | Song | Fetching data connected to Song with Id: 25 | Results: 6
2026-10-03 16:28:12 | READ | Song | Fetching data connected to Song with Id: 26 | Results: 6
2026-10-03 16:28:12 | READ | Song | Fetching data connected to Song with Id: 27 | Results: 6
2026-10-03 16:28:12 | READ | Song | Fetching data connected to Song with Id: 49 | Results: 4
2026-10-03 16:28:15 | READ | Song | Fetching all songs.
2026-10-03 16:28:15 | READ | Song | Fetching data connected to Song with Id: 1 | Results: 6
2026-10-03 16:28:15 | READ | Song | Fetching data connected to Song with Id: 2 | Results: 6
2026-10-03 16:28:15 | READ | Song | Fetching data connected to Song with Id: 3 | Results: 6
2026-10-03 16:28:15 | READ | Song | Fetching data connected to Song with Id: 4 | Results: 6
2026-10-03 16:28:15 | READ | Song | Fetching data connected to Song with Id: 5 | Results: 6
2026-10-03 16:28:15 | READ | Song | Fetching data connected to Song with Id: 6 | Results: 4
2026-10-03 16:28:15 | READ | Song | Fetching data connected to Song with Id: 7 | Results: 4
2026-10-03 16:28:15 | READ | Song | Fetching data connected to Song with Id: 8 | Results: 8
2026-10-03 16:28:15 | READ | Song | Fetching data connected to Song with Id: 9 | Results: 6
2026-10-03 16:28:15 | READ | Song | Fetching data connected to Song with Id: 10 | Results: 6
2026-10-03 16:28:15 | READ | Song | Fetching data connected to Song with Id: 11 | Results: 6
2026-10-03 16:28:15 | READ | Song | Fetching data connected to Song with Id: 12 | Results: 6
2026-10-03 16:28:15 | READ | Song | Fetching data connected to Song with Id: 13 | Results: 6
2026-10-03 16:28:15 | READ | Song | Fetching data connected to Song with Id: 14 | Results: 6
2026-10-03 16:28:15 | READ | Song | Fetching data connected to Song with Id: 15 | Results: 6
2026-10-03 16:28:15 | READ | Song | Fetching data connected to Song with Id: 16 | Results: 6
2026-10-03 16:28:15 | READ | Song | Fetching data connected to Song with Id: 17 | Results: 6
2026-10-03 16:28:15 | READ | Song | Fetching data connected to Song with Id: 18 | Results: 6
2026-10-03 16:28:15 | READ | Song | Fetching data connected to Song with Id: 19 | Results: 4
2026-10-03 16:28:15 | READ | Song | Fetching data connected to Song with Id: 20 | Results: 6
2026-10-03 16:28:15 | READ | Song | Fetching data connected to Song with Id: 21 | Results: 4
2026-10-03 16:28:15 | READ | Song | Fetching data connected to Song with Id: 22 | Results: 6
2026-10-03 16:28:15 | READ | Song | Fetching data connected to Song with Id: 23 | Results: 6
2026-10-03 16:28:15 | READ | Song | Fetching data connected to Song with Id: 24 | Results: 6
2026-10-03 16:28:15 | READ | Song | Fetching data connected to Song with Id: 25 | Results: 6
2026-10-03 16:28:15 | READ | Song | Fetching data connected to Song with Id: 26 | Results: 6
2026-10-03 16:28:15 | READ | Song | Fetching data connected to Song with Id: 27 | Results: 6
2026-10-03 16:28:15 | READ | Song | Fetching data connected to Song with Id: 49 | Results: 4
2026-10-03 16:28:16 | READ | Song | Fetching all songs.
2026-10-03 16:28:16 | READ | Song | Fetching data connected to Song with Id: 1 | Results: 6
2026-10-03 16:28:16 | READ | Song | Fetching data connected to Song with Id: 2 | Results: 6
2026-10-03 16:28:16 | READ | Song | Fetching data connected to Song with Id: 3 | Results: 6
2026-10-03 16:28:16 | READ | Song | Fetching data connected to Song with Id: 4 | Results: 6
2026-10-03 16:28:16 | READ | Song | Fetching data connected to Song with Id: 5 | Results: 6
2026-10-03 16:28:16 | READ | Song | Fetching data connected to Song with Id: 6 | Results: 4
2026-10-03 16:28:16 | READ | Song | Fetching data connected to Song with Id: 7 | Results: 4
2026-10-03 16:28:16 | READ | Song | Fetching data connected to Song with Id: 8 | Results: 8
2026-10-03 16:28:16 | READ | Song | Fetching data connected to Song with Id: 9 | Results: 6
2026-10-03 16:28:16 | READ | Song | Fetching data connected to Song with Id: 10 | Results: 6
2026-10-03 16:28:16 | READ | Song | Fetching data connected to Song with Id: 11 | Results: 6
2026-10-03 16:28:16 | READ | Song | Fetching data connected to Song with Id: 12 | Results: 6
2026-10-03 16:28:16 | READ | Song | Fetching data connected to Song with Id: 13 | Results: 6
2026-10-03 16:28:16 | READ | Song | Fetching data connected to Song with Id: 14 | Results: 6
2026-10-03 16:28:16 | READ | Song | Fetching data connected to Song with Id: 15 | Results: 6
2026-10-03 16:28:16 | READ | Song | Fetching data connected to Song with Id: 16 | Results: 6
2026-10-03 16:28:16 | READ | Song | Fetching data connected to Song with Id: 17 | Results: 6
2026-10-03 16:28:16 | READ | Song | Fetching data connected to Song with Id: 18 | Results: 6
2026-10-03 16:28:16 | READ | Song | Fetching data connected to Song with Id: 19 | Results: 4
2026-10-03 16:28:16 | READ | Song | Fetching data connected to Song with Id: 20 | Results: 6
2026-10-03 16:28:16 | READ | Song | Fetching data connected to Song with Id: 21 | Results: 4
2026-10-03 16:28:16 | READ | Song | Fetching data connected to Song with Id: 22 | Results: 6
2026-10-03 16:28:16 | READ | Song | Fetching data connected to Song with Id: 23 | Results: 6
2026-10-03 16:28:16 | READ | Song | Fetching data connected to Song with Id: 24 | Results: 6
2026-10-03 16:28:16 | READ | Song | Fetching data connected to Song with Id: 25 | Results: 6
2026-10-03 16:28:16 | READ | Song | Fetching data connected to Song with Id: 26 | Results: 6
2026-10-03 16:28:16 | READ | Song | Fetching data connected to Song with Id: 27 | Results: 6
2026-10-03 16:28:16 | READ | Song | Fetching data connected to Song with Id: 49 | Results: 4
2026-10-03 16:28:16 | READ | Song | Fetching all songs.
2026-10-03 16:28:16 | READ | Song | Fetching data connected to Song with Id: 1 | Results: 6
2026-10-03 16:28:16 | READ | Song | Fetching data connected to Song with Id: 2 | Results: 6
2026-10-03 16:28:16 | READ | Song | Fetching data connected to Song with Id: 3 | Results: 6
2026-10-03 16:28:16 | READ | Song | Fetching data connected to Song with Id: 4 | Results: 6
2026-10-03 16:28:16 | READ | Song | Fetching data connected to Song with Id: 5 | Results: 6
2026-10-03 16:28:16 | READ | Song | Fetching data connected to Song with Id: 6 | Results: 4
2026-10-03 16:28:16 | READ | Song | Fetching data connected to Song with Id: 7 | Results: 4
2026-10-03 16:28:16 | READ | Song | Fetching data connected to Song with Id: 8 | Results: 8
2026-10-03 16:28:16 | READ | Song | Fetching data connected to Song with Id: 9 | Results: 6
2026-10-03 16:28:16 | READ | Song | Fetching data connected to Song with Id: 10 | Results: 6
2026-10-03 16:28:16 | READ | Song | Fetching data connected to Song with Id: 11 | Results: 6
2026-10-03 16:28:16 | READ | Song | Fetching data connected to Song with Id: 12 | Results: 6
2026-10-03 16:28:16 | READ | Song | Fetching data connected to Song with Id: 13 | Results: 6
2026-10-03 16:28:16 | READ | Song | Fetching data connected to Song with Id: 14 | Results: 6
2026-10-03 16:28:16 | READ | Song | Fetching data connected to Song with Id: 15 | Results: 6
2026-10-03 16:28:16 | READ | Song | Fetching data connected to Song with Id: 16 | Results: 6
2026-10-03 16:28:16 | READ | Song | Fetching data connected to Song with Id: 17 | Results: 6
2026-10-03 16:28:16 | READ | Song | Fetching data connected to Song with Id: 18 | Results: 6
2026-10-03 16:28:16 | READ | Song | Fetching data connected to Song with Id: 19 | Results: 4
2026-10-03 16:28:16 | READ | Song | Fetching data connected to Song with Id: 20 | Results: 6
2026-10-03 16:28:16 | READ | Song | Fetching data connected to Song with Id: 21 | Results: 4
2026-10-03 16:28:16 | READ | Song | Fetching data connected to Song with Id: 22 | Results: 6
2026-10-03 16:28:16 | READ | Song | Fetching data connected to Song with Id: 23 | Results: 6
2026-10-03 16:28:16 | READ | Song | Fetching data connected to Song with Id: 24 | Results: 6
2026-10-03 16:28:16 | READ | Song | Fetching data connected to Song with Id: 25 | Results: 6
2026-10-03 16:28:16 | READ | Song | Fetching data connected to Song with Id: 26 | Results: 6
2026-10-03 16:28:16 | READ | Song | Fetching data connected to Song with Id: 27 | Results: 6
2026-10-03 16:28:16 | READ | Song | Fetching data connected to Song with Id: 49 | Results: 4
2026-10-03 16:28:16 | READ | Song | Fetching all songs.
2026-10-03 16:28:16 | READ | Song | Fetching data connected to Song with Id: 1 | Results: 6
2026-10-03 16:28:16 | READ | Song | Fetching data connected to Song with Id: 2 | Results: 6
2026-10-03 16:28:16 | READ | Song | Fetching data connected to Song with Id: 3 | Results: 6
2026-10-03 16:28:16 | READ | Song | Fetching data connected to Song with Id: 4 | Results: 6
2026-10-03 16:28:16 | READ | Song | Fetching data connected to Song with Id: 5 | Results: 6
2026-10-03 16:28:16 | READ | Song | Fetching data connected to Song with Id: 6 | Results: 4
2026-10-03 16:28:16 | READ | Song | Fetching data connected to Song with Id: 7 | Results: 4
2026-10-03 16:28:16 | READ | Song | Fetching data connected to Song with Id: 8 | Results: 8
2026-10-03 16:28:16 | READ | Song | Fetching data connected to Song with Id: 9 | Results: 6
2026-10-03 16:28:16 | READ | Song | Fetching data connected to Song with Id: 10 | Results: 6
2026-10-03 16:28:16 | READ | Song | Fetching data connected to Song with Id: 11 | Results: 6
2026-10-03 16:28:16 | READ | Song | Fetching data connected to Song with Id: 12 | Results: 6
2026-10-03 16:28:16 | READ | Song | Fetching data connected to Song with Id: 13 | Results: 6
2026-10-03 16:28:16 | READ | Song | Fetching data connected to Song with Id: 14 | Results: 6
2026-10-03 16:28:16 | READ | Song | Fetching data connected to Song with Id: 15 | Results: 6
2026-10-03 16:28:16 | READ | Song | Fetching data connected to Song with Id: 16 | Results: 6
2026-10-03 16:28:16 | READ | Song | Fetching data connected to Song with Id: 17 | Results: 6
2026-10-03 16:28:16 | READ | Song | Fetching data connected to Song with Id: 18 | Results: 6
2026-10-03 16:28:16 | READ | Song | Fetching data connected to Song with Id: 19 | Results: 4
2026-10-03 16:28:16 | READ | Song | Fetching data connected to Song with Id: 20 | Results: 6
2026-10-03 16:28:16 | READ | Song | Fetching data connected to Song with Id: 21 | Results: 4
2026-10-03 16:28:16 | READ | Song | Fetching data connected to Song with Id: 22 | Results: 6
2026-10-03 16:28:16 | READ | Song | Fetching data connected to Song with Id: 23 | Results: 6
2026-10-03 16:28:16 | READ | Song | Fetching data connected to Song with Id: 24 | Results: 6
2026-10-03 16:28:16 | READ | Song | Fetching data connected to Song with Id: 25 | Results: 6
2026-10-03 16:28:16 | READ | Song | Fetching data connected to Song with Id: 26 | Results: 6
2026-10-03 16:28:16 | READ | Song | Fetching data connected to Song with Id: 27 | Results: 6
2026-10-03 16:28:16 | READ | Song | Fetching data connected to Song with Id: 49 | Results: 4
2026-10-03 16:28:18 | READ | Song | Fetching all songs.
2026-10-03 16:28:18 | READ | Song | Fetching data connected to Song with Id: 1 | Results: 6
2026-10-03 16:28:18 | READ | Song | Fetching data connected to Song with Id: 2 | Results: 6
2026-10-03 16:28:18 | READ | Song | Fetching data connected to Song with Id: 3 | Results: 6
2026-10-03 16:28:18 | READ | Song | Fetching data connected to Song with Id: 4 | Results: 6
2026-10-03 16:28:18 | READ | Song | Fetching data connected to Song with Id: 5 | Results: 6
2026-10-03 16:28:18 | READ | Song | Fetching data connected to Song with Id: 6 | Results: 4
2026-10-03 16:28:18 | READ | Song | Fetching data connected to Song with Id: 7 | Results: 4
2026-10-03 16:28:18 | READ | Song | Fetching data connected to Song with Id: 8 | Results: 8
2026-10-03 16:28:18 | READ | Song | Fetching data connected to Song with Id: 9 | Results: 6
2026-10-03 16:28:18 | READ | Song | Fetching data connected to Song with Id: 10 | Results: 6
2026-10-03 16:28:18 | READ | Song | Fetching data connected to Song with Id: 11 | Results: 6
2026-10-03 16:28:18 | READ | Song | Fetching data connected to Song with Id: 12 | Results: 6
2026-10-03 16:28:18 | READ | Song | Fetching data connected to Song with Id: 13 | Results: 6
2026-10-03 16:28:18 | READ | Song | Fetching data connected to Song with Id: 14 | Results: 6
2026-10-03 16:28:18 | READ | Song | Fetching data connected to Song with Id: 15 | Results: 6
2026-10-03 16:28:18 | READ | Song | Fetching data connected to Song with Id: 16 | Results: 6
2026-10-03 16:28:18 | READ | Song | Fetching data connected to Song with Id: 17 | Results: 6
2026-10-03 16:28:18 | READ | Song | Fetching data connected to Song with Id: 18 | Results: 6
2026-10-03 16:28:18 | READ | Song | Fetching data connected to Song with Id: 19 | Results: 4
2026-10-03 16:28:18 | READ | Song | Fetching data connected to Song with Id: 20 | Results: 6
2026-10-03 16:28:18 | READ | Song | Fetching data connected to Song with Id: 21 | Results: 4
2026-10-03 16:28:18 | READ | Song | Fetching data connected to Song with Id: 22 | Results: 6
2026-10-03 16:28:18 | READ | Song | Fetching data connected to Song with Id: 23 | Results: 6
2026-10-03 16:28:18 | READ | Song | Fetching data connected to Song with Id: 24 | Results: 6
2026-10-03 16:28:18 | READ | Song | Fetching data connected to Song with Id: 25 | Results: 6
2026-10-03 16:28:18 | READ | Song | Fetching data connected to Song with Id: 26 | Results: 6
2026-10-03 16:28:18 | READ | Song | Fetching data connected to Song with Id: 27 | Results: 6
2026-10-03 16:28:18 | READ | Song | Fetching data connected to Song with Id: 49 | Results: 4
2026-10-03 16:28:18 | READ | Song | Fetching all songs.
2026-10-03 16:28:18 | READ | Song | Fetching data connected to Song with Id: 1 | Results: 6
2026-10-03 16:28:18 | READ | Song | Fetching data connected to Song with Id: 2 | Results: 6
2026-10-03 16:28:18 | READ | Song | Fetching data connected to Song with Id: 3 | Results: 6
2026-10-03 16:28:18 | READ | Song | Fetching data connected to Song with Id: 4 | Results: 6
2026-10-03 16:28:18 | READ | Song | Fetching data connected to Song with Id: 5 | Results: 6
2026-10-03 16:28:18 | READ | Song | Fetching data connected to Song with Id: 6 | Results: 4
2026-10-03 16:28:18 | READ | Song | Fetching data connected to Song with Id: 7 | Results: 4
2026-10-03 16:28:18 | READ | Song | Fetching data connected to Song with Id: 8 | Results: 8
2026-10-03 16:28:18 | READ | Song | Fetching data connected to Song with Id: 9 | Results: 6
2026-10-03 16:28:18 | READ | Song | Fetching data connected to Song with Id: 10 | Results: 6
2026-10-03 16:28:19 | READ | Song | Fetching data connected to Song with Id: 11 | Results: 6
2026-10-03 16:28:19 | READ | Song | Fetching data connected to Song with Id: 12 | Results: 6
2026-10-03 16:28:19 | READ | Song | Fetching data connected to Song with Id: 13 | Results: 6
2026-10-03 16:28:19 | READ | Song | Fetching data connected to Song with Id: 14 | Results: 6
2026-10-03 16:28:19 | READ | Song | Fetching data connected to Song with Id: 15 | Results: 6
2026-10-03 16:28:19 | READ | Song | Fetching data connected to Song with Id: 16 | Results: 6
2026-10-03 16:28:19 | READ | Song | Fetching data connected to Song with Id: 17 | Results: 6
2026-10-03 16:28:19 | READ | Song | Fetching data connected to Song with Id: 18 | Results: 6
2026-10-03 16:28:19 | READ | Song | Fetching data connected to Song with Id: 19 | Results: 4
2026-10-03 16:28:19 | READ | Song | Fetching data connected to Song with Id: 20 | Results: 6
2026-10-03 16:28:19 | READ | Song | Fetching data connected to Song with Id: 21 | Results: 4
2026-10-03 16:28:19 | READ | Song | Fetching data connected to Song with Id: 22 | Results: 6
2026-10-03 16:28:19 | READ | Song | Fetching data connected to Song with Id: 23 | Results: 6
2026-10-03 16:28:19 | READ | Song | Fetching data connected to Song with Id: 24 | Results: 6
2026-10-03 16:28:19 | READ | Song | Fetching data connected to Song with Id: 25 | Results: 6
2026-10-03 16:28:19 | READ | Song | Fetching data connected to Song with Id: 26 | Results: 6
2026-10-03 16:28:19 | READ | Song | Fetching data connected to Song with Id: 27 | Results: 6
2026-10-03 16:28:19 | READ | Song | Fetching data connected to Song with Id: 49 | Results: 4
2026-10-03 16:28:19 | READ | Song | Fetching all songs.
2026-10-03 16:28:19 | READ | Song | Fetching data connected to Song with Id: 1 | Results: 6
2026-10-03 16:28:19 | READ | Song | Fetching data connected to Song with Id: 2 | Results: 6
2026-10-03 16:28:19 | READ | Song | Fetching data connected to Song with Id: 3 | Results: 6
2026-10-03 16:28:19 | READ | Song | Fetching data connected to Song with Id: 4 | Results: 6
2026-10-03 16:28:19 | READ | Song | Fetching data connected to Song with Id: 5 | Results: 6
2026-10-03 16:28:19 | READ | Song | Fetching data connected to Song with Id: 6 | Results: 4
2026-10-03 16:28:19 | READ | Song | Fetching data connected to Song with Id: 7 | Results: 4
2026-10-03 16:28:19 | READ | Song | Fetching data connected to Song with Id: 8 | Results: 8
2026-10-03 16:28:19 | READ | Song | Fetching data connected to Song with Id: 9 | Results: 6
2026-10-03 16:28:19 | READ | Song | Fetching data connected to Song with Id: 10 | Results: 6
2026-10-03 16:28:19 | READ | Song | Fetching data connected to Song with Id: 11 | Results: 6
2026-10-03 16:28:19 | READ | Song | Fetching data connected to Song with Id: 12 | Results: 6
2026-10-03 16:28:19 | READ | Song | Fetching data connected to Song with Id: 13 | Results: 6
2026-10-03 16:28:19 | READ | Song | Fetching data connected to Song with Id: 14 | Results: 6
2026-10-03 16:28:19 | READ | Song | Fetching data connected to Song with Id: 15 | Results: 6
2026-10-03 16:28:19 | READ | Song | Fetching data connected to Song with Id: 16 | Results: 6
2026-10-03 16:28:19 | READ | Song | Fetching data connected to Song with Id: 17 | Results: 6
2026-10-03 16:28:19 | READ | Song | Fetching data connected to Song with Id: 18 | Results: 6
2026-10-03 16:28:19 | READ | Song | Fetching data connected to Song with Id: 19 | Results: 4
2026-10-03 16:28:19 | READ | Song | Fetching data connected to Song with Id: 20 | Results: 6
2026-10-03 16:28:19 | READ | Song | Fetching data connected to Song with Id: 21 | Results: 4
2026-10-03 16:28:19 | READ | Song | Fetching data connected to Song with Id: 22 | Results: 6
2026-10-03 16:28:19 | READ | Song | Fetching data connected to Song with Id: 23 | Results: 6
2026-10-03 16:28:19 | READ | Song | Fetching data connected to Song with Id: 24 | Results: 6
2026-10-03 16:28:19 | READ | Song | Fetching data connected to Song with Id: 25 | Results: 6
2026-10-03 16:28:19 | READ | Song | Fetching data connected to Song with Id: 26 | Results: 6
2026-10-03 16:28:19 | READ | Song | Fetching data connected to Song with Id: 27 | Results: 6
2026-10-03 16:28:19 | READ | Song | Fetching data connected to Song with Id: 49 | Results: 4
2026-10-03 17:29:42 | READ | Song | Fetching all songs.
2026-10-03 17:29:42 | READ | Song | Fetching all songs.
2026-10-03 17:29:42 | READ | Song | Fetching all songs.
2026-10-03 17:29:42 | READ | Song | Fetching all songs.
2026-10-03 17:29:43 | READ | Song | Fetching all songs.
2026-10-03 17:29:45 | READ | Song | Fetching data connected to Song with Id: 1 | Results: 6
2026-10-03 17:29:45 | READ | Song | Fetching data connected to Song with Id: 1 | Results: 6
2026-10-03 17:29:45 | READ | Song | Fetching data connected to Song with Id: 1 | Results: 6
2026-10-03 17:29:45 | READ | Song | Fetching data connected to Song with Id: 1 | Results: 6
2026-10-03 17:29:45 | READ | Song | Fetching data connected to Song with Id: 1 | Results: 6
2026-10-03 17:29:45 | READ | Song | Fetching data connected to Song with Id: 2 | Results: 6
2026-10-03 17:29:45 | READ | Song | Fetching data connected to Song with Id: 2 | Results: 6
2026-10-03 17:29:45 | READ | Song | Fetching data connected to Song with Id: 2 | Results: 6
2026-10-03 17:29:45 | READ | Song | Fetching data connected to Song with Id: 2 | Results: 6
2026-10-03 17:29:45 | READ | Song | Fetching data connected to Song with Id: 2 | Results: 6
2026-10-03 17:29:45 | READ | Song | Fetching data connected to Song with Id: 3 | Results: 6
2026-10-03 17:29:45 | READ | Song | Fetching data connected to Song with Id: 3 | Results: 6
2026-10-03 17:29:45 | READ | Song | Fetching data connected to Song with Id: 3 | Results: 6
2026-10-03 17:29:45 | READ | Song | Fetching data connected to Song with Id: 3 | Results: 6
2026-10-03 17:29:45 | READ | Song | Fetching data connected to Song with Id: 3 | Results: 6
2026-10-03 17:29:45 | READ | Song | Fetching data connected to Song with Id: 4 | Results: 6
2026-10-03 17:29:45 | READ | Song | Fetching data connected to Song with Id: 4 | Results: 6
2026-10-03 17:29:45 | READ | Song | Fetching data connected to Song with Id: 4 | Results: 6
2026-10-03 17:29:45 | READ | Song | Fetching data connected to Song with Id: 4 | Results: 6
2026-10-03 17:29:45 | READ | Song | Fetching data connected to Song with Id: 4 | Results: 6
2026-10-03 17:29:45 | READ | Song | Fetching data connected to Song with Id: 5 | Results: 6
2026-10-03 17:29:45 | READ | Song | Fetching data connected to Song with Id: 5 | Results: 6
2026-10-03 17:29:45 | READ | Song | Fetching data connected to Song with Id: 5 | Results: 6
2026-10-03 17:29:45 | READ | Song | Fetching data connected to Song with Id: 5 | Results: 6
2026-10-03 17:29:45 | READ | Song | Fetching data connected to Song with Id: 5 | Results: 6
2026-10-03 17:29:45 | READ | Song | Fetching data connected to Song with Id: 6 | Results: 4
2026-10-03 17:29:45 | READ | Song | Fetching data connected to Song with Id: 6 | Results: 4
2026-10-03 17:29:45 | READ | Song | Fetching data connected to Song with Id: 6 | Results: 4
2026-10-03 17:29:45 | READ | Song | Fetching data connected to Song with Id: 6 | Results: 4
2026-10-03 17:29:45 | READ | Song | Fetching data connected to Song with Id: 6 | Results: 4
2026-10-03 17:29:45 | READ | Song | Fetching data connected to Song with Id: 7 | Results: 4
2026-10-03 17:29:45 | READ | Song | Fetching data connected to Song with Id: 7 | Results: 4
2026-10-03 17:29:45 | READ | Song | Fetching data connected to Song with Id: 7 | Results: 4
2026-10-03 17:29:45 | READ | Song | Fetching data connected to Song with Id: 7 | Results: 4
2026-10-03 17:29:45 | READ | Song | Fetching data connected to Song with Id: 7 | Results: 4
2026-10-03 17:29:45 | READ | Song | Fetching data connected to Song with Id: 8 | Results: 8
2026-10-03 17:29:45 | READ | Song | Fetching data connected to Song with Id: 8 | Results: 8
2026-10-03 17:29:45 | READ | Song | Fetching data connected to Song with Id: 8 | Results: 8
2026-10-03 17:29:45 | READ | Song | Fetching data connected to Song with Id: 8 | Results: 8
2026-10-03 17:29:45 | READ | Song | Fetching data connected to Song with Id: 8 | Results: 8
2026-10-03 17:29:45 | READ | Song | Fetching data connected to Song with Id: 9 | Results: 6
2026-10-03 17:29:45 | READ | Song | Fetching data connected to Song with Id: 9 | Results: 6
2026-10-03 17:29:45 | READ | Song | Fetching data connected to Song with Id: 9 | Results: 6
2026-10-03 17:29:45 | READ | Song | Fetching data connected to Song with Id: 9 | Results: 6
2026-10-03 17:29:45 | READ | Song | Fetching data connected to Song with Id: 9 | Results: 6
2026-10-03 17:29:45 | READ | Song | Fetching data connected to Song with Id: 10 | Results: 6
2026-10-03 17:29:45 | READ | Song | Fetching data connected to Song with Id: 10 | Results: 6
2026-10-03 17:29:45 | READ | Song | Fetching data connected to Song with Id: 10 | Results: 6
2026-10-03 17:29:45 | READ | Song | Fetching data connected to Song with Id: 10 | Results: 6
2026-10-03 17:29:45 | READ | Song | Fetching data connected to Song with Id: 10 | Results: 6
2026-10-03 17:29:45 | READ | Song | Fetching data connected to Song with Id: 11 | Results: 6
2026-10-03 17:29:45 | READ | Song | Fetching data connected to Song with Id: 11 | Results: 6
2026-10-03 17:29:45 | READ | Song | Fetching data connected to Song with Id: 11 | Results: 6
2026-10-03 17:29:45 | READ | Song | Fetching data connected to Song with Id: 11 | Results: 6
2026-10-03 17:29:45 | READ | Song | Fetching data connected to Song with Id: 11 | Results: 6
2026-10-03 17:29:45 | READ | Song | Fetching data connected to Song with Id: 12 | Results: 6
2026-10-03 17:29:45 | READ | Song | Fetching data connected to Song with Id: 12 | Results: 6
2026-10-03 17:29:45 | READ | Song | Fetching data connected to Song with Id: 12 | Results: 6
2026-10-03 17:29:45 | READ | Song | Fetching data connected to Song with Id: 12 | Results: 6
2026-10-03 17:29:45 | READ | Song | Fetching data connected to Song with Id: 12 | Results: 6
2026-10-03 17:29:45 | READ | Song | Fetching data connected to Song with Id: 13 | Results: 6
2026-10-03 17:29:45 | READ | Song | Fetching data connected to Song with Id: 13 | Results: 6
2026-10-03 17:29:45 | READ | Song | Fetching data connected to Song with Id: 13 | Results: 6
2026-10-03 17:29:45 | READ | Song | Fetching data connected to Song with Id: 13 | Results: 6
2026-10-03 17:29:45 | READ | Song | Fetching data connected to Song with Id: 13 | Results: 6
2026-10-03 17:29:45 | READ | Song | Fetching data connected to Song with Id: 14 | Results: 6
2026-10-03 17:29:45 | READ | Song | Fetching data connected to Song with Id: 14 | Results: 6
2026-10-03 17:29:45 | READ | Song | Fetching data connected to Song with Id: 14 | Results: 6
2026-10-03 17:29:45 | READ | Song | Fetching data connected to Song with Id: 14 | Results: 6
2026-10-03 17:29:45 | READ | Song | Fetching data connected to Song with Id: 14 | Results: 6
2026-10-03 17:29:45 | READ | Song | Fetching data connected to Song with Id: 15 | Results: 6
2026-10-03 17:29:45 | READ | Song | Fetching data connected to Song with Id: 15 | Results: 6
2026-10-03 17:29:45 | READ | Song | Fetching data connected to Song with Id: 15 | Results: 6
2026-10-03 17:29:45 | READ | Song | Fetching data connected to Song with Id: 15 | Results: 6
2026-10-03 17:29:45 | READ | Song | Fetching data connected to Song with Id: 15 | Results: 6
2026-10-03 17:29:45 | READ | Song | Fetching data connected to Song with Id: 16 | Results: 6
2026-10-03 17:29:45 | READ | Song | Fetching data connected to Song with Id: 16 | Results: 6
2026-10-03 17:29:45 | READ | Song | Fetching data connected to Song with Id: 16 | Results: 6
2026-10-03 17:29:45 | READ | Song | Fetching data connected to Song with Id: 16 | Results: 6
2026-10-03 17:29:45 | READ | Song | Fetching data connected to Song with Id: 16 | Results: 6
2026-10-03 17:29:45 | READ | Song | Fetching data connected to Song with Id: 17 | Results: 6
2026-10-03 17:29:45 | READ | Song | Fetching data connected to Song with Id: 17 | Results: 6
2026-10-03 17:29:45 | READ | Song | Fetching data connected to Song with Id: 17 | Results: 6
2026-10-03 17:29:45 | READ | Song | Fetching data connected to Song with Id: 17 | Results: 6
2026-10-03 17:29:45 | READ | Song | Fetching data connected to Song with Id: 17 | Results: 6
2026-10-03 17:29:45 | READ | Song | Fetching data connected to Song with Id: 18 | Results: 6
2026-10-03 17:29:45 | READ | Song | Fetching data connected to Song with Id: 18 | Results: 6
2026-10-03 17:29:45 | READ | Song | Fetching data connected to Song with Id: 18 | Results: 6
2026-10-03 17:29:45 | READ | Song | Fetching data connected to Song with Id: 18 | Results: 6
2026-10-03 17:29:45 | READ | Song | Fetching data connected to Song with Id: 18 | Results: 6
2026-10-03 17:29:45 | READ | Song | Fetching data connected to Song with Id: 19 | Results: 4
2026-10-03 17:29:45 | READ | Song | Fetching data connected to Song with Id: 19 | Results: 4
2026-10-03 17:29:45 | READ | Song | Fetching data connected to Song with Id: 19 | Results: 4
2026-10-03 17:29:45 | READ | Song | Fetching data connected to Song with Id: 19 | Results: 4
2026-10-03 17:29:45 | READ | Song | Fetching data connected to Song with Id: 19 | Results: 4
2026-10-03 17:29:45 | READ | Song | Fetching data connected to Song with Id: 20 | Results: 6
2026-10-03 17:29:45 | READ | Song | Fetching data connected to Song with Id: 20 | Results: 6
2026-10-03 17:29:45 | READ | Song | Fetching data connected to Song with Id: 20 | Results: 6
2026-10-03 17:29:45 | READ | Song | Fetching data connected to Song with Id: 20 | Results: 6
2026-10-03 17:29:45 | READ | Song | Fetching data connected to Song with Id: 20 | Results: 6
2026-10-03 17:29:45 | READ | Song | Fetching data connected to Song with Id: 21 | Results: 4
2026-10-03 17:29:45 | READ | Song | Fetching data connected to Song with Id: 21 | Results: 4
2026-10-03 17:29:45 | READ | Song | Fetching data connected to Song with Id: 21 | Results: 4
2026-10-03 17:29:45 | READ | Song | Fetching data connected to Song with Id: 21 | Results: 4
2026-10-03 17:29:45 | READ | Song | Fetching data connected to Song with Id: 21 | Results: 4
2026-10-03 17:29:45 | READ | Song | Fetching data connected to Song with Id: 22 | Results: 6
2026-10-03 17:29:45 | READ | Song | Fetching data connected to Song with Id: 22 | Results: 6
2026-10-03 17:29:45 | READ | Song | Fetching data connected to Song with Id: 22 | Results: 6
2026-10-03 17:29:45 | READ | Song | Fetching data connected to Song with Id: 22 | Results: 6
2026-10-03 17:29:45 | READ | Song | Fetching data connected to Song with Id: 22 | Results: 6
2026-10-03 17:29:45 | READ | Song | Fetching data connected to Song with Id: 23 | Results: 6
2026-10-03 17:29:45 | READ | Song | Fetching data connected to Song with Id: 23 | Results: 6
2026-10-03 17:29:45 | READ | Song | Fetching data connected to Song with Id: 23 | Results: 6
2026-10-03 17:29:45 | READ | Song | Fetching data connected to Song with Id: 23 | Results: 6
2026-10-03 17:29:45 | READ | Song | Fetching data connected to Song with Id: 23 | Results: 6
2026-10-03 17:29:45 | READ | Song | Fetching data connected to Song with Id: 24 | Results: 6
2026-10-03 17:29:45 | READ | Song | Fetching data connected to Song with Id: 24 | Results: 6
2026-10-03 17:29:45 | READ | Song | Fetching data connected to Song with Id: 24 | Results: 6
2026-10-03 17:29:45 | READ | Song | Fetching data connected to Song with Id: 24 | Results: 6
2026-10-03 17:29:45 | READ | Song | Fetching data connected to Song with Id: 24 | Results: 6
2026-10-03 17:29:45 | READ | Song | Fetching data connected to Song with Id: 25 | Results: 6
2026-10-03 17:29:45 | READ | Song | Fetching data connected to Song with Id: 25 | Results: 6
2026-10-03 17:29:45 | READ | Song | Fetching data connected to Song with Id: 25 | Results: 6
2026-10-03 17:29:45 | READ | Song | Fetching data connected to Song with Id: 25 | Results: 6
2026-10-03 17:29:45 | READ | Song | Fetching data connected to Song with Id: 25 | Results: 6
2026-10-03 17:29:45 | READ | Song | Fetching data connected to Song with Id: 26 | Results: 6
2026-10-03 17:29:45 | READ | Song | Fetching data connected to Song with Id: 26 | Results: 6
2026-10-03 17:29:45 | READ | Song | Fetching data connected to Song with Id: 26 | Results: 6
2026-10-03 17:29:45 | READ | Song | Fetching data connected to Song with Id: 26 | Results: 6
2026-10-03 17:29:45 | READ | Song | Fetching data connected to Song with Id: 26 | Results: 6
2026-10-03 17:29:45 | READ | Song | Fetching data connected to Song with Id: 27 | Results: 6
2026-10-03 17:29:45 | READ | Song | Fetching data connected to Song with Id: 27 | Results: 6
2026-10-03 17:29:45 | READ | Song | Fetching data connected to Song with Id: 27 | Results: 6
2026-10-03 17:29:45 | READ | Song | Fetching data connected to Song with Id: 27 | Results: 6
2026-10-03 17:29:45 | READ | Song | Fetching data connected to Song with Id: 27 | Results: 6
2026-10-03 17:29:45 | READ | Song | Fetching data connected to Song with Id: 49 | Results: 4
2026-10-03 17:29:45 | READ | Song | Fetching data connected to Song with Id: 49 | Results: 4
2026-10-03 17:29:45 | READ | Song | Fetching data connected to Song with Id: 49 | Results: 4
2026-10-03 17:29:45 | READ | Song | Fetching data connected to Song with Id: 49 | Results: 4
2026-10-03 17:29:45 | READ | Song | Fetching data connected to Song with Id: 49 | Results: 4
2026-10-03 17:29:54 | READ | Song | Fetching all songs.
2026-10-03 17:29:54 | READ | Song | Fetching data connected to Song with Id: 1 | Results: 6
2026-10-03 17:29:54 | READ | Song | Fetching data connected to Song with Id: 2 | Results: 6
2026-10-03 17:29:54 | READ | Song | Fetching data connected to Song with Id: 3 | Results: 6
2026-10-03 17:29:54 | READ | Song | Fetching data connected to Song with Id: 4 | Results: 6
2026-10-03 17:29:54 | READ | Song | Fetching data connected to Song with Id: 5 | Results: 6
2026-10-03 17:29:55 | READ | Song | Fetching data connected to Song with Id: 6 | Results: 4
2026-10-03 17:29:55 | READ | Song | Fetching data connected to Song with Id: 7 | Results: 4
2026-10-03 17:29:55 | READ | Song | Fetching data connected to Song with Id: 8 | Results: 8
2026-10-03 17:29:55 | READ | Song | Fetching data connected to Song with Id: 9 | Results: 6
2026-10-03 17:29:55 | READ | Song | Fetching data connected to Song with Id: 10 | Results: 6
2026-10-03 17:29:55 | READ | Song | Fetching data connected to Song with Id: 11 | Results: 6
2026-10-03 17:29:55 | READ | Song | Fetching data connected to Song with Id: 12 | Results: 6
2026-10-03 17:29:55 | READ | Song | Fetching data connected to Song with Id: 13 | Results: 6
2026-10-03 17:29:55 | READ | Song | Fetching data connected to Song with Id: 14 | Results: 6
2026-10-03 17:29:55 | READ | Song | Fetching data connected to Song with Id: 15 | Results: 6
2026-10-03 17:29:55 | READ | Song | Fetching data connected to Song with Id: 16 | Results: 6
2026-10-03 17:29:55 | READ | Song | Fetching data connected to Song with Id: 17 | Results: 6
2026-10-03 17:29:55 | READ | Song | Fetching data connected to Song with Id: 18 | Results: 6
2026-10-03 17:29:55 | READ | Song | Fetching data connected to Song with Id: 19 | Results: 4
2026-10-03 17:29:55 | READ | Song | Fetching data connected to Song with Id: 20 | Results: 6
2026-10-03 17:29:55 | READ | Song | Fetching data connected to Song with Id: 21 | Results: 4
2026-10-03 17:29:55 | READ | Song | Fetching data connected to Song with Id: 22 | Results: 6
2026-10-03 17:29:55 | READ | Song | Fetching data connected to Song with Id: 23 | Results: 6
2026-10-03 17:29:55 | READ | Song | Fetching data connected to Song with Id: 24 | Results: 6
2026-10-03 17:29:55 | READ | Song | Fetching data connected to Song with Id: 25 | Results: 6
2026-10-03 17:29:55 | READ | Song | Fetching data connected to Song with Id: 26 | Results: 6
2026-10-03 17:29:55 | READ | Song | Fetching data connected to Song with Id: 27 | Results: 6
2026-10-03 17:29:55 | READ | Song | Fetching data connected to Song with Id: 49 | Results: 4
2026-10-03 17:29:56 | READ | Song | Fetching all songs.
2026-10-03 17:29:56 | READ | Song | Fetching data connected to Song with Id: 1 | Results: 6
2026-10-03 17:29:56 | READ | Song | Fetching data connected to Song with Id: 2 | Results: 6
2026-10-03 17:29:56 | READ | Song | Fetching data connected to Song with Id: 3 | Results: 6
2026-10-03 17:29:56 | READ | Song | Fetching data connected to Song with Id: 4 | Results: 6
2026-10-03 17:29:56 | READ | Song | Fetching data connected to Song with Id: 5 | Results: 6
2026-10-03 17:29:56 | READ | Song | Fetching data connected to Song with Id: 6 | Results: 4
2026-10-03 17:29:56 | READ | Song | Fetching data connected to Song with Id: 7 | Results: 4
2026-10-03 17:29:56 | READ | Song | Fetching data connected to Song with Id: 8 | Results: 8
2026-10-03 17:29:56 | READ | Song | Fetching data connected to Song with Id: 9 | Results: 6
2026-10-03 17:29:56 | READ | Song | Fetching data connected to Song with Id: 10 | Results: 6
2026-10-03 17:29:56 | READ | Song | Fetching data connected to Song with Id: 11 | Results: 6
2026-10-03 17:29:56 | READ | Song | Fetching data connected to Song with Id: 12 | Results: 6
2026-10-03 17:29:56 | READ | Song | Fetching data connected to Song with Id: 13 | Results: 6
2026-10-03 17:29:56 | READ | Song | Fetching data connected to Song with Id: 14 | Results: 6
2026-10-03 17:29:56 | READ | Song | Fetching data connected to Song with Id: 15 | Results: 6
2026-10-03 17:29:56 | READ | Song | Fetching data connected to Song with Id: 16 | Results: 6
2026-10-03 17:29:56 | READ | Song | Fetching data connected to Song with Id: 17 | Results: 6
2026-10-03 17:29:56 | READ | Song | Fetching data connected to Song with Id: 18 | Results: 6
2026-10-03 17:29:56 | READ | Song | Fetching data connected to Song with Id: 19 | Results: 4
2026-10-03 17:29:56 | READ | Song | Fetching data connected to Song with Id: 20 | Results: 6
2026-10-03 17:29:56 | READ | Song | Fetching data connected to Song with Id: 21 | Results: 4
2026-10-03 17:29:56 | READ | Song | Fetching data connected to Song with Id: 22 | Results: 6
2026-10-03 17:29:56 | READ | Song | Fetching data connected to Song with Id: 23 | Results: 6
2026-10-03 17:29:56 | READ | Song | Fetching data connected to Song with Id: 24 | Results: 6
2026-10-03 17:29:56 | READ | Song | Fetching data connected to Song with Id: 25 | Results: 6
2026-10-03 17:29:56 | READ | Song | Fetching data connected to Song with Id: 26 | Results: 6
2026-10-03 17:29:56 | READ | Song | Fetching data connected to Song with Id: 27 | Results: 6
2026-10-03 17:29:56 | READ | Song | Fetching data connected to Song with Id: 49 | Results: 4
2026-10-03 17:31:35 | READ | Song | Fetching all songs.
2026-10-03 17:31:35 | READ | Song | Fetching data connected to Song with Id: 1 | Results: 6
2026-10-03 17:31:35 | READ | Song | Fetching data connected to Song with Id: 2 | Results: 6
2026-10-03 17:31:35 | READ | Song | Fetching data connected to Song with Id: 3 | Results: 6
2026-10-03 17:31:35 | READ | Song | Fetching data connected to Song with Id: 4 | Results: 6
2026-10-03 17:31:35 | READ | Song | Fetching data connected to Song with Id: 5 | Results: 6
2026-10-03 17:31:35 | READ | Song | Fetching data connected to Song with Id: 6 | Results: 4
2026-10-03 17:31:35 | READ | Song | Fetching data connected to Song with Id: 7 | Results: 4
2026-10-03 17:31:35 | READ | Song | Fetching data connected to Song with Id: 8 | Results: 8
2026-10-03 17:31:35 | READ | Song | Fetching data connected to Song with Id: 9 | Results: 6
2026-10-03 17:31:35 | READ | Song | Fetching data connected to Song with Id: 10 | Results: 6
2026-10-03 17:31:35 | READ | Song | Fetching data connected to Song with Id: 11 | Results: 6
2026-10-03 17:31:35 | READ | Song | Fetching data connected to Song with Id: 12 | Results: 6
2026-10-03 17:31:35 | READ | Song | Fetching data connected to Song with Id: 13 | Results: 6
2026-10-03 17:31:35 | READ | Song | Fetching data connected to Song with Id: 14 | Results: 6
2026-10-03 17:31:35 | READ | Song | Fetching data connected to Song with Id: 15 | Results: 6
2026-10-03 17:31:35 | READ | Song | Fetching data connected to Song with Id: 16 | Results: 6
2026-10-03 17:31:35 | READ | Song | Fetching data connected to Song with Id: 17 | Results: 6
2026-10-03 17:31:35 | READ | Song | Fetching data connected to Song with Id: 18 | Results: 6
2026-10-03 17:31:35 | READ | Song | Fetching data connected to Song with Id: 19 | Results: 4
2026-10-03 17:31:35 | READ | Song | Fetching data connected to Song with Id: 20 | Results: 6
2026-10-03 17:31:35 | READ | Song | Fetching data connected to Song with Id: 21 | Results: 4
2026-10-03 17:31:35 | READ | Song | Fetching data connected to Song with Id: 22 | Results: 6
2026-10-03 17:31:35 | READ | Song | Fetching data connected to Song with Id: 23 | Results: 6
2026-10-03 17:31:35 | READ | Song | Fetching all songs.
2026-10-03 17:31:35 | READ | Song | Fetching data connected to Song with Id: 24 | Results: 6
2026-10-03 17:31:35 | READ | Song | Fetching data connected to Song with Id: 1 | Results: 6
2026-10-03 17:31:35 | READ | Song | Fetching data connected to Song with Id: 25 | Results: 6
2026-10-03 17:31:35 | READ | Song | Fetching data connected to Song with Id: 2 | Results: 6
2026-10-03 17:31:35 | READ | Song | Fetching data connected to Song with Id: 26 | Results: 6
2026-10-03 17:31:35 | READ | Song | Fetching data connected to Song with Id: 3 | Results: 6
2026-10-03 17:31:35 | READ | Song | Fetching data connected to Song with Id: 27 | Results: 6
2026-10-03 17:31:35 | READ | Song | Fetching data connected to Song with Id: 4 | Results: 6
2026-10-03 17:31:35 | READ | Song | Fetching data connected to Song with Id: 49 | Results: 4
2026-10-03 17:31:35 | READ | Song | Fetching data connected to Song with Id: 5 | Results: 6
2026-10-03 17:31:35 | READ | Song | Fetching data connected to Song with Id: 6 | Results: 4
2026-10-03 17:31:35 | READ | Song | Fetching data connected to Song with Id: 7 | Results: 4
2026-10-03 17:31:35 | READ | Song | Fetching data connected to Song with Id: 8 | Results: 8
2026-10-03 17:31:35 | READ | Song | Fetching data connected to Song with Id: 9 | Results: 6
2026-10-03 17:31:35 | READ | Song | Fetching data connected to Song with Id: 10 | Results: 6
2026-10-03 17:31:35 | READ | Song | Fetching data connected to Song with Id: 11 | Results: 6
2026-10-03 17:31:35 | READ | Song | Fetching data connected to Song with Id: 12 | Results: 6
2026-10-03 17:31:35 | READ | Song | Fetching data connected to Song with Id: 13 | Results: 6
2026-10-03 17:31:35 | READ | Song | Fetching data connected to Song with Id: 14 | Results: 6
2026-10-03 17:31:35 | READ | Song | Fetching data connected to Song with Id: 15 | Results: 6
2026-10-03 17:31:35 | READ | Song | Fetching data connected to Song with Id: 16 | Results: 6
2026-10-03 17:31:35 | READ | Song | Fetching data connected to Song with Id: 17 | Results: 6
2026-10-03 17:31:35 | READ | Song | Fetching data connected to Song with Id: 18 | Results: 6
2026-10-03 17:31:35 | READ | Song | Fetching data connected to Song with Id: 19 | Results: 4
2026-10-03 17:31:35 | READ | Song | Fetching data connected to Song with Id: 20 | Results: 6
2026-10-03 17:31:35 | READ | Song | Fetching all songs.
2026-10-03 17:31:35 | READ | Song | Fetching data connected to Song with Id: 21 | Results: 4
2026-10-03 17:31:35 | READ | Song | Fetching data connected to Song with Id: 22 | Results: 6
2026-10-03 17:31:35 | READ | Song | Fetching data connected to Song with Id: 1 | Results: 6
2026-10-03 17:31:35 | READ | Song | Fetching data connected to Song with Id: 23 | Results: 6
2026-10-03 17:31:35 | READ | Song | Fetching data connected to Song with Id: 2 | Results: 6
2026-10-03 17:31:35 | READ | Song | Fetching data connected to Song with Id: 24 | Results: 6
2026-10-03 17:31:35 | READ | Song | Fetching data connected to Song with Id: 3 | Results: 6
2026-10-03 17:31:35 | READ | Song | Fetching data connected to Song with Id: 25 | Results: 6
2026-10-03 17:31:35 | READ | Song | Fetching data connected to Song with Id: 4 | Results: 6
2026-10-03 17:31:35 | READ | Song | Fetching data connected to Song with Id: 26 | Results: 6
2026-10-03 17:31:35 | READ | Song | Fetching data connected to Song with Id: 5 | Results: 6
2026-10-03 17:31:35 | READ | Song | Fetching data connected to Song with Id: 27 | Results: 6
2026-10-03 17:31:35 | READ | Song | Fetching data connected to Song with Id: 6 | Results: 4
2026-10-03 17:31:35 | READ | Song | Fetching data connected to Song with Id: 49 | Results: 4
2026-10-03 17:31:35 | READ | Song | Fetching data connected to Song with Id: 7 | Results: 4
2026-10-03 17:31:35 | READ | Song | Fetching data connected to Song with Id: 8 | Results: 8
2026-10-03 17:31:35 | READ | Song | Fetching data connected to Song with Id: 9 | Results: 6
2026-10-03 17:31:35 | READ | Song | Fetching data connected to Song with Id: 10 | Results: 6
2026-10-03 17:31:35 | READ | Song | Fetching data connected to Song with Id: 11 | Results: 6
2026-10-03 17:31:35 | READ | Song | Fetching data connected to Song with Id: 12 | Results: 6
2026-10-03 17:31:35 | READ | Song | Fetching data connected to Song with Id: 13 | Results: 6
2026-10-03 17:31:35 | READ | Song | Fetching data connected to Song with Id: 14 | Results: 6
2026-10-03 17:31:35 | READ | Song | Fetching data connected to Song with Id: 15 | Results: 6
2026-10-03 17:31:35 | READ | Song | Fetching data connected to Song with Id: 16 | Results: 6
2026-10-03 17:31:35 | READ | Song | Fetching data connected to Song with Id: 17 | Results: 6
2026-10-03 17:31:35 | READ | Song | Fetching data connected to Song with Id: 18 | Results: 6
2026-10-03 17:31:35 | READ | Song | Fetching data connected to Song with Id: 19 | Results: 4
2026-10-03 17:31:35 | READ | Song | Fetching data connected to Song with Id: 20 | Results: 6
2026-10-03 17:31:35 | READ | Song | Fetching data connected to Song with Id: 21 | Results: 4
2026-10-03 17:31:35 | READ | Song | Fetching data connected to Song with Id: 22 | Results: 6
2026-10-03 17:31:35 | READ | Song | Fetching data connected to Song with Id: 23 | Results: 6
2026-10-03 17:31:35 | READ | Song | Fetching data connected to Song with Id: 24 | Results: 6
2026-10-03 17:31:35 | READ | Song | Fetching data connected to Song with Id: 25 | Results: 6
2026-10-03 17:31:35 | READ | Song | Fetching data connected to Song with Id: 26 | Results: 6
2026-10-03 17:31:35 | READ | Song | Fetching data connected to Song with Id: 27 | Results: 6
2026-10-03 17:31:35 | READ | Song | Fetching data connected to Song with Id: 49 | Results: 4
2026-10-03 17:31:35 | READ | Song | Fetching all songs.
2026-10-03 17:31:35 | READ | Song | Fetching data connected to Song with Id: 1 | Results: 6
2026-10-03 17:31:35 | READ | Song | Fetching data connected to Song with Id: 2 | Results: 6
2026-10-03 17:31:35 | READ | Song | Fetching data connected to Song with Id: 3 | Results: 6
2026-10-03 17:31:36 | READ | Song | Fetching data connected to Song with Id: 4 | Results: 6
2026-10-03 17:31:36 | READ | Song | Fetching data connected to Song with Id: 5 | Results: 6
2026-10-03 17:31:36 | READ | Song | Fetching data connected to Song with Id: 6 | Results: 4
2026-10-03 17:31:36 | READ | Song | Fetching data connected to Song with Id: 7 | Results: 4
2026-10-03 17:31:36 | READ | Song | Fetching data connected to Song with Id: 8 | Results: 8
2026-10-03 17:31:36 | READ | Song | Fetching data connected to Song with Id: 9 | Results: 6
2026-10-03 17:31:36 | READ | Song | Fetching data connected to Song with Id: 10 | Results: 6
2026-10-03 17:31:36 | READ | Song | Fetching data connected to Song with Id: 11 | Results: 6
2026-10-03 17:31:36 | READ | Song | Fetching data connected to Song with Id: 12 | Results: 6
2026-10-03 17:31:36 | READ | Song | Fetching data connected to Song with Id: 13 | Results: 6
2026-10-03 17:31:36 | READ | Song | Fetching data connected to Song with Id: 14 | Results: 6
2026-10-03 17:31:36 | READ | Song | Fetching data connected to Song with Id: 15 | Results: 6
2026-10-03 17:31:36 | READ | Song | Fetching data connected to Song with Id: 16 | Results: 6
2026-10-03 17:31:36 | READ | Song | Fetching data connected to Song with Id: 17 | Results: 6
2026-10-03 17:31:36 | READ | Song | Fetching data connected to Song with Id: 18 | Results: 6
2026-10-03 17:31:36 | READ | Song | Fetching all songs.
2026-10-03 17:31:36 | READ | Song | Fetching data connected to Song with Id: 19 | Results: 4
2026-10-03 17:31:36 | READ | Song | Fetching data connected to Song with Id: 1 | Results: 6
2026-10-03 17:31:36 | READ | Song | Fetching data connected to Song with Id: 20 | Results: 6
2026-10-03 17:31:36 | READ | Song | Fetching data connected to Song with Id: 2 | Results: 6
2026-10-03 17:31:36 | READ | Song | Fetching data connected to Song with Id: 21 | Results: 4
2026-10-03 17:31:36 | READ | Song | Fetching data connected to Song with Id: 3 | Results: 6
2026-10-03 17:31:36 | READ | Song | Fetching data connected to Song with Id: 22 | Results: 6
2026-10-03 17:31:36 | READ | Song | Fetching data connected to Song with Id: 23 | Results: 6
2026-10-03 17:31:36 | READ | Song | Fetching data connected to Song with Id: 4 | Results: 6
2026-10-03 17:31:36 | READ | Song | Fetching data connected to Song with Id: 24 | Results: 6
2026-10-03 17:31:36 | READ | Song | Fetching data connected to Song with Id: 5 | Results: 6
2026-10-03 17:31:36 | READ | Song | Fetching data connected to Song with Id: 25 | Results: 6
2026-10-03 17:31:36 | READ | Song | Fetching data connected to Song with Id: 6 | Results: 4
2026-10-03 17:31:36 | READ | Song | Fetching data connected to Song with Id: 26 | Results: 6
2026-10-03 17:31:36 | READ | Song | Fetching data connected to Song with Id: 7 | Results: 4
2026-10-03 17:31:36 | READ | Song | Fetching data connected to Song with Id: 27 | Results: 6
2026-10-03 17:31:36 | READ | Song | Fetching data connected to Song with Id: 8 | Results: 8
2026-10-03 17:31:36 | READ | Song | Fetching data connected to Song with Id: 49 | Results: 4
2026-10-03 17:31:36 | READ | Song | Fetching data connected to Song with Id: 9 | Results: 6
2026-10-03 17:31:36 | READ | Song | Fetching data connected to Song with Id: 10 | Results: 6
2026-10-03 17:31:36 | READ | Song | Fetching data connected to Song with Id: 11 | Results: 6
2026-10-03 17:31:36 | READ | Song | Fetching data connected to Song with Id: 12 | Results: 6
2026-10-03 17:31:36 | READ | Song | Fetching data connected to Song with Id: 13 | Results: 6
2026-10-03 17:31:36 | READ | Song | Fetching data connected to Song with Id: 14 | Results: 6
2026-10-03 17:31:36 | READ | Song | Fetching data connected to Song with Id: 15 | Results: 6
2026-10-03 17:31:36 | READ | Song | Fetching data connected to Song with Id: 16 | Results: 6
2026-10-03 17:31:36 | READ | Song | Fetching data connected to Song with Id: 17 | Results: 6
2026-10-03 17:31:36 | READ | Song | Fetching data connected to Song with Id: 18 | Results: 6
2026-10-03 17:31:36 | READ | Song | Fetching data connected to Song with Id: 19 | Results: 4
2026-10-03 17:31:36 | READ | Song | Fetching data connected to Song with Id: 20 | Results: 6
2026-10-03 17:31:36 | READ | Song | Fetching data connected to Song with Id: 21 | Results: 4
2026-10-03 17:31:36 | READ | Song | Fetching data connected to Song with Id: 22 | Results: 6
2026-10-03 17:31:36 | READ | Song | Fetching data connected to Song with Id: 23 | Results: 6
2026-10-03 17:31:36 | READ | Song | Fetching data connected to Song with Id: 24 | Results: 6
2026-10-03 17:31:36 | READ | Song | Fetching data connected to Song with Id: 25 | Results: 6
2026-10-03 17:31:36 | READ | Song | Fetching data connected to Song with Id: 26 | Results: 6
2026-10-03 17:31:36 | READ | Song | Fetching data connected to Song with Id: 27 | Results: 6
2026-10-03 17:31:36 | READ | Song | Fetching data connected to Song with Id: 49 | Results: 4
2026-10-03 17:31:42 | READ | Song | Fetching all songs.
2026-10-03 17:31:42 | READ | Song | Fetching data connected to Song with Id: 1 | Results: 6
2026-10-03 17:31:42 | READ | Song | Fetching data connected to Song with Id: 2 | Results: 6
2026-10-03 17:31:42 | READ | Song | Fetching data connected to Song with Id: 3 | Results: 6
2026-10-03 17:31:42 | READ | Song | Fetching data connected to Song with Id: 4 | Results: 6
2026-10-03 17:31:42 | READ | Song | Fetching data connected to Song with Id: 5 | Results: 6
2026-10-03 17:31:42 | READ | Song | Fetching data connected to Song with Id: 6 | Results: 4
2026-10-03 17:31:42 | READ | Song | Fetching data connected to Song with Id: 7 | Results: 4
2026-10-03 17:31:42 | READ | Song | Fetching data connected to Song with Id: 8 | Results: 8
2026-10-03 17:31:42 | READ | Song | Fetching data connected to Song with Id: 9 | Results: 6
2026-10-03 17:31:42 | READ | Song | Fetching data connected to Song with Id: 10 | Results: 6
2026-10-03 17:31:42 | READ | Song | Fetching data connected to Song with Id: 11 | Results: 6
2026-10-03 17:31:42 | READ | Song | Fetching data connected to Song with Id: 12 | Results: 6
2026-10-03 17:31:42 | READ | Song | Fetching data connected to Song with Id: 13 | Results: 6
2026-10-03 17:31:42 | READ | Song | Fetching data connected to Song with Id: 14 | Results: 6
2026-10-03 17:31:42 | READ | Song | Fetching data connected to Song with Id: 15 | Results: 6
2026-10-03 17:31:42 | READ | Song | Fetching data connected to Song with Id: 16 | Results: 6
2026-10-03 17:31:42 | READ | Song | Fetching data connected to Song with Id: 17 | Results: 6
2026-10-03 17:31:42 | READ | Song | Fetching data connected to Song with Id: 18 | Results: 6
2026-10-03 17:31:42 | READ | Song | Fetching data connected to Song with Id: 19 | Results: 4
2026-10-03 17:31:42 | READ | Song | Fetching data connected to Song with Id: 20 | Results: 6
2026-10-03 17:31:42 | READ | Song | Fetching data connected to Song with Id: 21 | Results: 4
2026-10-03 17:31:42 | READ | Song | Fetching data connected to Song with Id: 22 | Results: 6
2026-10-03 17:31:42 | READ | Song | Fetching data connected to Song with Id: 23 | Results: 6
2026-10-03 17:31:42 | READ | Song | Fetching data connected to Song with Id: 24 | Results: 6
2026-10-03 17:31:42 | READ | Song | Fetching data connected to Song with Id: 25 | Results: 6
2026-10-03 17:31:42 | READ | Song | Fetching data connected to Song with Id: 26 | Results: 6
2026-10-03 17:31:42 | READ | Song | Fetching data connected to Song with Id: 27 | Results: 6
2026-10-03 17:31:42 | READ | Song | Fetching data connected to Song with Id: 49 | Results: 4
2026-10-03 17:31:47 | READ | Song | Fetching all songs.
2026-10-03 17:31:47 | READ | Song | Fetching data connected to Song with Id: 1 | Results: 6
2026-10-03 17:31:47 | READ | Song | Fetching data connected to Song with Id: 2 | Results: 6
2026-10-03 17:31:47 | READ | Song | Fetching data connected to Song with Id: 3 | Results: 6
2026-10-03 17:31:47 | READ | Song | Fetching data connected to Song with Id: 4 | Results: 6
2026-10-03 17:31:47 | READ | Song | Fetching data connected to Song with Id: 5 | Results: 6
2026-10-03 17:31:47 | READ | Song | Fetching data connected to Song with Id: 6 | Results: 4
2026-10-03 17:31:47 | READ | Song | Fetching data connected to Song with Id: 7 | Results: 4
2026-10-03 17:31:47 | READ | Song | Fetching data connected to Song with Id: 8 | Results: 8
2026-10-03 17:31:47 | READ | Song | Fetching data connected to Song with Id: 9 | Results: 6
2026-10-03 17:31:47 | READ | Song | Fetching data connected to Song with Id: 10 | Results: 6
2026-10-03 17:31:47 | READ | Song | Fetching data connected to Song with Id: 11 | Results: 6
2026-10-03 17:31:47 | READ | Song | Fetching data connected to Song with Id: 12 | Results: 6
2026-10-03 17:31:47 | READ | Song | Fetching data connected to Song with Id: 13 | Results: 6
2026-10-03 17:31:47 | READ | Song | Fetching data connected to Song with Id: 14 | Results: 6
2026-10-03 17:31:47 | READ | Song | Fetching data connected to Song with Id: 15 | Results: 6
2026-10-03 17:31:47 | READ | Song | Fetching data connected to Song with Id: 16 | Results: 6
2026-10-03 17:31:47 | READ | Song | Fetching data connected to Song with Id: 17 | Results: 6
2026-10-03 17:31:47 | READ | Song | Fetching data connected to Song with Id: 18 | Results: 6
2026-10-03 17:31:47 | READ | Song | Fetching data connected to Song with Id: 19 | Results: 4
2026-10-03 17:31:47 | READ | Song | Fetching data connected to Song with Id: 20 | Results: 6
2026-10-03 17:31:47 | READ | Song | Fetching data connected to Song with Id: 21 | Results: 4
2026-10-03 17:31:47 | READ | Song | Fetching data connected to Song with Id: 22 | Results: 6
2026-10-03 17:31:47 | READ | Song | Fetching data connected to Song with Id: 23 | Results: 6
2026-10-03 17:31:47 | READ | Song | Fetching data connected to Song with Id: 24 | Results: 6
2026-10-03 17:31:47 | READ | Song | Fetching data connected to Song with Id: 25 | Results: 6
2026-10-03 17:31:47 | READ | Song | Fetching data connected to Song with Id: 26 | Results: 6
2026-10-03 17:31:47 | READ | Song | Fetching data connected to Song with Id: 27 | Results: 6
2026-10-03 17:31:47 | READ | Song | Fetching data connected to Song with Id: 49 | Results: 4
2026-10-03 17:31:55 | READ | Song | Fetching all songs.
2026-10-03 17:31:55 | READ | Song | Fetching data connected to Song with Id: 1 | Results: 6
2026-10-03 17:31:55 | READ | Song | Fetching data connected to Song with Id: 2 | Results: 6
2026-10-03 17:31:55 | READ | Song | Fetching data connected to Song with Id: 3 | Results: 6
2026-10-03 17:31:55 | READ | Song | Fetching data connected to Song with Id: 4 | Results: 6
2026-10-03 17:31:55 | READ | Song | Fetching data connected to Song with Id: 5 | Results: 6
2026-10-03 17:31:55 | READ | Song | Fetching data connected to Song with Id: 6 | Results: 4
2026-10-03 17:31:55 | READ | Song | Fetching data connected to Song with Id: 7 | Results: 4
2026-10-03 17:31:55 | READ | Song | Fetching data connected to Song with Id: 8 | Results: 8
2026-10-03 17:31:55 | READ | Song | Fetching data connected to Song with Id: 9 | Results: 6
2026-10-03 17:31:55 | READ | Song | Fetching data connected to Song with Id: 10 | Results: 6
2026-10-03 17:31:55 | READ | Song | Fetching data connected to Song with Id: 11 | Results: 6
2026-10-03 17:31:55 | READ | Song | Fetching data connected to Song with Id: 12 | Results: 6
2026-10-03 17:31:55 | READ | Song | Fetching data connected to Song with Id: 13 | Results: 6
2026-10-03 17:31:55 | READ | Song | Fetching data connected to Song with Id: 14 | Results: 6
2026-10-03 17:31:55 | READ | Song | Fetching data connected to Song with Id: 15 | Results: 6
2026-10-03 17:31:55 | READ | Song | Fetching data connected to Song with Id: 16 | Results: 6
2026-10-03 17:31:55 | READ | Song | Fetching data connected to Song with Id: 17 | Results: 6
2026-10-03 17:31:55 | READ | Song | Fetching data connected to Song with Id: 18 | Results: 6
2026-10-03 17:31:55 | READ | Song | Fetching data connected to Song with Id: 19 | Results: 4
2026-10-03 17:31:55 | READ | Song | Fetching data connected to Song with Id: 20 | Results: 6
2026-10-03 17:31:55 | READ | Song | Fetching data connected to Song with Id: 21 | Results: 4
2026-10-03 17:31:55 | READ | Song | Fetching data connected to Song with Id: 22 | Results: 6
2026-10-03 17:31:55 | READ | Song | Fetching data connected to Song with Id: 23 | Results: 6
2026-10-03 17:31:55 | READ | Song | Fetching data connected to Song with Id: 24 | Results: 6
2026-10-03 17:31:55 | READ | Song | Fetching data connected to Song with Id: 25 | Results: 6
2026-10-03 17:31:55 | READ | Song | Fetching data connected to Song with Id: 26 | Results: 6
2026-10-03 17:31:55 | READ | Song | Fetching data connected to Song with Id: 27 | Results: 6
2026-10-03 17:31:55 | READ | Song | Fetching data connected to Song with Id: 49 | Results: 4
2026-10-03 17:36:57 | READ | Song | Fetching all songs.
2026-10-03 17:36:57 | READ | Song | Fetching data connected to Song with Id: 1 | Results: 6
2026-10-03 17:36:57 | READ | Song | Fetching data connected to Song with Id: 2 | Results: 6
2026-10-03 17:36:57 | READ | Song | Fetching data connected to Song with Id: 3 | Results: 6
2026-10-03 17:36:57 | READ | Song | Fetching data connected to Song with Id: 4 | Results: 6
2026-10-03 17:36:57 | READ | Song | Fetching data connected to Song with Id: 5 | Results: 6
2026-10-03 17:36:57 | READ | Song | Fetching data connected to Song with Id: 6 | Results: 4
2026-10-03 17:36:57 | READ | Song | Fetching data connected to Song with Id: 7 | Results: 4
2026-10-03 17:36:57 | READ | Song | Fetching data connected to Song with Id: 8 | Results: 8
2026-10-03 17:36:57 | READ | Song | Fetching data connected to Song with Id: 9 | Results: 6
2026-10-03 17:36:57 | READ | Song | Fetching data connected to Song with Id: 10 | Results: 6
2026-10-03 17:36:57 | READ | Song | Fetching data connected to Song with Id: 11 | Results: 6
2026-10-03 17:36:57 | READ | Song | Fetching data connected to Song with Id: 12 | Results: 6
2026-10-03 17:36:57 | READ | Song | Fetching data connected to Song with Id: 13 | Results: 6
2026-10-03 17:36:57 | READ | Song | Fetching data connected to Song with Id: 14 | Results: 6
2026-10-03 17:36:57 | READ | Song | Fetching data connected to Song with Id: 15 | Results: 6
2026-10-03 17:36:57 | READ | Song | Fetching data connected to Song with Id: 16 | Results: 6
2026-10-03 17:36:57 | READ | Song | Fetching data connected to Song with Id: 17 | Results: 6
2026-10-03 17:36:57 | READ | Song | Fetching data connected to Song with Id: 18 | Results: 6
2026-10-03 17:36:57 | READ | Song | Fetching data connected to Song with Id: 19 | Results: 4
2026-10-03 17:36:57 | READ | Song | Fetching data connected to Song with Id: 20 | Results: 6
2026-10-03 17:36:57 | READ | Song | Fetching data connected to Song with Id: 21 | Results: 4
2026-10-03 17:36:57 | READ | Song | Fetching data connected to Song with Id: 22 | Results: 6
2026-10-03 17:36:57 | READ | Song | Fetching data connected to Song with Id: 23 | Results: 6
2026-10-03 17:36:57 | READ | Song | Fetching data connected to Song with Id: 24 | Results: 6
2026-10-03 17:36:57 | READ | Song | Fetching data connected to Song with Id: 25 | Results: 6
2026-10-03 17:36:57 | READ | Song | Fetching data connected to Song with Id: 26 | Results: 6
2026-10-03 17:36:57 | READ | Song | Fetching data connected to Song with Id: 27 | Results: 6
2026-10-03 17:36:57 | READ | Song | Fetching data connected to Song with Id: 49 | Results: 4
2026-10-03 17:37:25 | READ | Song | Fetching all songs.
2026-10-03 17:37:25 | READ | Song | Fetching data connected to Song with Id: 1 | Results: 6
2026-10-03 17:37:25 | READ | Song | Fetching data connected to Song with Id: 2 | Results: 6
2026-10-03 17:37:25 | READ | Song | Fetching data connected to Song with Id: 3 | Results: 6
2026-10-03 17:37:25 | READ | Song | Fetching data connected to Song with Id: 4 | Results: 6
2026-10-03 17:37:25 | READ | Song | Fetching data connected to Song with Id: 5 | Results: 6
2026-10-03 17:37:25 | READ | Song | Fetching data connected to Song with Id: 6 | Results: 4
2026-10-03 17:37:25 | READ | Song | Fetching data connected to Song with Id: 7 | Results: 4
2026-10-03 17:37:25 | READ | Song | Fetching data connected to Song with Id: 8 | Results: 8
2026-10-03 17:37:25 | READ | Song | Fetching data connected to Song with Id: 9 | Results: 6
2026-10-03 17:37:25 | READ | Song | Fetching data connected to Song with Id: 10 | Results: 6
2026-10-03 17:37:25 | READ | Song | Fetching data connected to Song with Id: 11 | Results: 6
2026-10-03 17:37:25 | READ | Song | Fetching data connected to Song with Id: 12 | Results: 6
2026-10-03 17:37:25 | READ | Song | Fetching data connected to Song with Id: 13 | Results: 6
2026-10-03 17:37:25 | READ | Song | Fetching data connected to Song with Id: 14 | Results: 6
2026-10-03 17:37:25 | READ | Song | Fetching data connected to Song with Id: 15 | Results: 6
2026-10-03 17:37:25 | READ | Song | Fetching data connected to Song with Id: 16 | Results: 6
2026-10-03 17:37:25 | READ | Song | Fetching data connected to Song with Id: 17 | Results: 6
2026-10-03 17:37:25 | READ | Song | Fetching data connected to Song with Id: 18 | Results: 6
2026-10-03 17:37:25 | READ | Song | Fetching data connected to Song with Id: 19 | Results: 4
2026-10-03 17:37:25 | READ | Song | Fetching data connected to Song with Id: 20 | Results: 6
2026-10-03 17:37:25 | READ | Song | Fetching data connected to Song with Id: 21 | Results: 4
2026-10-03 17:37:25 | READ | Song | Fetching data connected to Song with Id: 22 | Results: 6
2026-10-03 17:37:25 | READ | Song | Fetching data connected to Song with Id: 23 | Results: 6
2026-10-03 17:37:25 | READ | Song | Fetching data connected to Song with Id: 24 | Results: 6
2026-10-03 17:37:25 | READ | Song | Fetching data connected to Song with Id: 25 | Results: 6
2026-10-03 17:37:25 | READ | Song | Fetching data connected to Song with Id: 26 | Results: 6
2026-10-03 17:37:25 | READ | Song | Fetching data connected to Song with Id: 27 | Results: 6
2026-10-03 17:37:25 | READ | Song | Fetching data connected to Song with Id: 49 | Results: 4
2026-10-03 18:01:04 | READ | Song | Fetching all songs.
2026-10-03 18:01:04 | READ | Song | Fetching data connected to Song with Id: 1 | Results: 6
2026-10-03 18:01:04 | READ | Song | Fetching data connected to Song with Id: 2 | Results: 6
2026-10-03 18:01:04 | READ | Song | Fetching data connected to Song with Id: 3 | Results: 6
2026-10-03 18:01:04 | READ | Song | Fetching data connected to Song with Id: 4 | Results: 6
2026-10-03 18:01:04 | READ | Song | Fetching data connected to Song with Id: 5 | Results: 6
2026-10-03 18:01:04 | READ | Song | Fetching data connected to Song with Id: 6 | Results: 4
2026-10-03 18:01:04 | READ | Song | Fetching data connected to Song with Id: 7 | Results: 4
2026-10-03 18:01:04 | READ | Song | Fetching data connected to Song with Id: 8 | Results: 8
2026-10-03 18:01:04 | READ | Song | Fetching data connected to Song with Id: 9 | Results: 6
2026-10-03 18:01:04 | READ | Song | Fetching data connected to Song with Id: 10 | Results: 6
2026-10-03 18:01:04 | READ | Song | Fetching data connected to Song with Id: 11 | Results: 6
2026-10-03 18:01:04 | READ | Song | Fetching data connected to Song with Id: 12 | Results: 6
2026-10-03 18:01:04 | READ | Song | Fetching data connected to Song with Id: 13 | Results: 6
2026-10-03 18:01:04 | READ | Song | Fetching data connected to Song with Id: 14 | Results: 6
2026-10-03 18:01:04 | READ | Song | Fetching data connected to Song with Id: 15 | Results: 6
2026-10-03 18:01:04 | READ | Song | Fetching data connected to Song with Id: 16 | Results: 6
2026-10-03 18:01:04 | READ | Song | Fetching data connected to Song with Id: 17 | Results: 6
2026-10-03 18:01:04 | READ | Song | Fetching data connected to Song with Id: 18 | Results: 6
2026-10-03 18:01:04 | READ | Song | Fetching data connected to Song with Id: 19 | Results: 4
2026-10-03 18:01:04 | READ | Song | Fetching data connected to Song with Id: 20 | Results: 6
2026-10-03 18:01:04 | READ | Song | Fetching data connected to Song with Id: 21 | Results: 4
2026-10-03 18:01:04 | READ | Song | Fetching data connected to Song with Id: 22 | Results: 6
2026-10-03 18:01:04 | READ | Song | Fetching data connected to Song with Id: 23 | Results: 6
2026-10-03 18:01:04 | READ | Song | Fetching data connected to Song with Id: 24 | Results: 6
2026-10-03 18:01:04 | READ | Song | Fetching data connected to Song with Id: 25 | Results: 6
2026-10-03 18:01:04 | READ | Song | Fetching data connected to Song with Id: 26 | Results: 6
2026-10-03 18:01:04 | READ | Song | Fetching data connected to Song with Id: 27 | Results: 6
2026-10-03 18:01:04 | READ | Song | Fetching data connected to Song with Id: 49 | Results: 4
2026-10-03 18:01:04 | READ | Song | Fetching all songs.
2026-10-03 18:01:04 | READ | Song | Fetching data connected to Song with Id: 1 | Results: 6
2026-10-03 18:01:04 | READ | Song | Fetching data connected to Song with Id: 2 | Results: 6
2026-10-03 18:01:04 | READ | Song | Fetching data connected to Song with Id: 3 | Results: 6
2026-10-03 18:01:04 | READ | Song | Fetching data connected to Song with Id: 4 | Results: 6
2026-10-03 18:01:04 | READ | Song | Fetching data connected to Song with Id: 5 | Results: 6
2026-10-03 18:01:04 | READ | Song | Fetching data connected to Song with Id: 6 | Results: 4
2026-10-03 18:01:04 | READ | Song | Fetching data connected to Song with Id: 7 | Results: 4
2026-10-03 18:01:04 | READ | Song | Fetching data connected to Song with Id: 8 | Results: 8
2026-10-03 18:01:04 | READ | Song | Fetching data connected to Song with Id: 9 | Results: 6
2026-10-03 18:01:04 | READ | Song | Fetching data connected to Song with Id: 10 | Results: 6
2026-10-03 18:01:04 | READ | Song | Fetching data connected to Song with Id: 11 | Results: 6
2026-10-03 18:01:04 | READ | Song | Fetching data connected to Song with Id: 12 | Results: 6
2026-10-03 18:01:04 | READ | Song | Fetching data connected to Song with Id: 13 | Results: 6
2026-10-03 18:01:04 | READ | Song | Fetching data connected to Song with Id: 14 | Results: 6
2026-10-03 18:01:04 | READ | Song | Fetching data connected to Song with Id: 15 | Results: 6
2026-10-03 18:01:04 | READ | Song | Fetching data connected to Song with Id: 16 | Results: 6
2026-10-03 18:01:04 | READ | Song | Fetching data connected to Song with Id: 17 | Results: 6
2026-10-03 18:01:04 | READ | Song | Fetching data connected to Song with Id: 18 | Results: 6
2026-10-03 18:01:04 | READ | Song | Fetching data connected to Song with Id: 19 | Results: 4
2026-10-03 18:01:04 | READ | Song | Fetching data connected to Song with Id: 20 | Results: 6
2026-10-03 18:01:04 | READ | Song | Fetching data connected to Song with Id: 21 | Results: 4
2026-10-03 18:01:04 | READ | Song | Fetching data connected to Song with Id: 22 | Results: 6
2026-10-03 18:01:04 | READ | Song | Fetching data connected to Song with Id: 23 | Results: 6
2026-10-03 18:01:04 | READ | Song | Fetching data connected to Song with Id: 24 | Results: 6
2026-10-03 18:01:04 | READ | Song | Fetching data connected to Song with Id: 25 | Results: 6
2026-10-03 18:01:04 | READ | Song | Fetching data connected to Song with Id: 26 | Results: 6
2026-10-03 18:01:04 | READ | Song | Fetching data connected to Song with Id: 27 | Results: 6
2026-10-03 18:01:04 | READ | Song | Fetching data connected to Song with Id: 49 | Results: 4
2026-10-03 18:01:04 | READ | Song | Fetching all songs.
2026-10-03 18:01:04 | READ | Song | Fetching data connected to Song with Id: 1 | Results: 6
2026-10-03 18:01:04 | READ | Song | Fetching data connected to Song with Id: 2 | Results: 6
2026-10-03 18:01:04 | READ | Song | Fetching data connected to Song with Id: 3 | Results: 6
2026-10-03 18:01:04 | READ | Song | Fetching data connected to Song with Id: 4 | Results: 6
2026-10-03 18:01:04 | READ | Song | Fetching data connected to Song with Id: 5 | Results: 6
2026-10-03 18:01:04 | READ | Song | Fetching data connected to Song with Id: 6 | Results: 4
2026-10-03 18:01:04 | READ | Song | Fetching data connected to Song with Id: 7 | Results: 4
2026-10-03 18:01:04 | READ | Song | Fetching data connected to Song with Id: 8 | Results: 8
2026-10-03 18:01:04 | READ | Song | Fetching data connected to Song with Id: 9 | Results: 6
2026-10-03 18:01:04 | READ | Song | Fetching data connected to Song with Id: 10 | Results: 6
2026-10-03 18:01:04 | READ | Song | Fetching data connected to Song with Id: 11 | Results: 6
2026-10-03 18:01:04 | READ | Song | Fetching data connected to Song with Id: 12 | Results: 6
2026-10-03 18:01:04 | READ | Song | Fetching data connected to Song with Id: 13 | Results: 6
2026-10-03 18:01:04 | READ | Song | Fetching data connected to Song with Id: 14 | Results: 6
2026-10-03 18:01:04 | READ | Song | Fetching data connected to Song with Id: 15 | Results: 6
2026-10-03 18:01:04 | READ | Song | Fetching data connected to Song with Id: 16 | Results: 6
2026-10-03 18:01:04 | READ | Song | Fetching data connected to Song with Id: 17 | Results: 6
2026-10-03 18:01:04 | READ | Song | Fetching data connected to Song with Id: 18 | Results: 6
2026-10-03 18:01:04 | READ | Song | Fetching data connected to Song with Id: 19 | Results: 4
2026-10-03 18:01:04 | READ | Song | Fetching data connected to Song with Id: 20 | Results: 6
2026-10-03 18:01:04 | READ | Song | Fetching data connected to Song with Id: 21 | Results: 4
2026-10-03 18:01:04 | READ | Song | Fetching data connected to Song with Id: 22 | Results: 6
2026-10-03 18:01:04 | READ | Song | Fetching data connected to Song with Id: 23 | Results: 6
2026-10-03 18:01:04 | READ | Song | Fetching data connected to Song with Id: 24 | Results: 6
2026-10-03 18:01:04 | READ | Song | Fetching data connected to Song with Id: 25 | Results: 6
2026-10-03 18:01:04 | READ | Song | Fetching data connected to Song with Id: 26 | Results: 6
2026-10-03 18:01:04 | READ | Song | Fetching data connected to Song with Id: 27 | Results: 6
2026-10-03 18:01:04 | READ | Song | Fetching data connected to Song with Id: 49 | Results: 4
2026-10-03 18:01:07 | READ | Song | Fetching all songs.
2026-10-03 18:01:07 | READ | Song | Fetching data connected to Song with Id: 1 | Results: 6
2026-10-03 18:01:07 | READ | Song | Fetching data connected to Song with Id: 2 | Results: 6
2026-10-03 18:01:07 | READ | Song | Fetching data connected to Song with Id: 3 | Results: 6
2026-10-03 18:01:07 | READ | Song | Fetching data connected to Song with Id: 4 | Results: 6
2026-10-03 18:01:07 | READ | Song | Fetching data connected to Song with Id: 5 | Results: 6
2026-10-03 18:01:07 | READ | Song | Fetching data connected to Song with Id: 6 | Results: 4
2026-10-03 18:01:07 | READ | Song | Fetching data connected to Song with Id: 7 | Results: 4
2026-10-03 18:01:07 | READ | Song | Fetching data connected to Song with Id: 8 | Results: 8
2026-10-03 18:01:07 | READ | Song | Fetching data connected to Song with Id: 9 | Results: 6
2026-10-03 18:01:07 | READ | Song | Fetching data connected to Song with Id: 10 | Results: 6
2026-10-03 18:01:07 | READ | Song | Fetching data connected to Song with Id: 11 | Results: 6
2026-10-03 18:01:07 | READ | Song | Fetching data connected to Song with Id: 12 | Results: 6
2026-10-03 18:01:07 | READ | Song | Fetching data connected to Song with Id: 13 | Results: 6
2026-10-03 18:01:07 | READ | Song | Fetching data connected to Song with Id: 14 | Results: 6
2026-10-03 18:01:07 | READ | Song | Fetching data connected to Song with Id: 15 | Results: 6
2026-10-03 18:01:07 | READ | Song | Fetching data connected to Song with Id: 16 | Results: 6
2026-10-03 18:01:07 | READ | Song | Fetching data connected to Song with Id: 17 | Results: 6
2026-10-03 18:01:07 | READ | Song | Fetching data connected to Song with Id: 18 | Results: 6
2026-10-03 18:01:07 | READ | Song | Fetching data connected to Song with Id: 19 | Results: 4
2026-10-03 18:01:07 | READ | Song | Fetching data connected to Song with Id: 20 | Results: 6
2026-10-03 18:01:07 | READ | Song | Fetching data connected to Song with Id: 21 | Results: 4
2026-10-03 18:01:07 | READ | Song | Fetching data connected to Song with Id: 22 | Results: 6
2026-10-03 18:01:07 | READ | Song | Fetching data connected to Song with Id: 23 | Results: 6
2026-10-03 18:01:07 | READ | Song | Fetching data connected to Song with Id: 24 | Results: 6
2026-10-03 18:01:07 | READ | Song | Fetching data connected to Song with Id: 25 | Results: 6
2026-10-03 18:01:07 | READ | Song | Fetching data connected to Song with Id: 26 | Results: 6
2026-10-03 18:01:07 | READ | Song | Fetching data connected to Song with Id: 27 | Results: 6
2026-10-03 18:01:07 | READ | Song | Fetching data connected to Song with Id: 49 | Results: 4
2026-10-03 18:01:08 | READ | Song | Fetching all songs.
2026-10-03 18:01:08 | READ | Song | Fetching data connected to Song with Id: 1 | Results: 6
2026-10-03 18:01:08 | READ | Song | Fetching data connected to Song with Id: 2 | Results: 6
2026-10-03 18:01:08 | READ | Song | Fetching data connected to Song with Id: 3 | Results: 6
2026-10-03 18:01:08 | READ | Song | Fetching data connected to Song with Id: 4 | Results: 6
2026-10-03 18:01:08 | READ | Song | Fetching data connected to Song with Id: 5 | Results: 6
2026-10-03 18:01:08 | READ | Song | Fetching data connected to Song with Id: 6 | Results: 4
2026-10-03 18:01:08 | READ | Song | Fetching data connected to Song with Id: 7 | Results: 4
2026-10-03 18:01:08 | READ | Song | Fetching data connected to Song with Id: 8 | Results: 8
2026-10-03 18:01:08 | READ | Song | Fetching data connected to Song with Id: 9 | Results: 6
2026-10-03 18:01:08 | READ | Song | Fetching data connected to Song with Id: 10 | Results: 6
2026-10-03 18:01:08 | READ | Song | Fetching data connected to Song with Id: 11 | Results: 6
2026-10-03 18:01:08 | READ | Song | Fetching data connected to Song with Id: 12 | Results: 6
2026-10-03 18:01:08 | READ | Song | Fetching data connected to Song with Id: 13 | Results: 6
2026-10-03 18:01:08 | READ | Song | Fetching data connected to Song with Id: 14 | Results: 6
2026-10-03 18:01:08 | READ | Song | Fetching data connected to Song with Id: 15 | Results: 6
2026-10-03 18:01:08 | READ | Song | Fetching data connected to Song with Id: 16 | Results: 6
2026-10-03 18:01:08 | READ | Song | Fetching data connected to Song with Id: 17 | Results: 6
2026-10-03 18:01:08 | READ | Song | Fetching data connected to Song with Id: 18 | Results: 6
2026-10-03 18:01:08 | READ | Song | Fetching data connected to Song with Id: 19 | Results: 4
2026-10-03 18:01:08 | READ | Song | Fetching data connected to Song with Id: 20 | Results: 6
2026-10-03 18:01:08 | READ | Song | Fetching data connected to Song with Id: 21 | Results: 4
2026-10-03 18:01:08 | READ | Song | Fetching data connected to Song with Id: 22 | Results: 6
2026-10-03 18:01:08 | READ | Song | Fetching data connected to Song with Id: 23 | Results: 6
2026-10-03 18:01:08 | READ | Song | Fetching data connected to Song with Id: 24 | Results: 6
2026-10-03 18:01:08 | READ | Song | Fetching data connected to Song with Id: 25 | Results: 6
2026-10-03 18:01:08 | READ | Song | Fetching data connected to Song with Id: 26 | Results: 6
2026-10-03 18:01:08 | READ | Song | Fetching data connected to Song with Id: 27 | Results: 6
2026-10-03 18:01:08 | READ | Song | Fetching data connected to Song with Id: 49 | Results: 4
2026-10-03 18:01:08 | READ | Song | Fetching all songs.
2026-10-03 18:01:08 | READ | Song | Fetching data connected to Song with Id: 1 | Results: 6
2026-10-03 18:01:08 | READ | Song | Fetching data connected to Song with Id: 2 | Results: 6
2026-10-03 18:01:08 | READ | Song | Fetching data connected to Song with Id: 3 | Results: 6
2026-10-03 18:01:08 | READ | Song | Fetching data connected to Song with Id: 4 | Results: 6
2026-10-03 18:01:08 | READ | Song | Fetching data connected to Song with Id: 5 | Results: 6
2026-10-03 18:01:08 | READ | Song | Fetching data connected to Song with Id: 6 | Results: 4
2026-10-03 18:01:08 | READ | Song | Fetching data connected to Song with Id: 7 | Results: 4
2026-10-03 18:01:08 | READ | Song | Fetching data connected to Song with Id: 8 | Results: 8
2026-10-03 18:01:08 | READ | Song | Fetching data connected to Song with Id: 9 | Results: 6
2026-10-03 18:01:08 | READ | Song | Fetching data connected to Song with Id: 10 | Results: 6
2026-10-03 18:01:08 | READ | Song | Fetching data connected to Song with Id: 11 | Results: 6
2026-10-03 18:01:08 | READ | Song | Fetching data connected to Song with Id: 12 | Results: 6
2026-10-03 18:01:08 | READ | Song | Fetching data connected to Song with Id: 13 | Results: 6
2026-10-03 18:01:08 | READ | Song | Fetching data connected to Song with Id: 14 | Results: 6
2026-10-03 18:01:08 | READ | Song | Fetching data connected to Song with Id: 15 | Results: 6
2026-10-03 18:01:08 | READ | Song | Fetching data connected to Song with Id: 16 | Results: 6
2026-10-03 18:01:08 | READ | Song | Fetching data connected to Song with Id: 17 | Results: 6
2026-10-03 18:01:08 | READ | Song | Fetching data connected to Song with Id: 18 | Results: 6
2026-10-03 18:01:08 | READ | Song | Fetching data connected to Song with Id: 19 | Results: 4
2026-10-03 18:01:08 | READ | Song | Fetching data connected to Song with Id: 20 | Results: 6
2026-10-03 18:01:08 | READ | Song | Fetching data connected to Song with Id: 21 | Results: 4
2026-10-03 18:01:08 | READ | Song | Fetching data connected to Song with Id: 22 | Results: 6
2026-10-03 18:01:08 | READ | Song | Fetching data connected to Song with Id: 23 | Results: 6
2026-10-03 18:01:08 | READ | Song | Fetching data connected to Song with Id: 24 | Results: 6
2026-10-03 18:01:08 | READ | Song | Fetching data connected to Song with Id: 25 | Results: 6
2026-10-03 18:01:08 | READ | Song | Fetching data connected to Song with Id: 26 | Results: 6
2026-10-03 18:01:08 | READ | Song | Fetching data connected to Song with Id: 27 | Results: 6
2026-10-03 18:01:08 | READ | Song | Fetching data connected to Song with Id: 49 | Results: 4
2026-10-03 18:01:10 | READ | Song | Fetching all songs.
2026-10-03 18:01:10 | READ | Song | Fetching data connected to Song with Id: 1 | Results: 6
2026-10-03 18:01:10 | READ | Song | Fetching data connected to Song with Id: 2 | Results: 6
2026-10-03 18:01:10 | READ | Song | Fetching data connected to Song with Id: 3 | Results: 6
2026-10-03 18:01:10 | READ | Song | Fetching data connected to Song with Id: 4 | Results: 6
2026-10-03 18:01:10 | READ | Song | Fetching data connected to Song with Id: 5 | Results: 6
2026-10-03 18:01:10 | READ | Song | Fetching data connected to Song with Id: 6 | Results: 4
2026-10-03 18:01:10 | READ | Song | Fetching data connected to Song with Id: 7 | Results: 4
2026-10-03 18:01:10 | READ | Song | Fetching data connected to Song with Id: 8 | Results: 8
2026-10-03 18:01:10 | READ | Song | Fetching data connected to Song with Id: 9 | Results: 6
2026-10-03 18:01:10 | READ | Song | Fetching data connected to Song with Id: 10 | Results: 6
2026-10-03 18:01:10 | READ | Song | Fetching data connected to Song with Id: 11 | Results: 6
2026-10-03 18:01:10 | READ | Song | Fetching data connected to Song with Id: 12 | Results: 6
2026-10-03 18:01:10 | READ | Song | Fetching data connected to Song with Id: 13 | Results: 6
2026-10-03 18:01:10 | READ | Song | Fetching data connected to Song with Id: 14 | Results: 6
2026-10-03 18:01:10 | READ | Song | Fetching data connected to Song with Id: 15 | Results: 6
2026-10-03 18:01:10 | READ | Song | Fetching data connected to Song with Id: 16 | Results: 6
2026-10-03 18:01:10 | READ | Song | Fetching data connected to Song with Id: 17 | Results: 6
2026-10-03 18:01:10 | READ | Song | Fetching data connected to Song with Id: 18 | Results: 6
2026-10-03 18:01:10 | READ | Song | Fetching data connected to Song with Id: 19 | Results: 4
2026-10-03 18:01:10 | READ | Song | Fetching data connected to Song with Id: 20 | Results: 6
2026-10-03 18:01:10 | READ | Song | Fetching data connected to Song with Id: 21 | Results: 4
2026-10-03 18:01:10 | READ | Song | Fetching data connected to Song with Id: 22 | Results: 6
2026-10-03 18:01:10 | READ | Song | Fetching data connected to Song with Id: 23 | Results: 6
2026-10-03 18:01:10 | READ | Song | Fetching data connected to Song with Id: 24 | Results: 6
2026-10-03 18:01:10 | READ | Song | Fetching data connected to Song with Id: 25 | Results: 6
2026-10-03 18:01:10 | READ | Song | Fetching data connected to Song with Id: 26 | Results: 6
2026-10-03 18:01:10 | READ | Song | Fetching data connected to Song with Id: 27 | Results: 6
2026-10-03 18:01:10 | READ | Song | Fetching data connected to Song with Id: 49 | Results: 4
2026-10-03 18:01:10 | READ | Song | Fetching all songs.
2026-10-03 18:01:10 | READ | Song | Fetching data connected to Song with Id: 1 | Results: 6
2026-10-03 18:01:10 | READ | Song | Fetching data connected to Song with Id: 2 | Results: 6
2026-10-03 18:01:10 | READ | Song | Fetching data connected to Song with Id: 3 | Results: 6
2026-10-03 18:01:10 | READ | Song | Fetching data connected to Song with Id: 4 | Results: 6
2026-10-03 18:01:10 | READ | Song | Fetching data connected to Song with Id: 5 | Results: 6
2026-10-03 18:01:10 | READ | Song | Fetching data connected to Song with Id: 6 | Results: 4
2026-10-03 18:01:10 | READ | Song | Fetching data connected to Song with Id: 7 | Results: 4
2026-10-03 18:01:10 | READ | Song | Fetching data connected to Song with Id: 8 | Results: 8
2026-10-03 18:01:10 | READ | Song | Fetching data connected to Song with Id: 9 | Results: 6
2026-10-03 18:01:10 | READ | Song | Fetching data connected to Song with Id: 10 | Results: 6
2026-10-03 18:01:10 | READ | Song | Fetching data connected to Song with Id: 11 | Results: 6
2026-10-03 18:01:10 | READ | Song | Fetching data connected to Song with Id: 12 | Results: 6
2026-10-03 18:01:10 | READ | Song | Fetching data connected to Song with Id: 13 | Results: 6
2026-10-03 18:01:10 | READ | Song | Fetching data connected to Song with Id: 14 | Results: 6
2026-10-03 18:01:10 | READ | Song | Fetching data connected to Song with Id: 15 | Results: 6
2026-10-03 18:01:10 | READ | Song | Fetching data connected to Song with Id: 16 | Results: 6
2026-10-03 18:01:10 | READ | Song | Fetching data connected to Song with Id: 17 | Results: 6
2026-10-03 18:01:10 | READ | Song | Fetching data connected to Song with Id: 18 | Results: 6
2026-10-03 18:01:10 | READ | Song | Fetching data connected to Song with Id: 19 | Results: 4
2026-10-03 18:01:10 | READ | Song | Fetching data connected to Song with Id: 20 | Results: 6
2026-10-03 18:01:10 | READ | Song | Fetching data connected to Song with Id: 21 | Results: 4
2026-10-03 18:01:10 | READ | Song | Fetching data connected to Song with Id: 22 | Results: 6
2026-10-03 18:01:10 | READ | Song | Fetching data connected to Song with Id: 23 | Results: 6
2026-10-03 18:01:10 | READ | Song | Fetching data connected to Song with Id: 24 | Results: 6
2026-10-03 18:01:10 | READ | Song | Fetching data connected to Song with Id: 25 | Results: 6
2026-10-03 18:01:10 | READ | Song | Fetching data connected to Song with Id: 26 | Results: 6
2026-10-03 18:01:10 | READ | Song | Fetching data connected to Song with Id: 27 | Results: 6
2026-10-03 18:01:10 | READ | Song | Fetching data connected to Song with Id: 49 | Results: 4
2026-10-03 18:01:10 | READ | Song | Fetching all songs.
2026-10-03 18:01:10 | READ | Song | Fetching data connected to Song with Id: 1 | Results: 6
2026-10-03 18:01:10 | READ | Song | Fetching data connected to Song with Id: 2 | Results: 6
2026-10-03 18:01:10 | READ | Song | Fetching data connected to Song with Id: 3 | Results: 6
2026-10-03 18:01:10 | READ | Song | Fetching data connected to Song with Id: 4 | Results: 6
2026-10-03 18:01:10 | READ | Song | Fetching data connected to Song with Id: 5 | Results: 6
2026-10-03 18:01:10 | READ | Song | Fetching data connected to Song with Id: 6 | Results: 4
2026-10-03 18:01:10 | READ | Song | Fetching data connected to Song with Id: 7 | Results: 4
2026-10-03 18:01:10 | READ | Song | Fetching data connected to Song with Id: 8 | Results: 8
2026-10-03 18:01:10 | READ | Song | Fetching data connected to Song with Id: 9 | Results: 6
2026-10-03 18:01:10 | READ | Song | Fetching data connected to Song with Id: 10 | Results: 6
2026-10-03 18:01:10 | READ | Song | Fetching data connected to Song with Id: 11 | Results: 6
2026-10-03 18:01:10 | READ | Song | Fetching data connected to Song with Id: 12 | Results: 6
2026-10-03 18:01:10 | READ | Song | Fetching data connected to Song with Id: 13 | Results: 6
2026-10-03 18:01:10 | READ | Song | Fetching data connected to Song with Id: 14 | Results: 6
2026-10-03 18:01:10 | READ | Song | Fetching data connected to Song with Id: 15 | Results: 6
2026-10-03 18:01:10 | READ | Song | Fetching data connected to Song with Id: 16 | Results: 6
2026-10-03 18:01:10 | READ | Song | Fetching data connected to Song with Id: 17 | Results: 6
2026-10-03 18:01:10 | READ | Song | Fetching data connected to Song with Id: 18 | Results: 6
2026-10-03 18:01:10 | READ | Song | Fetching data connected to Song with Id: 19 | Results: 4
2026-10-03 18:01:10 | READ | Song | Fetching data connected to Song with Id: 20 | Results: 6
2026-10-03 18:01:10 | READ | Song | Fetching data connected to Song with Id: 21 | Results: 4
2026-10-03 18:01:10 | READ | Song | Fetching data connected to Song with Id: 22 | Results: 6
2026-10-03 18:01:10 | READ | Song | Fetching data connected to Song with Id: 23 | Results: 6
2026-10-03 18:01:10 | READ | Song | Fetching data connected to Song with Id: 24 | Results: 6
2026-10-03 18:01:10 | READ | Song | Fetching data connected to Song with Id: 25 | Results: 6
2026-10-03 18:01:10 | READ | Song | Fetching data connected to Song with Id: 26 | Results: 6
2026-10-03 18:01:10 | READ | Song | Fetching data connected to Song with Id: 27 | Results: 6
2026-10-03 18:01:10 | READ | Song | Fetching data connected to Song with Id: 49 | Results: 4
2026-10-03 18:01:10 | READ | Song | Fetching all songs.
2026-10-03 18:01:10 | READ | Song | Fetching data connected to Song with Id: 1 | Results: 6
2026-10-03 18:01:10 | READ | Song | Fetching data connected to Song with Id: 2 | Results: 6
2026-10-03 18:01:10 | READ | Song | Fetching data connected to Song with Id: 3 | Results: 6
2026-10-03 18:01:10 | READ | Song | Fetching data connected to Song with Id: 4 | Results: 6
2026-10-03 18:01:10 | READ | Song | Fetching data connected to Song with Id: 5 | Results: 6
2026-10-03 18:01:10 | READ | Song | Fetching data connected to Song with Id: 6 | Results: 4
2026-10-03 18:01:10 | READ | Song | Fetching data connected to Song with Id: 7 | Results: 4
2026-10-03 18:01:10 | READ | Song | Fetching data connected to Song with Id: 8 | Results: 8
2026-10-03 18:01:10 | READ | Song | Fetching data connected to Song with Id: 9 | Results: 6
2026-10-03 18:01:10 | READ | Song | Fetching data connected to Song with Id: 10 | Results: 6
2026-10-03 18:01:10 | READ | Song | Fetching data connected to Song with Id: 11 | Results: 6
2026-10-03 18:01:10 | READ | Song | Fetching data connected to Song with Id: 12 | Results: 6
2026-10-03 18:01:10 | READ | Song | Fetching data connected to Song with Id: 13 | Results: 6
2026-10-03 18:01:10 | READ | Song | Fetching data connected to Song with Id: 14 | Results: 6
2026-10-03 18:01:10 | READ | Song | Fetching data connected to Song with Id: 15 | Results: 6
2026-10-03 18:01:10 | READ | Song | Fetching data connected to Song with Id: 16 | Results: 6
2026-10-03 18:01:10 | READ | Song | Fetching data connected to Song with Id: 17 | Results: 6
2026-10-03 18:01:10 | READ | Song | Fetching data connected to Song with Id: 18 | Results: 6
2026-10-03 18:01:10 | READ | Song | Fetching data connected to Song with Id: 19 | Results: 4
2026-10-03 18:01:10 | READ | Song | Fetching data connected to Song with Id: 20 | Results: 6
2026-10-03 18:01:10 | READ | Song | Fetching data connected to Song with Id: 21 | Results: 4
2026-10-03 18:01:10 | READ | Song | Fetching data connected to Song with Id: 22 | Results: 6
2026-10-03 18:01:10 | READ | Song | Fetching data connected to Song with Id: 23 | Results: 6
2026-10-03 18:01:10 | READ | Song | Fetching data connected to Song with Id: 24 | Results: 6
2026-10-03 18:01:10 | READ | Song | Fetching data connected to Song with Id: 25 | Results: 6
2026-10-03 18:01:10 | READ | Song | Fetching data connected to Song with Id: 26 | Results: 6
2026-10-03 18:01:10 | READ | Song | Fetching data connected to Song with Id: 27 | Results: 6
2026-10-03 18:01:10 | READ | Song | Fetching data connected to Song with Id: 49 | Results: 4
2026-10-03 18:01:26 | READ | Song | Fetching all songs.
2026-10-03 18:01:26 | READ | Song | Fetching data connected to Song with Id: 1 | Results: 6
2026-10-03 18:01:26 | READ | Song | Fetching data connected to Song with Id: 2 | Results: 6
2026-10-03 18:01:26 | READ | Song | Fetching data connected to Song with Id: 3 | Results: 6
2026-10-03 18:01:26 | READ | Song | Fetching data connected to Song with Id: 4 | Results: 6
2026-10-03 18:01:26 | READ | Song | Fetching data connected to Song with Id: 5 | Results: 6
2026-10-03 18:01:26 | READ | Song | Fetching data connected to Song with Id: 6 | Results: 4
2026-10-03 18:01:26 | READ | Song | Fetching data connected to Song with Id: 7 | Results: 4
2026-10-03 18:01:26 | READ | Song | Fetching data connected to Song with Id: 8 | Results: 8
2026-10-03 18:01:26 | READ | Song | Fetching data connected to Song with Id: 9 | Results: 6
2026-10-03 18:01:26 | READ | Song | Fetching data connected to Song with Id: 10 | Results: 6
2026-10-03 18:01:26 | READ | Song | Fetching data connected to Song with Id: 11 | Results: 6
2026-10-03 18:01:26 | READ | Song | Fetching data connected to Song with Id: 12 | Results: 6
2026-10-03 18:01:26 | READ | Song | Fetching data connected to Song with Id: 13 | Results: 6
2026-10-03 18:01:26 | READ | Song | Fetching data connected to Song with Id: 14 | Results: 6
2026-10-03 18:01:26 | READ | Song | Fetching data connected to Song with Id: 15 | Results: 6
2026-10-03 18:01:26 | READ | Song | Fetching data connected to Song with Id: 16 | Results: 6
2026-10-03 18:01:26 | READ | Song | Fetching data connected to Song with Id: 17 | Results: 6
2026-10-03 18:01:26 | READ | Song | Fetching data connected to Song with Id: 18 | Results: 6
2026-10-03 18:01:26 | READ | Song | Fetching data connected to Song with Id: 19 | Results: 4
2026-10-03 18:01:26 | READ | Song | Fetching data connected to Song with Id: 20 | Results: 6
2026-10-03 18:01:26 | READ | Song | Fetching data connected to Song with Id: 21 | Results: 4
2026-10-03 18:01:26 | READ | Song | Fetching data connected to Song with Id: 22 | Results: 6
2026-10-03 18:01:26 | READ | Song | Fetching data connected to Song with Id: 23 | Results: 6
2026-10-03 18:01:26 | READ | Song | Fetching data connected to Song with Id: 24 | Results: 6
2026-10-03 18:01:26 | READ | Song | Fetching data connected to Song with Id: 25 | Results: 6
2026-10-03 18:01:26 | READ | Song | Fetching data connected to Song with Id: 26 | Results: 6
2026-10-03 18:01:26 | READ | Song | Fetching data connected to Song with Id: 27 | Results: 6
2026-10-03 18:01:26 | READ | Song | Fetching data connected to Song with Id: 49 | Results: 4
2026-10-03 18:01:28 | READ | Song | Fetching all songs.
2026-10-03 18:01:28 | READ | Song | Fetching data connected to Song with Id: 1 | Results: 6
2026-10-03 18:01:28 | READ | Song | Fetching data connected to Song with Id: 2 | Results: 6
2026-10-03 18:01:28 | READ | Song | Fetching data connected to Song with Id: 3 | Results: 6
2026-10-03 18:01:28 | READ | Song | Fetching data connected to Song with Id: 4 | Results: 6
2026-10-03 18:01:28 | READ | Song | Fetching data connected to Song with Id: 5 | Results: 6
2026-10-03 18:01:28 | READ | Song | Fetching data connected to Song with Id: 6 | Results: 4
2026-10-03 18:01:28 | READ | Song | Fetching data connected to Song with Id: 7 | Results: 4
2026-10-03 18:01:28 | READ | Song | Fetching data connected to Song with Id: 8 | Results: 8
2026-10-03 18:01:28 | READ | Song | Fetching data connected to Song with Id: 9 | Results: 6
2026-10-03 18:01:28 | READ | Song | Fetching data connected to Song with Id: 10 | Results: 6
2026-10-03 18:01:28 | READ | Song | Fetching data connected to Song with Id: 11 | Results: 6
2026-10-03 18:01:28 | READ | Song | Fetching data connected to Song with Id: 12 | Results: 6
2026-10-03 18:01:28 | READ | Song | Fetching data connected to Song with Id: 13 | Results: 6
2026-10-03 18:01:28 | READ | Song | Fetching data connected to Song with Id: 14 | Results: 6
2026-10-03 18:01:28 | READ | Song | Fetching data connected to Song with Id: 15 | Results: 6
2026-10-03 18:01:28 | READ | Song | Fetching data connected to Song with Id: 16 | Results: 6
2026-10-03 18:01:28 | READ | Song | Fetching data connected to Song with Id: 17 | Results: 6
2026-10-03 18:01:28 | READ | Song | Fetching data connected to Song with Id: 18 | Results: 6
2026-10-03 18:01:28 | READ | Song | Fetching data connected to Song with Id: 19 | Results: 4
2026-10-03 18:01:28 | READ | Song | Fetching data connected to Song with Id: 20 | Results: 6
2026-10-03 18:01:28 | READ | Song | Fetching data connected to Song with Id: 21 | Results: 4
2026-10-03 18:01:28 | READ | Song | Fetching data connected to Song with Id: 22 | Results: 6
2026-10-03 18:01:28 | READ | Song | Fetching data connected to Song with Id: 23 | Results: 6
2026-10-03 18:01:28 | READ | Song | Fetching data connected to Song with Id: 24 | Results: 6
2026-10-03 18:01:28 | READ | Song | Fetching data connected to Song with Id: 25 | Results: 6
2026-10-03 18:01:28 | READ | Song | Fetching data connected to Song with Id: 26 | Results: 6
2026-10-03 18:01:28 | READ | Song | Fetching data connected to Song with Id: 27 | Results: 6
2026-10-03 18:01:28 | READ | Song | Fetching data connected to Song with Id: 49 | Results: 4
2026-10-03 18:06:23 | READ | Song | Fetching all songs.
2026-10-03 18:06:23 | READ | Song | Fetching data connected to Song with Id: 1 | Results: 6
2026-10-03 18:06:23 | READ | Song | Fetching data connected to Song with Id: 2 | Results: 6
2026-10-03 18:06:23 | READ | Song | Fetching data connected to Song with Id: 3 | Results: 6
2026-10-03 18:06:23 | READ | Song | Fetching data connected to Song with Id: 4 | Results: 6
2026-10-03 18:06:23 | READ | Song | Fetching data connected to Song with Id: 5 | Results: 6
2026-10-03 18:06:23 | READ | Song | Fetching data connected to Song with Id: 6 | Results: 4
2026-10-03 18:06:23 | READ | Song | Fetching data connected to Song with Id: 7 | Results: 4
2026-10-03 18:06:23 | READ | Song | Fetching data connected to Song with Id: 8 | Results: 8
2026-10-03 18:06:23 | READ | Song | Fetching data connected to Song with Id: 9 | Results: 6
2026-10-03 18:06:23 | READ | Song | Fetching data connected to Song with Id: 10 | Results: 6
2026-10-03 18:06:23 | READ | Song | Fetching data connected to Song with Id: 11 | Results: 6
2026-10-03 18:06:23 | READ | Song | Fetching data connected to Song with Id: 12 | Results: 6
2026-10-03 18:06:23 | READ | Song | Fetching data connected to Song with Id: 13 | Results: 6
2026-10-03 18:06:23 | READ | Song | Fetching data connected to Song with Id: 14 | Results: 6
2026-10-03 18:06:23 | READ | Song | Fetching data connected to Song with Id: 15 | Results: 6
2026-10-03 18:06:23 | READ | Song | Fetching data connected to Song with Id: 16 | Results: 6
2026-10-03 18:06:23 | READ | Song | Fetching data connected to Song with Id: 17 | Results: 6
2026-10-03 18:06:23 | READ | Song | Fetching data connected to Song with Id: 18 | Results: 6
2026-10-03 18:06:23 | READ | Song | Fetching data connected to Song with Id: 19 | Results: 4
2026-10-03 18:06:23 | READ | Song | Fetching data connected to Song with Id: 20 | Results: 6
2026-10-03 18:06:23 | READ | Song | Fetching data connected to Song with Id: 21 | Results: 4
2026-10-03 18:06:23 | READ | Song | Fetching data connected to Song with Id: 22 | Results: 6
2026-10-03 18:06:23 | READ | Song | Fetching data connected to Song with Id: 23 | Results: 6
2026-10-03 18:06:23 | READ | Song | Fetching data connected to Song with Id: 24 | Results: 6
2026-10-03 18:06:23 | READ | Song | Fetching data connected to Song with Id: 25 | Results: 6
2026-10-03 18:06:23 | READ | Song | Fetching data connected to Song with Id: 26 | Results: 6
2026-10-03 18:06:23 | READ | Song | Fetching data connected to Song with Id: 27 | Results: 6
2026-10-03 18:06:23 | READ | Song | Fetching data connected to Song with Id: 49 | Results: 4
2026-10-03 18:06:25 | READ | Song | Fetching all songs.
2026-10-03 18:06:25 | READ | Song | Fetching data connected to Song with Id: 1 | Results: 6
2026-10-03 18:06:25 | READ | Song | Fetching data connected to Song with Id: 2 | Results: 6
2026-10-03 18:06:25 | READ | Song | Fetching data connected to Song with Id: 3 | Results: 6
2026-10-03 18:06:25 | READ | Song | Fetching data connected to Song with Id: 4 | Results: 6
2026-10-03 18:06:25 | READ | Song | Fetching data connected to Song with Id: 5 | Results: 6
2026-10-03 18:06:25 | READ | Song | Fetching data connected to Song with Id: 6 | Results: 4
2026-10-03 18:06:25 | READ | Song | Fetching data connected to Song with Id: 7 | Results: 4
2026-10-03 18:06:25 | READ | Song | Fetching data connected to Song with Id: 8 | Results: 8
2026-10-03 18:06:25 | READ | Song | Fetching data connected to Song with Id: 9 | Results: 6
2026-10-03 18:06:25 | READ | Song | Fetching data connected to Song with Id: 10 | Results: 6
2026-10-03 18:06:25 | READ | Song | Fetching data connected to Song with Id: 11 | Results: 6
2026-10-03 18:06:25 | READ | Song | Fetching data connected to Song with Id: 12 | Results: 6
2026-10-03 18:06:25 | READ | Song | Fetching data connected to Song with Id: 13 | Results: 6
2026-10-03 18:06:25 | READ | Song | Fetching data connected to Song with Id: 14 | Results: 6
2026-10-03 18:06:25 | READ | Song | Fetching data connected to Song with Id: 15 | Results: 6
2026-10-03 18:06:25 | READ | Song | Fetching data connected to Song with Id: 16 | Results: 6
2026-10-03 18:06:25 | READ | Song | Fetching data connected to Song with Id: 17 | Results: 6
2026-10-03 18:06:25 | READ | Song | Fetching data connected to Song with Id: 18 | Results: 6
2026-10-03 18:06:25 | READ | Song | Fetching data connected to Song with Id: 19 | Results: 4
2026-10-03 18:06:25 | READ | Song | Fetching data connected to Song with Id: 20 | Results: 6
2026-10-03 18:06:25 | READ | Song | Fetching data connected to Song with Id: 21 | Results: 4
2026-10-03 18:06:25 | READ | Song | Fetching data connected to Song with Id: 22 | Results: 6
2026-10-03 18:06:25 | READ | Song | Fetching data connected to Song with Id: 23 | Results: 6
2026-10-03 18:06:25 | READ | Song | Fetching data connected to Song with Id: 24 | Results: 6
2026-10-03 18:06:25 | READ | Song | Fetching data connected to Song with Id: 25 | Results: 6
2026-10-03 18:06:25 | READ | Song | Fetching data connected to Song with Id: 26 | Results: 6
2026-10-03 18:06:25 | READ | Song | Fetching data connected to Song with Id: 27 | Results: 6
2026-10-03 18:06:25 | READ | Song | Fetching data connected to Song with Id: 49 | Results: 4
2026-10-03 18:06:26 | READ | Song | Fetching all songs.
2026-10-03 18:06:26 | READ | Song | Fetching data connected to Song with Id: 1 | Results: 6
2026-10-03 18:06:26 | READ | Song | Fetching data connected to Song with Id: 2 | Results: 6
2026-10-03 18:06:26 | READ | Song | Fetching data connected to Song with Id: 3 | Results: 6
2026-10-03 18:06:26 | READ | Song | Fetching data connected to Song with Id: 4 | Results: 6
2026-10-03 18:06:26 | READ | Song | Fetching data connected to Song with Id: 5 | Results: 6
2026-10-03 18:06:26 | READ | Song | Fetching data connected to Song with Id: 6 | Results: 4
2026-10-03 18:06:26 | READ | Song | Fetching data connected to Song with Id: 7 | Results: 4
2026-10-03 18:06:26 | READ | Song | Fetching data connected to Song with Id: 8 | Results: 8
2026-10-03 18:06:26 | READ | Song | Fetching data connected to Song with Id: 9 | Results: 6
2026-10-03 18:06:26 | READ | Song | Fetching data connected to Song with Id: 10 | Results: 6
2026-10-03 18:06:26 | READ | Song | Fetching data connected to Song with Id: 11 | Results: 6
2026-10-03 18:06:26 | READ | Song | Fetching data connected to Song with Id: 12 | Results: 6
2026-10-03 18:06:26 | READ | Song | Fetching data connected to Song with Id: 13 | Results: 6
2026-10-03 18:06:26 | READ | Song | Fetching data connected to Song with Id: 14 | Results: 6
2026-10-03 18:06:26 | READ | Song | Fetching data connected to Song with Id: 15 | Results: 6
2026-10-03 18:06:26 | READ | Song | Fetching data connected to Song with Id: 16 | Results: 6
2026-10-03 18:06:26 | READ | Song | Fetching data connected to Song with Id: 17 | Results: 6
2026-10-03 18:06:26 | READ | Song | Fetching data connected to Song with Id: 18 | Results: 6
2026-10-03 18:06:26 | READ | Song | Fetching data connected to Song with Id: 19 | Results: 4
2026-10-03 18:06:26 | READ | Song | Fetching data connected to Song with Id: 20 | Results: 6
2026-10-03 18:06:26 | READ | Song | Fetching data connected to Song with Id: 21 | Results: 4
2026-10-03 18:06:26 | READ | Song | Fetching data connected to Song with Id: 22 | Results: 6
2026-10-03 18:06:26 | READ | Song | Fetching data connected to Song with Id: 23 | Results: 6
2026-10-03 18:06:26 | READ | Song | Fetching data connected to Song with Id: 24 | Results: 6
2026-10-03 18:06:26 | READ | Song | Fetching data connected to Song with Id: 25 | Results: 6
2026-10-03 18:06:26 | READ | Song | Fetching data connected to Song with Id: 26 | Results: 6
2026-10-03 18:06:26 | READ | Song | Fetching data connected to Song with Id: 27 | Results: 6
2026-10-03 18:06:26 | READ | Song | Fetching data connected to Song with Id: 49 | Results: 4
2026-10-03 18:09:22 | READ | Song | Fetching all songs.
2026-10-03 18:09:22 | READ | Song | Fetching data connected to Song with Id: 1 | Results: 6
2026-10-03 18:09:22 | READ | Song | Fetching data connected to Song with Id: 2 | Results: 6
2026-10-03 18:09:22 | READ | Song | Fetching data connected to Song with Id: 3 | Results: 6
2026-10-03 18:09:22 | READ | Song | Fetching data connected to Song with Id: 4 | Results: 6
2026-10-03 18:09:22 | READ | Song | Fetching data connected to Song with Id: 5 | Results: 6
2026-10-03 18:09:22 | READ | Song | Fetching data connected to Song with Id: 6 | Results: 4
2026-10-03 18:09:22 | READ | Song | Fetching data connected to Song with Id: 7 | Results: 4
2026-10-03 18:09:22 | READ | Song | Fetching data connected to Song with Id: 8 | Results: 8
2026-10-03 18:09:22 | READ | Song | Fetching data connected to Song with Id: 9 | Results: 6
2026-10-03 18:09:22 | READ | Song | Fetching data connected to Song with Id: 10 | Results: 6
2026-10-03 18:09:22 | READ | Song | Fetching data connected to Song with Id: 11 | Results: 6
2026-10-03 18:09:22 | READ | Song | Fetching data connected to Song with Id: 12 | Results: 6
2026-10-03 18:09:22 | READ | Song | Fetching data connected to Song with Id: 13 | Results: 6
2026-10-03 18:09:22 | READ | Song | Fetching data connected to Song with Id: 14 | Results: 6
2026-10-03 18:09:22 | READ | Song | Fetching data connected to Song with Id: 15 | Results: 6
2026-10-03 18:09:22 | READ | Song | Fetching data connected to Song with Id: 16 | Results: 6
2026-10-03 18:09:22 | READ | Song | Fetching data connected to Song with Id: 17 | Results: 6
2026-10-03 18:09:22 | READ | Song | Fetching data connected to Song with Id: 18 | Results: 6
2026-10-03 18:09:22 | READ | Song | Fetching data connected to Song with Id: 19 | Results: 4
2026-10-03 18:09:22 | READ | Song | Fetching data connected to Song with Id: 20 | Results: 6
2026-10-03 18:09:22 | READ | Song | Fetching data connected to Song with Id: 21 | Results: 4
2026-10-03 18:09:22 | READ | Song | Fetching data connected to Song with Id: 22 | Results: 6
2026-10-03 18:09:22 | READ | Song | Fetching data connected to Song with Id: 23 | Results: 6
2026-10-03 18:09:22 | READ | Song | Fetching data connected to Song with Id: 24 | Results: 6
2026-10-03 18:09:22 | READ | Song | Fetching data connected to Song with Id: 25 | Results: 6
2026-10-03 18:09:22 | READ | Song | Fetching data connected to Song with Id: 26 | Results: 6
2026-10-03 18:09:22 | READ | Song | Fetching data connected to Song with Id: 27 | Results: 6
2026-10-03 18:09:22 | READ | Song | Fetching data connected to Song with Id: 49 | Results: 4
2026-10-03 18:09:22 | READ | Song | Fetching all songs.
2026-10-03 18:09:22 | READ | Song | Fetching data connected to Song with Id: 1 | Results: 6
2026-10-03 18:09:22 | READ | Song | Fetching data connected to Song with Id: 2 | Results: 6
2026-10-03 18:09:22 | READ | Song | Fetching data connected to Song with Id: 3 | Results: 6
2026-10-03 18:09:22 | READ | Song | Fetching data connected to Song with Id: 4 | Results: 6
2026-10-03 18:09:22 | READ | Song | Fetching data connected to Song with Id: 5 | Results: 6
2026-10-03 18:09:22 | READ | Song | Fetching data connected to Song with Id: 6 | Results: 4
2026-10-03 18:09:22 | READ | Song | Fetching data connected to Song with Id: 7 | Results: 4
2026-10-03 18:09:22 | READ | Song | Fetching data connected to Song with Id: 8 | Results: 8
2026-10-03 18:09:22 | READ | Song | Fetching data connected to Song with Id: 9 | Results: 6
2026-10-03 18:09:22 | READ | Song | Fetching data connected to Song with Id: 10 | Results: 6
2026-10-03 18:09:22 | READ | Song | Fetching data connected to Song with Id: 11 | Results: 6
2026-10-03 18:09:22 | READ | Song | Fetching data connected to Song with Id: 12 | Results: 6
2026-10-03 18:09:22 | READ | Song | Fetching data connected to Song with Id: 13 | Results: 6
2026-10-03 18:09:22 | READ | Song | Fetching data connected to Song with Id: 14 | Results: 6
2026-10-03 18:09:22 | READ | Song | Fetching data connected to Song with Id: 15 | Results: 6
2026-10-03 18:09:22 | READ | Song | Fetching data connected to Song with Id: 16 | Results: 6
2026-10-03 18:09:22 | READ | Song | Fetching data connected to Song with Id: 17 | Results: 6
2026-10-03 18:09:22 | READ | Song | Fetching data connected to Song with Id: 18 | Results: 6
2026-10-03 18:09:22 | READ | Song | Fetching data connected to Song with Id: 19 | Results: 4
2026-10-03 18:09:22 | READ | Song | Fetching data connected to Song with Id: 20 | Results: 6
2026-10-03 18:09:22 | READ | Song | Fetching data connected to Song with Id: 21 | Results: 4
2026-10-03 18:09:22 | READ | Song | Fetching data connected to Song with Id: 22 | Results: 6
2026-10-03 18:09:22 | READ | Song | Fetching data connected to Song with Id: 23 | Results: 6
2026-10-03 18:09:22 | READ | Song | Fetching data connected to Song with Id: 24 | Results: 6
2026-10-03 18:09:22 | READ | Song | Fetching data connected to Song with Id: 25 | Results: 6
2026-10-03 18:09:22 | READ | Song | Fetching data connected to Song with Id: 26 | Results: 6
2026-10-03 18:09:22 | READ | Song | Fetching data connected to Song with Id: 27 | Results: 6
2026-10-03 18:09:22 | READ | Song | Fetching data connected to Song with Id: 49 | Results: 4
2026-10-03 18:09:22 | READ | Song | Fetching all songs.
2026-10-03 18:09:22 | READ | Song | Fetching data connected to Song with Id: 1 | Results: 6
2026-10-03 18:09:22 | READ | Song | Fetching data connected to Song with Id: 2 | Results: 6
2026-10-03 18:09:22 | READ | Song | Fetching data connected to Song with Id: 3 | Results: 6
2026-10-03 18:09:22 | READ | Song | Fetching data connected to Song with Id: 4 | Results: 6
2026-10-03 18:09:22 | READ | Song | Fetching data connected to Song with Id: 5 | Results: 6
2026-10-03 18:09:22 | READ | Song | Fetching data connected to Song with Id: 6 | Results: 4
2026-10-03 18:09:22 | READ | Song | Fetching data connected to Song with Id: 7 | Results: 4
2026-10-03 18:09:22 | READ | Song | Fetching data connected to Song with Id: 8 | Results: 8
2026-10-03 18:09:22 | READ | Song | Fetching data connected to Song with Id: 9 | Results: 6
2026-10-03 18:09:22 | READ | Song | Fetching data connected to Song with Id: 10 | Results: 6
2026-10-03 18:09:22 | READ | Song | Fetching data connected to Song with Id: 11 | Results: 6
2026-10-03 18:09:22 | READ | Song | Fetching data connected to Song with Id: 12 | Results: 6
2026-10-03 18:09:22 | READ | Song | Fetching data connected to Song with Id: 13 | Results: 6
2026-10-03 18:09:22 | READ | Song | Fetching data connected to Song with Id: 14 | Results: 6
2026-10-03 18:09:22 | READ | Song | Fetching data connected to Song with Id: 15 | Results: 6
2026-10-03 18:09:22 | READ | Song | Fetching data connected to Song with Id: 16 | Results: 6
2026-10-03 18:09:22 | READ | Song | Fetching data connected to Song with Id: 17 | Results: 6
2026-10-03 18:09:22 | READ | Song | Fetching data connected to Song with Id: 18 | Results: 6
2026-10-03 18:09:22 | READ | Song | Fetching data connected to Song with Id: 19 | Results: 4
2026-10-03 18:09:22 | READ | Song | Fetching data connected to Song with Id: 20 | Results: 6
2026-10-03 18:09:22 | READ | Song | Fetching data connected to Song with Id: 21 | Results: 4
2026-10-03 18:09:22 | READ | Song | Fetching data connected to Song with Id: 22 | Results: 6
2026-10-03 18:09:22 | READ | Song | Fetching data connected to Song with Id: 23 | Results: 6
2026-10-03 18:09:22 | READ | Song | Fetching data connected to Song with Id: 24 | Results: 6
2026-10-03 18:09:22 | READ | Song | Fetching data connected to Song with Id: 25 | Results: 6
2026-10-03 18:09:22 | READ | Song | Fetching data connected to Song with Id: 26 | Results: 6
2026-10-03 18:09:22 | READ | Song | Fetching data connected to Song with Id: 27 | Results: 6
2026-10-03 18:09:22 | READ | Song | Fetching data connected to Song with Id: 49 | Results: 4
2026-10-03 18:09:22 | READ | Song | Fetching all songs.
2026-10-03 18:09:22 | READ | Song | Fetching data connected to Song with Id: 1 | Results: 6
2026-10-03 18:09:22 | READ | Song | Fetching data connected to Song with Id: 2 | Results: 6
2026-10-03 18:09:22 | READ | Song | Fetching data connected to Song with Id: 3 | Results: 6
2026-10-03 18:09:22 | READ | Song | Fetching data connected to Song with Id: 4 | Results: 6
2026-10-03 18:09:22 | READ | Song | Fetching data connected to Song with Id: 5 | Results: 6
2026-10-03 18:09:22 | READ | Song | Fetching data connected to Song with Id: 6 | Results: 4
2026-10-03 18:09:22 | READ | Song | Fetching data connected to Song with Id: 7 | Results: 4
2026-10-03 18:09:22 | READ | Song | Fetching data connected to Song with Id: 8 | Results: 8
2026-10-03 18:09:22 | READ | Song | Fetching data connected to Song with Id: 9 | Results: 6
2026-10-03 18:09:22 | READ | Song | Fetching data connected to Song with Id: 10 | Results: 6
2026-10-03 18:09:22 | READ | Song | Fetching data connected to Song with Id: 11 | Results: 6
2026-10-03 18:09:22 | READ | Song | Fetching data connected to Song with Id: 12 | Results: 6
2026-10-03 18:09:22 | READ | Song | Fetching data connected to Song with Id: 13 | Results: 6
2026-10-03 18:09:22 | READ | Song | Fetching data connected to Song with Id: 14 | Results: 6
2026-10-03 18:09:22 | READ | Song | Fetching data connected to Song with Id: 15 | Results: 6
2026-10-03 18:09:22 | READ | Song | Fetching data connected to Song with Id: 16 | Results: 6
2026-10-03 18:09:22 | READ | Song | Fetching data connected to Song with Id: 17 | Results: 6
2026-10-03 18:09:22 | READ | Song | Fetching data connected to Song with Id: 18 | Results: 6
2026-10-03 18:09:22 | READ | Song | Fetching data connected to Song with Id: 19 | Results: 4
2026-10-03 18:09:22 | READ | Song | Fetching data connected to Song with Id: 20 | Results: 6
2026-10-03 18:09:22 | READ | Song | Fetching data connected to Song with Id: 21 | Results: 4
2026-10-03 18:09:22 | READ | Song | Fetching data connected to Song with Id: 22 | Results: 6
2026-10-03 18:09:22 | READ | Song | Fetching data connected to Song with Id: 23 | Results: 6
2026-10-03 18:09:22 | READ | Song | Fetching data connected to Song with Id: 24 | Results: 6
2026-10-03 18:09:22 | READ | Song | Fetching data connected to Song with Id: 25 | Results: 6
2026-10-03 18:09:22 | READ | Song | Fetching data connected to Song with Id: 26 | Results: 6
2026-10-03 18:09:22 | READ | Song | Fetching data connected to Song with Id: 27 | Results: 6
2026-10-03 18:09:22 | READ | Song | Fetching data connected to Song with Id: 49 | Results: 4
2026-10-03 18:09:22 | READ | Song | Fetching all songs.
2026-10-03 18:09:22 | READ | Song | Fetching data connected to Song with Id: 1 | Results: 6
2026-10-03 18:09:22 | READ | Song | Fetching data connected to Song with Id: 2 | Results: 6
2026-10-03 18:09:22 | READ | Song | Fetching data connected to Song with Id: 3 | Results: 6
2026-10-03 18:09:22 | READ | Song | Fetching data connected to Song with Id: 4 | Results: 6
2026-10-03 18:09:22 | READ | Song | Fetching data connected to Song with Id: 5 | Results: 6
2026-10-03 18:09:22 | READ | Song | Fetching data connected to Song with Id: 6 | Results: 4
2026-10-03 18:09:22 | READ | Song | Fetching data connected to Song with Id: 7 | Results: 4
2026-10-03 18:09:22 | READ | Song | Fetching data connected to Song with Id: 8 | Results: 8
2026-10-03 18:09:22 | READ | Song | Fetching data connected to Song with Id: 9 | Results: 6
2026-10-03 18:09:22 | READ | Song | Fetching data connected to Song with Id: 10 | Results: 6
2026-10-03 18:09:22 | READ | Song | Fetching data connected to Song with Id: 11 | Results: 6
2026-10-03 18:09:22 | READ | Song | Fetching data connected to Song with Id: 12 | Results: 6
2026-10-03 18:09:22 | READ | Song | Fetching data connected to Song with Id: 13 | Results: 6
2026-10-03 18:09:22 | READ | Song | Fetching data connected to Song with Id: 14 | Results: 6
2026-10-03 18:09:22 | READ | Song | Fetching data connected to Song with Id: 15 | Results: 6
2026-10-03 18:09:22 | READ | Song | Fetching data connected to Song with Id: 16 | Results: 6
2026-10-03 18:09:22 | READ | Song | Fetching data connected to Song with Id: 17 | Results: 6
2026-10-03 18:09:22 | READ | Song | Fetching data connected to Song with Id: 18 | Results: 6
2026-10-03 18:09:22 | READ | Song | Fetching data connected to Song with Id: 19 | Results: 4
2026-10-03 18:09:22 | READ | Song | Fetching data connected to Song with Id: 20 | Results: 6
2026-10-03 18:09:22 | READ | Song | Fetching data connected to Song with Id: 21 | Results: 4
2026-10-03 18:09:22 | READ | Song | Fetching data connected to Song with Id: 22 | Results: 6
2026-10-03 18:09:22 | READ | Song | Fetching data connected to Song with Id: 23 | Results: 6
2026-10-03 18:09:22 | READ | Song | Fetching data connected to Song with Id: 24 | Results: 6
2026-10-03 18:09:22 | READ | Song | Fetching data connected to Song with Id: 25 | Results: 6
2026-10-03 18:09:22 | READ | Song | Fetching data connected to Song with Id: 26 | Results: 6
2026-10-03 18:09:22 | READ | Song | Fetching data connected to Song with Id: 27 | Results: 6
2026-10-03 18:09:22 | READ | Song | Fetching data connected to Song with Id: 49 | Results: 4
2026-10-03 18:09:28 | READ | Song | Fetching all songs.
2026-10-03 18:09:28 | READ | Song | Fetching data connected to Song with Id: 1 | Results: 6
2026-10-03 18:09:28 | READ | Song | Fetching data connected to Song with Id: 2 | Results: 6
2026-10-03 18:09:28 | READ | Song | Fetching data connected to Song with Id: 3 | Results: 6
2026-10-03 18:09:28 | READ | Song | Fetching data connected to Song with Id: 4 | Results: 6
2026-10-03 18:09:28 | READ | Song | Fetching data connected to Song with Id: 5 | Results: 6
2026-10-03 18:09:28 | READ | Song | Fetching data connected to Song with Id: 6 | Results: 4
2026-10-03 18:09:28 | READ | Song | Fetching data connected to Song with Id: 7 | Results: 4
2026-10-03 18:09:28 | READ | Song | Fetching data connected to Song with Id: 8 | Results: 8
2026-10-03 18:09:28 | READ | Song | Fetching data connected to Song with Id: 9 | Results: 6
2026-10-03 18:09:28 | READ | Song | Fetching data connected to Song with Id: 10 | Results: 6
2026-10-03 18:09:28 | READ | Song | Fetching data connected to Song with Id: 11 | Results: 6
2026-10-03 18:09:28 | READ | Song | Fetching data connected to Song with Id: 12 | Results: 6
2026-10-03 18:09:28 | READ | Song | Fetching data connected to Song with Id: 13 | Results: 6
2026-10-03 18:09:28 | READ | Song | Fetching data connected to Song with Id: 14 | Results: 6
2026-10-03 18:09:28 | READ | Song | Fetching data connected to Song with Id: 15 | Results: 6
2026-10-03 18:09:28 | READ | Song | Fetching data connected to Song with Id: 16 | Results: 6
2026-10-03 18:09:28 | READ | Song | Fetching data connected to Song with Id: 17 | Results: 6
2026-10-03 18:09:28 | READ | Song | Fetching data connected to Song with Id: 18 | Results: 6
2026-10-03 18:09:28 | READ | Song | Fetching data connected to Song with Id: 19 | Results: 4
2026-10-03 18:09:28 | READ | Song | Fetching data connected to Song with Id: 20 | Results: 6
2026-10-03 18:09:28 | READ | Song | Fetching data connected to Song with Id: 21 | Results: 4
2026-10-03 18:09:28 | READ | Song | Fetching data connected to Song with Id: 22 | Results: 6
2026-10-03 18:09:28 | READ | Song | Fetching data connected to Song with Id: 23 | Results: 6
2026-10-03 18:09:28 | READ | Song | Fetching data connected to Song with Id: 24 | Results: 6
2026-10-03 18:09:28 | READ | Song | Fetching data connected to Song with Id: 25 | Results: 6
2026-10-03 18:09:28 | READ | Song | Fetching data connected to Song with Id: 26 | Results: 6
2026-10-03 18:09:28 | READ | Song | Fetching data connected to Song with Id: 27 | Results: 6
2026-10-03 18:09:28 | READ | Song | Fetching data connected to Song with Id: 49 | Results: 4
2026-10-03 18:09:29 | READ | Song | Fetching all songs.
2026-10-03 18:09:29 | READ | Song | Fetching data connected to Song with Id: 1 | Results: 6
2026-10-03 18:09:29 | READ | Song | Fetching data connected to Song with Id: 2 | Results: 6
2026-10-03 18:09:29 | READ | Song | Fetching data connected to Song with Id: 3 | Results: 6
2026-10-03 18:09:29 | READ | Song | Fetching data connected to Song with Id: 4 | Results: 6
2026-10-03 18:09:29 | READ | Song | Fetching data connected to Song with Id: 5 | Results: 6
2026-10-03 18:09:29 | READ | Song | Fetching data connected to Song with Id: 6 | Results: 4
2026-10-03 18:09:29 | READ | Song | Fetching data connected to Song with Id: 7 | Results: 4
2026-10-03 18:09:29 | READ | Song | Fetching data connected to Song with Id: 8 | Results: 8
2026-10-03 18:09:29 | READ | Song | Fetching data connected to Song with Id: 9 | Results: 6
2026-10-03 18:09:29 | READ | Song | Fetching data connected to Song with Id: 10 | Results: 6
2026-10-03 18:09:29 | READ | Song | Fetching data connected to Song with Id: 11 | Results: 6
2026-10-03 18:09:29 | READ | Song | Fetching data connected to Song with Id: 12 | Results: 6
2026-10-03 18:09:29 | READ | Song | Fetching data connected to Song with Id: 13 | Results: 6
2026-10-03 18:09:29 | READ | Song | Fetching data connected to Song with Id: 14 | Results: 6
2026-10-03 18:09:29 | READ | Song | Fetching data connected to Song with Id: 15 | Results: 6
2026-10-03 18:09:29 | READ | Song | Fetching data connected to Song with Id: 16 | Results: 6
2026-10-03 18:09:29 | READ | Song | Fetching data connected to Song with Id: 17 | Results: 6
2026-10-03 18:09:29 | READ | Song | Fetching data connected to Song with Id: 18 | Results: 6
2026-10-03 18:09:29 | READ | Song | Fetching data connected to Song with Id: 19 | Results: 4
2026-10-03 18:09:29 | READ | Song | Fetching data connected to Song with Id: 20 | Results: 6
2026-10-03 18:09:29 | READ | Song | Fetching data connected to Song with Id: 21 | Results: 4
2026-10-03 18:09:29 | READ | Song | Fetching data connected to Song with Id: 22 | Results: 6
2026-10-03 18:09:29 | READ | Song | Fetching data connected to Song with Id: 23 | Results: 6
2026-10-03 18:09:29 | READ | Song | Fetching data connected to Song with Id: 24 | Results: 6
2026-10-03 18:09:29 | READ | Song | Fetching data connected to Song with Id: 25 | Results: 6
2026-10-03 18:09:29 | READ | Song | Fetching data connected to Song with Id: 26 | Results: 6
2026-10-03 18:09:29 | READ | Song | Fetching data connected to Song with Id: 27 | Results: 6
2026-10-03 18:09:29 | READ | Song | Fetching data connected to Song with Id: 49 | Results: 4
2026-10-03 18:09:31 | READ | Song | Fetching all songs.
2026-10-03 18:09:31 | READ | Song | Fetching data connected to Song with Id: 1 | Results: 6
2026-10-03 18:09:31 | READ | Song | Fetching data connected to Song with Id: 2 | Results: 6
2026-10-03 18:09:31 | READ | Song | Fetching data connected to Song with Id: 3 | Results: 6
2026-10-03 18:09:31 | READ | Song | Fetching data connected to Song with Id: 4 | Results: 6
2026-10-03 18:09:31 | READ | Song | Fetching data connected to Song with Id: 5 | Results: 6
2026-10-03 18:09:31 | READ | Song | Fetching data connected to Song with Id: 6 | Results: 4
2026-10-03 18:09:31 | READ | Song | Fetching data connected to Song with Id: 7 | Results: 4
2026-10-03 18:09:31 | READ | Song | Fetching data connected to Song with Id: 8 | Results: 8
2026-10-03 18:09:31 | READ | Song | Fetching data connected to Song with Id: 9 | Results: 6
2026-10-03 18:09:31 | READ | Song | Fetching data connected to Song with Id: 10 | Results: 6
2026-10-03 18:09:31 | READ | Song | Fetching data connected to Song with Id: 11 | Results: 6
2026-10-03 18:09:31 | READ | Song | Fetching data connected to Song with Id: 12 | Results: 6
2026-10-03 18:09:31 | READ | Song | Fetching data connected to Song with Id: 13 | Results: 6
2026-10-03 18:09:31 | READ | Song | Fetching data connected to Song with Id: 14 | Results: 6
2026-10-03 18:09:31 | READ | Song | Fetching data connected to Song with Id: 15 | Results: 6
2026-10-03 18:09:31 | READ | Song | Fetching data connected to Song with Id: 16 | Results: 6
2026-10-03 18:09:31 | READ | Song | Fetching data connected to Song with Id: 17 | Results: 6
2026-10-03 18:09:31 | READ | Song | Fetching data connected to Song with Id: 18 | Results: 6
2026-10-03 18:09:31 | READ | Song | Fetching data connected to Song with Id: 19 | Results: 4
2026-10-03 18:09:31 | READ | Song | Fetching data connected to Song with Id: 20 | Results: 6
2026-10-03 18:09:31 | READ | Song | Fetching data connected to Song with Id: 21 | Results: 4
2026-10-03 18:09:31 | READ | Song | Fetching data connected to Song with Id: 22 | Results: 6
2026-10-03 18:09:31 | READ | Song | Fetching data connected to Song with Id: 23 | Results: 6
2026-10-03 18:09:31 | READ | Song | Fetching data connected to Song with Id: 24 | Results: 6
2026-10-03 18:09:31 | READ | Song | Fetching data connected to Song with Id: 25 | Results: 6
2026-10-03 18:09:31 | READ | Song | Fetching data connected to Song with Id: 26 | Results: 6
2026-10-03 18:09:31 | READ | Song | Fetching data connected to Song with Id: 27 | Results: 6
2026-10-03 18:09:31 | READ | Song | Fetching data connected to Song with Id: 49 | Results: 4
2026-10-03 18:09:32 | READ | Song | Fetching all songs.
2026-10-03 18:09:32 | READ | Song | Fetching data connected to Song with Id: 1 | Results: 6
2026-10-03 18:09:33 | READ | Song | Fetching data connected to Song with Id: 2 | Results: 6
2026-10-03 18:09:33 | READ | Song | Fetching data connected to Song with Id: 3 | Results: 6
2026-10-03 18:09:33 | READ | Song | Fetching data connected to Song with Id: 4 | Results: 6
2026-10-03 18:09:33 | READ | Song | Fetching data connected to Song with Id: 5 | Results: 6
2026-10-03 18:09:33 | READ | Song | Fetching data connected to Song with Id: 6 | Results: 4
2026-10-03 18:09:33 | READ | Song | Fetching data connected to Song with Id: 7 | Results: 4
2026-10-03 18:09:33 | READ | Song | Fetching data connected to Song with Id: 8 | Results: 8
2026-10-03 18:09:33 | READ | Song | Fetching data connected to Song with Id: 9 | Results: 6
2026-10-03 18:09:33 | READ | Song | Fetching data connected to Song with Id: 10 | Results: 6
2026-10-03 18:09:33 | READ | Song | Fetching data connected to Song with Id: 11 | Results: 6
2026-10-03 18:09:33 | READ | Song | Fetching data connected to Song with Id: 12 | Results: 6
2026-10-03 18:09:33 | READ | Song | Fetching data connected to Song with Id: 13 | Results: 6
2026-10-03 18:09:33 | READ | Song | Fetching data connected to Song with Id: 14 | Results: 6
2026-10-03 18:09:33 | READ | Song | Fetching data connected to Song with Id: 15 | Results: 6
2026-10-03 18:09:33 | READ | Song | Fetching data connected to Song with Id: 16 | Results: 6
2026-10-03 18:09:33 | READ | Song | Fetching data connected to Song with Id: 17 | Results: 6
2026-10-03 18:09:33 | READ | Song | Fetching data connected to Song with Id: 18 | Results: 6
2026-10-03 18:09:33 | READ | Song | Fetching data connected to Song with Id: 19 | Results: 4
2026-10-03 18:09:33 | READ | Song | Fetching data connected to Song with Id: 20 | Results: 6
2026-10-03 18:09:33 | READ | Song | Fetching data connected to Song with Id: 21 | Results: 4
2026-10-03 18:09:33 | READ | Song | Fetching data connected to Song with Id: 22 | Results: 6
2026-10-03 18:09:33 | READ | Song | Fetching data connected to Song with Id: 23 | Results: 6
2026-10-03 18:09:33 | READ | Song | Fetching data connected to Song with Id: 24 | Results: 6
2026-10-03 18:09:33 | READ | Song | Fetching data connected to Song with Id: 25 | Results: 6
2026-10-03 18:09:33 | READ | Song | Fetching data connected to Song with Id: 26 | Results: 6
2026-10-03 18:09:33 | READ | Song | Fetching data connected to Song with Id: 27 | Results: 6
2026-10-03 18:09:33 | READ | Song | Fetching data connected to Song with Id: 49 | Results: 4
2026-10-03 18:09:41 | READ | Song | Fetching all songs.
2026-10-03 18:09:41 | READ | Song | Fetching data connected to Song with Id: 1 | Results: 6
2026-10-03 18:09:41 | READ | Song | Fetching data connected to Song with Id: 2 | Results: 6
2026-10-03 18:09:41 | READ | Song | Fetching data connected to Song with Id: 3 | Results: 6
2026-10-03 18:09:41 | READ | Song | Fetching data connected to Song with Id: 4 | Results: 6
2026-10-03 18:09:41 | READ | Song | Fetching data connected to Song with Id: 5 | Results: 6
2026-10-03 18:09:41 | READ | Song | Fetching data connected to Song with Id: 6 | Results: 4
2026-10-03 18:09:41 | READ | Song | Fetching data connected to Song with Id: 7 | Results: 4
2026-10-03 18:09:41 | READ | Song | Fetching data connected to Song with Id: 8 | Results: 8
2026-10-03 18:09:41 | READ | Song | Fetching data connected to Song with Id: 9 | Results: 6
2026-10-03 18:09:41 | READ | Song | Fetching data connected to Song with Id: 10 | Results: 6
2026-10-03 18:09:41 | READ | Song | Fetching data connected to Song with Id: 11 | Results: 6
2026-10-03 18:09:41 | READ | Song | Fetching data connected to Song with Id: 12 | Results: 6
2026-10-03 18:09:41 | READ | Song | Fetching data connected to Song with Id: 13 | Results: 6
2026-10-03 18:09:41 | READ | Song | Fetching data connected to Song with Id: 14 | Results: 6
2026-10-03 18:09:41 | READ | Song | Fetching data connected to Song with Id: 15 | Results: 6
2026-10-03 18:09:41 | READ | Song | Fetching data connected to Song with Id: 16 | Results: 6
2026-10-03 18:09:41 | READ | Song | Fetching data connected to Song with Id: 17 | Results: 6
2026-10-03 18:09:41 | READ | Song | Fetching data connected to Song with Id: 18 | Results: 6
2026-10-03 18:09:41 | READ | Song | Fetching data connected to Song with Id: 19 | Results: 4
2026-10-03 18:09:41 | READ | Song | Fetching data connected to Song with Id: 20 | Results: 6
2026-10-03 18:09:41 | READ | Song | Fetching data connected to Song with Id: 21 | Results: 4
2026-10-03 18:09:41 | READ | Song | Fetching data connected to Song with Id: 22 | Results: 6
2026-10-03 18:09:41 | READ | Song | Fetching data connected to Song with Id: 23 | Results: 6
2026-10-03 18:09:41 | READ | Song | Fetching data connected to Song with Id: 24 | Results: 6
2026-10-03 18:09:41 | READ | Song | Fetching data connected to Song with Id: 25 | Results: 6
2026-10-03 18:09:41 | READ | Song | Fetching data connected to Song with Id: 26 | Results: 6
2026-10-03 18:09:41 | READ | Song | Fetching data connected to Song with Id: 27 | Results: 6
2026-10-03 18:09:41 | READ | Song | Fetching data connected to Song with Id: 49 | Results: 4
2026-10-03 18:09:43 | READ | Song | Fetching all songs.
2026-10-03 18:09:43 | READ | Song | Fetching data connected to Song with Id: 1 | Results: 6
2026-10-03 18:09:43 | READ | Song | Fetching data connected to Song with Id: 2 | Results: 6
2026-10-03 18:09:43 | READ | Song | Fetching data connected to Song with Id: 3 | Results: 6
2026-10-03 18:09:43 | READ | Song | Fetching data connected to Song with Id: 4 | Results: 6
2026-10-03 18:09:43 | READ | Song | Fetching data connected to Song with Id: 5 | Results: 6
2026-10-03 18:09:43 | READ | Song | Fetching data connected to Song with Id: 6 | Results: 4
2026-10-03 18:09:43 | READ | Song | Fetching data connected to Song with Id: 7 | Results: 4
2026-10-03 18:09:43 | READ | Song | Fetching data connected to Song with Id: 8 | Results: 8
2026-10-03 18:09:43 | READ | Song | Fetching data connected to Song with Id: 9 | Results: 6
2026-10-03 18:09:43 | READ | Song | Fetching data connected to Song with Id: 10 | Results: 6
2026-10-03 18:09:43 | READ | Song | Fetching data connected to Song with Id: 11 | Results: 6
2026-10-03 18:09:43 | READ | Song | Fetching data connected to Song with Id: 12 | Results: 6
2026-10-03 18:09:43 | READ | Song | Fetching data connected to Song with Id: 13 | Results: 6
2026-10-03 18:09:43 | READ | Song | Fetching data connected to Song with Id: 14 | Results: 6
2026-10-03 18:09:43 | READ | Song | Fetching data connected to Song with Id: 15 | Results: 6
2026-10-03 18:09:43 | READ | Song | Fetching data connected to Song with Id: 16 | Results: 6
2026-10-03 18:09:43 | READ | Song | Fetching data connected to Song with Id: 17 | Results: 6
2026-10-03 18:09:43 | READ | Song | Fetching data connected to Song with Id: 18 | Results: 6
2026-10-03 18:09:43 | READ | Song | Fetching data connected to Song with Id: 19 | Results: 4
2026-10-03 18:09:43 | READ | Song | Fetching data connected to Song with Id: 20 | Results: 6
2026-10-03 18:09:43 | READ | Song | Fetching data connected to Song with Id: 21 | Results: 4
2026-10-03 18:09:43 | READ | Song | Fetching data connected to Song with Id: 22 | Results: 6
2026-10-03 18:09:43 | READ | Song | Fetching data connected to Song with Id: 23 | Results: 6
2026-10-03 18:09:43 | READ | Song | Fetching data connected to Song with Id: 24 | Results: 6
2026-10-03 18:09:43 | READ | Song | Fetching data connected to Song with Id: 25 | Results: 6
2026-10-03 18:09:43 | READ | Song | Fetching data connected to Song with Id: 26 | Results: 6
2026-10-03 18:09:43 | READ | Song | Fetching data connected to Song with Id: 27 | Results: 6
2026-10-03 18:09:43 | READ | Song | Fetching data connected to Song with Id: 49 | Results: 4
2026-10-03 18:09:46 | READ | Song | Fetching all songs.
2026-10-03 18:09:46 | READ | Song | Fetching data connected to Song with Id: 1 | Results: 6
2026-10-03 18:09:46 | READ | Song | Fetching data connected to Song with Id: 2 | Results: 6
2026-10-03 18:09:46 | READ | Song | Fetching data connected to Song with Id: 3 | Results: 6
2026-10-03 18:09:46 | READ | Song | Fetching data connected to Song with Id: 4 | Results: 6
2026-10-03 18:09:46 | READ | Song | Fetching data connected to Song with Id: 5 | Results: 6
2026-10-03 18:09:46 | READ | Song | Fetching data connected to Song with Id: 6 | Results: 4
2026-10-03 18:09:46 | READ | Song | Fetching data connected to Song with Id: 7 | Results: 4
2026-10-03 18:09:46 | READ | Song | Fetching data connected to Song with Id: 8 | Results: 8
2026-10-03 18:09:46 | READ | Song | Fetching data connected to Song with Id: 9 | Results: 6
2026-10-03 18:09:46 | READ | Song | Fetching data connected to Song with Id: 10 | Results: 6
2026-10-03 18:09:46 | READ | Song | Fetching data connected to Song with Id: 11 | Results: 6
2026-10-03 18:09:46 | READ | Song | Fetching data connected to Song with Id: 12 | Results: 6
2026-10-03 18:09:46 | READ | Song | Fetching data connected to Song with Id: 13 | Results: 6
2026-10-03 18:09:46 | READ | Song | Fetching data connected to Song with Id: 14 | Results: 6
2026-10-03 18:09:46 | READ | Song | Fetching data connected to Song with Id: 15 | Results: 6
2026-10-03 18:09:46 | READ | Song | Fetching data connected to Song with Id: 16 | Results: 6
2026-10-03 18:09:46 | READ | Song | Fetching data connected to Song with Id: 17 | Results: 6
2026-10-03 18:09:46 | READ | Song | Fetching data connected to Song with Id: 18 | Results: 6
2026-10-03 18:09:46 | READ | Song | Fetching data connected to Song with Id: 19 | Results: 4
2026-10-03 18:09:46 | READ | Song | Fetching data connected to Song with Id: 20 | Results: 6
2026-10-03 18:09:46 | READ | Song | Fetching data connected to Song with Id: 21 | Results: 4
2026-10-03 18:09:46 | READ | Song | Fetching data connected to Song with Id: 22 | Results: 6
2026-10-03 18:09:46 | READ | Song | Fetching data connected to Song with Id: 23 | Results: 6
2026-10-03 18:09:46 | READ | Song | Fetching data connected to Song with Id: 24 | Results: 6
2026-10-03 18:09:46 | READ | Song | Fetching data connected to Song with Id: 25 | Results: 6
2026-10-03 18:09:46 | READ | Song | Fetching data connected to Song with Id: 26 | Results: 6
2026-10-03 18:09:46 | READ | Song | Fetching data connected to Song with Id: 27 | Results: 6
2026-10-03 18:09:46 | READ | Song | Fetching data connected to Song with Id: 49 | Results: 4
2026-10-03 18:09:50 | READ | Song | Fetching all songs.
2026-10-03 18:09:50 | READ | Song | Fetching data connected to Song with Id: 1 | Results: 6
2026-10-03 18:09:50 | READ | Song | Fetching data connected to Song with Id: 2 | Results: 6
2026-10-03 18:09:50 | READ | Song | Fetching data connected to Song with Id: 3 | Results: 6
2026-10-03 18:09:50 | READ | Song | Fetching data connected to Song with Id: 4 | Results: 6
2026-10-03 18:09:50 | READ | Song | Fetching data connected to Song with Id: 5 | Results: 6
2026-10-03 18:09:50 | READ | Song | Fetching data connected to Song with Id: 6 | Results: 4
2026-10-03 18:09:50 | READ | Song | Fetching data connected to Song with Id: 7 | Results: 4
2026-10-03 18:09:50 | READ | Song | Fetching data connected to Song with Id: 8 | Results: 8
2026-10-03 18:09:50 | READ | Song | Fetching data connected to Song with Id: 9 | Results: 6
2026-10-03 18:09:50 | READ | Song | Fetching data connected to Song with Id: 10 | Results: 6
2026-10-03 18:09:50 | READ | Song | Fetching data connected to Song with Id: 11 | Results: 6
2026-10-03 18:09:50 | READ | Song | Fetching data connected to Song with Id: 12 | Results: 6
2026-10-03 18:09:50 | READ | Song | Fetching data connected to Song with Id: 13 | Results: 6
2026-10-03 18:09:50 | READ | Song | Fetching data connected to Song with Id: 14 | Results: 6
2026-10-03 18:09:50 | READ | Song | Fetching data connected to Song with Id: 15 | Results: 6
2026-10-03 18:09:50 | READ | Song | Fetching data connected to Song with Id: 16 | Results: 6
2026-10-03 18:09:50 | READ | Song | Fetching data connected to Song with Id: 17 | Results: 6
2026-10-03 18:09:50 | READ | Song | Fetching data connected to Song with Id: 18 | Results: 6
2026-10-03 18:09:50 | READ | Song | Fetching data connected to Song with Id: 19 | Results: 4
2026-10-03 18:09:50 | READ | Song | Fetching data connected to Song with Id: 20 | Results: 6
2026-10-03 18:09:50 | READ | Song | Fetching data connected to Song with Id: 21 | Results: 4
2026-10-03 18:09:50 | READ | Song | Fetching data connected to Song with Id: 22 | Results: 6
2026-10-03 18:09:50 | READ | Song | Fetching data connected to Song with Id: 23 | Results: 6
2026-10-03 18:09:50 | READ | Song | Fetching data connected to Song with Id: 24 | Results: 6
2026-10-03 18:09:50 | READ | Song | Fetching data connected to Song with Id: 25 | Results: 6
2026-10-03 18:09:50 | READ | Song | Fetching data connected to Song with Id: 26 | Results: 6
2026-10-03 18:09:50 | READ | Song | Fetching data connected to Song with Id: 27 | Results: 6
2026-10-03 18:09:50 | READ | Song | Fetching data connected to Song with Id: 49 | Results: 4
2026-10-03 18:09:52 | READ | Song | Fetching all songs.
2026-10-03 18:09:52 | READ | Song | Fetching data connected to Song with Id: 1 | Results: 6
2026-10-03 18:09:52 | READ | Song | Fetching data connected to Song with Id: 2 | Results: 6
2026-10-03 18:09:52 | READ | Song | Fetching data connected to Song with Id: 3 | Results: 6
2026-10-03 18:09:52 | READ | Song | Fetching data connected to Song with Id: 4 | Results: 6
2026-10-03 18:09:52 | READ | Song | Fetching data connected to Song with Id: 5 | Results: 6
2026-10-03 18:09:52 | READ | Song | Fetching data connected to Song with Id: 6 | Results: 4
2026-10-03 18:09:52 | READ | Song | Fetching data connected to Song with Id: 7 | Results: 4
2026-10-03 18:09:52 | READ | Song | Fetching data connected to Song with Id: 8 | Results: 8
2026-10-03 18:09:52 | READ | Song | Fetching data connected to Song with Id: 9 | Results: 6
2026-10-03 18:09:52 | READ | Song | Fetching data connected to Song with Id: 10 | Results: 6
2026-10-03 18:09:52 | READ | Song | Fetching data connected to Song with Id: 11 | Results: 6
2026-10-03 18:09:52 | READ | Song | Fetching data connected to Song with Id: 12 | Results: 6
2026-10-03 18:09:52 | READ | Song | Fetching data connected to Song with Id: 13 | Results: 6
2026-10-03 18:09:52 | READ | Song | Fetching data connected to Song with Id: 14 | Results: 6
2026-10-03 18:09:52 | READ | Song | Fetching data connected to Song with Id: 15 | Results: 6
2026-10-03 18:09:52 | READ | Song | Fetching data connected to Song with Id: 16 | Results: 6
2026-10-03 18:09:52 | READ | Song | Fetching data connected to Song with Id: 17 | Results: 6
2026-10-03 18:09:52 | READ | Song | Fetching data connected to Song with Id: 18 | Results: 6
2026-10-03 18:09:52 | READ | Song | Fetching data connected to Song with Id: 19 | Results: 4
2026-10-03 18:09:52 | READ | Song | Fetching data connected to Song with Id: 20 | Results: 6
2026-10-03 18:09:52 | READ | Song | Fetching data connected to Song with Id: 21 | Results: 4
2026-10-03 18:09:52 | READ | Song | Fetching data connected to Song with Id: 22 | Results: 6
2026-10-03 18:09:52 | READ | Song | Fetching data connected to Song with Id: 23 | Results: 6
2026-10-03 18:09:52 | READ | Song | Fetching data connected to Song with Id: 24 | Results: 6
2026-10-03 18:09:52 | READ | Song | Fetching data connected to Song with Id: 25 | Results: 6
2026-10-03 18:09:52 | READ | Song | Fetching data connected to Song with Id: 26 | Results: 6
2026-10-03 18:09:52 | READ | Song | Fetching data connected to Song with Id: 27 | Results: 6
2026-10-03 18:09:52 | READ | Song | Fetching data connected to Song with Id: 49 | Results: 4
2026-10-03 18:09:57 | READ | Song | Fetching all songs.
2026-10-03 18:09:57 | READ | Song | Fetching data connected to Song with Id: 1 | Results: 6
2026-10-03 18:09:57 | READ | Song | Fetching data connected to Song with Id: 2 | Results: 6
2026-10-03 18:09:57 | READ | Song | Fetching data connected to Song with Id: 3 | Results: 6
2026-10-03 18:09:57 | READ | Song | Fetching data connected to Song with Id: 4 | Results: 6
2026-10-03 18:09:57 | READ | Song | Fetching data connected to Song with Id: 5 | Results: 6
2026-10-03 18:09:57 | READ | Song | Fetching data connected to Song with Id: 6 | Results: 4
2026-10-03 18:09:57 | READ | Song | Fetching data connected to Song with Id: 7 | Results: 4
2026-10-03 18:09:57 | READ | Song | Fetching data connected to Song with Id: 8 | Results: 8
2026-10-03 18:09:57 | READ | Song | Fetching data connected to Song with Id: 9 | Results: 6
2026-10-03 18:09:57 | READ | Song | Fetching data connected to Song with Id: 10 | Results: 6
2026-10-03 18:09:57 | READ | Song | Fetching data connected to Song with Id: 11 | Results: 6
2026-10-03 18:09:57 | READ | Song | Fetching data connected to Song with Id: 12 | Results: 6
2026-10-03 18:09:57 | READ | Song | Fetching data connected to Song with Id: 13 | Results: 6
2026-10-03 18:09:57 | READ | Song | Fetching data connected to Song with Id: 14 | Results: 6
2026-10-03 18:09:57 | READ | Song | Fetching data connected to Song with Id: 15 | Results: 6
2026-10-03 18:09:57 | READ | Song | Fetching data connected to Song with Id: 16 | Results: 6
2026-10-03 18:09:57 | READ | Song | Fetching data connected to Song with Id: 17 | Results: 6
2026-10-03 18:09:57 | READ | Song | Fetching data connected to Song with Id: 18 | Results: 6
2026-10-03 18:09:57 | READ | Song | Fetching data connected to Song with Id: 19 | Results: 4
2026-10-03 18:09:57 | READ | Song | Fetching data connected to Song with Id: 20 | Results: 6
2026-10-03 18:09:57 | READ | Song | Fetching data connected to Song with Id: 21 | Results: 4
2026-10-03 18:09:57 | READ | Song | Fetching data connected to Song with Id: 22 | Results: 6
2026-10-03 18:09:57 | READ | Song | Fetching data connected to Song with Id: 23 | Results: 6
2026-10-03 18:09:57 | READ | Song | Fetching data connected to Song with Id: 24 | Results: 6
2026-10-03 18:09:57 | READ | Song | Fetching data connected to Song with Id: 25 | Results: 6
2026-10-03 18:09:57 | READ | Song | Fetching data connected to Song with Id: 26 | Results: 6
2026-10-03 18:09:57 | READ | Song | Fetching data connected to Song with Id: 27 | Results: 6
2026-10-03 18:09:57 | READ | Song | Fetching data connected to Song with Id: 49 | Results: 4
2026-10-03 18:10:17 | READ | Song | Fetching all songs.
2026-10-03 18:10:17 | READ | Song | Fetching data connected to Song with Id: 1 | Results: 6
2026-10-03 18:10:17 | READ | Song | Fetching data connected to Song with Id: 2 | Results: 6
2026-10-03 18:10:17 | READ | Song | Fetching data connected to Song with Id: 3 | Results: 6
2026-10-03 18:10:17 | READ | Song | Fetching data connected to Song with Id: 4 | Results: 6
2026-10-03 18:10:17 | READ | Song | Fetching data connected to Song with Id: 5 | Results: 6
2026-10-03 18:10:17 | READ | Song | Fetching data connected to Song with Id: 6 | Results: 4
2026-10-03 18:10:17 | READ | Song | Fetching data connected to Song with Id: 7 | Results: 4
2026-10-03 18:10:17 | READ | Song | Fetching data connected to Song with Id: 8 | Results: 8
2026-10-03 18:10:17 | READ | Song | Fetching data connected to Song with Id: 9 | Results: 6
2026-10-03 18:10:17 | READ | Song | Fetching data connected to Song with Id: 10 | Results: 6
2026-10-03 18:10:17 | READ | Song | Fetching data connected to Song with Id: 11 | Results: 6
2026-10-03 18:10:17 | READ | Song | Fetching data connected to Song with Id: 12 | Results: 6
2026-10-03 18:10:17 | READ | Song | Fetching data connected to Song with Id: 13 | Results: 6
2026-10-03 18:10:17 | READ | Song | Fetching data connected to Song with Id: 14 | Results: 6
2026-10-03 18:10:17 | READ | Song | Fetching data connected to Song with Id: 15 | Results: 6
2026-10-03 18:10:17 | READ | Song | Fetching data connected to Song with Id: 16 | Results: 6
2026-10-03 18:10:17 | READ | Song | Fetching data connected to Song with Id: 17 | Results: 6
2026-10-03 18:10:17 | READ | Song | Fetching data connected to Song with Id: 18 | Results: 6
2026-10-03 18:10:17 | READ | Song | Fetching data connected to Song with Id: 19 | Results: 4
2026-10-03 18:10:17 | READ | Song | Fetching data connected to Song with Id: 20 | Results: 6
2026-10-03 18:10:17 | READ | Song | Fetching data connected to Song with Id: 21 | Results: 4
2026-10-03 18:10:17 | READ | Song | Fetching data connected to Song with Id: 22 | Results: 6
2026-10-03 18:10:17 | READ | Song | Fetching data connected to Song with Id: 23 | Results: 6
2026-10-03 18:10:17 | READ | Song | Fetching data connected to Song with Id: 24 | Results: 6
2026-10-03 18:10:17 | READ | Song | Fetching data connected to Song with Id: 25 | Results: 6
2026-10-03 18:10:17 | READ | Song | Fetching data connected to Song with Id: 26 | Results: 6
2026-10-03 18:10:17 | READ | Song | Fetching data connected to Song with Id: 27 | Results: 6
2026-10-03 18:10:17 | READ | Song | Fetching data connected to Song with Id: 49 | Results: 4
2026-10-03 18:10:17 | READ | Song | Fetching all songs.
2026-10-03 18:10:17 | READ | Song | Fetching data connected to Song with Id: 1 | Results: 6
2026-10-03 18:10:17 | READ | Song | Fetching data connected to Song with Id: 2 | Results: 6
2026-10-03 18:10:17 | READ | Song | Fetching data connected to Song with Id: 3 | Results: 6
2026-10-03 18:10:17 | READ | Song | Fetching data connected to Song with Id: 4 | Results: 6
2026-10-03 18:10:17 | READ | Song | Fetching data connected to Song with Id: 5 | Results: 6
2026-10-03 18:10:17 | READ | Song | Fetching data connected to Song with Id: 6 | Results: 4
2026-10-03 18:10:17 | READ | Song | Fetching data connected to Song with Id: 7 | Results: 4
2026-10-03 18:10:17 | READ | Song | Fetching data connected to Song with Id: 8 | Results: 8
2026-10-03 18:10:17 | READ | Song | Fetching data connected to Song with Id: 9 | Results: 6
2026-10-03 18:10:17 | READ | Song | Fetching data connected to Song with Id: 10 | Results: 6
2026-10-03 18:10:17 | READ | Song | Fetching data connected to Song with Id: 11 | Results: 6
2026-10-03 18:10:17 | READ | Song | Fetching data connected to Song with Id: 12 | Results: 6
2026-10-03 18:10:17 | READ | Song | Fetching data connected to Song with Id: 13 | Results: 6
2026-10-03 18:10:17 | READ | Song | Fetching data connected to Song with Id: 14 | Results: 6
2026-10-03 18:10:17 | READ | Song | Fetching data connected to Song with Id: 15 | Results: 6
2026-10-03 18:10:17 | READ | Song | Fetching data connected to Song with Id: 16 | Results: 6
2026-10-03 18:10:17 | READ | Song | Fetching data connected to Song with Id: 17 | Results: 6
2026-10-03 18:10:17 | READ | Song | Fetching data connected to Song with Id: 18 | Results: 6
2026-10-03 18:10:17 | READ | Song | Fetching data connected to Song with Id: 19 | Results: 4
2026-10-03 18:10:17 | READ | Song | Fetching data connected to Song with Id: 20 | Results: 6
2026-10-03 18:10:17 | READ | Song | Fetching data connected to Song with Id: 21 | Results: 4
2026-10-03 18:10:17 | READ | Song | Fetching data connected to Song with Id: 22 | Results: 6
2026-10-03 18:10:17 | READ | Song | Fetching data connected to Song with Id: 23 | Results: 6
2026-10-03 18:10:17 | READ | Song | Fetching data connected to Song with Id: 24 | Results: 6
2026-10-03 18:10:17 | READ | Song | Fetching data connected to Song with Id: 25 | Results: 6
2026-10-03 18:10:17 | READ | Song | Fetching data connected to Song with Id: 26 | Results: 6
2026-10-03 18:10:17 | READ | Song | Fetching data connected to Song with Id: 27 | Results: 6
2026-10-03 18:10:17 | READ | Song | Fetching data connected to Song with Id: 49 | Results: 4
2026-10-03 18:10:18 | READ | Song | Fetching all songs.
2026-10-03 18:10:18 | READ | Song | Fetching data connected to Song with Id: 1 | Results: 6
2026-10-03 18:10:18 | READ | Song | Fetching data connected to Song with Id: 2 | Results: 6
2026-10-03 18:10:18 | READ | Song | Fetching data connected to Song with Id: 3 | Results: 6
2026-10-03 18:10:18 | READ | Song | Fetching data connected to Song with Id: 4 | Results: 6
2026-10-03 18:10:18 | READ | Song | Fetching data connected to Song with Id: 5 | Results: 6
2026-10-03 18:10:18 | READ | Song | Fetching data connected to Song with Id: 6 | Results: 4
2026-10-03 18:10:18 | READ | Song | Fetching data connected to Song with Id: 7 | Results: 4
2026-10-03 18:10:18 | READ | Song | Fetching data connected to Song with Id: 8 | Results: 8
2026-10-03 18:10:18 | READ | Song | Fetching data connected to Song with Id: 9 | Results: 6
2026-10-03 18:10:18 | READ | Song | Fetching data connected to Song with Id: 10 | Results: 6
2026-10-03 18:10:18 | READ | Song | Fetching data connected to Song with Id: 11 | Results: 6
2026-10-03 18:10:18 | READ | Song | Fetching data connected to Song with Id: 12 | Results: 6
2026-10-03 18:10:18 | READ | Song | Fetching data connected to Song with Id: 13 | Results: 6
2026-10-03 18:10:18 | READ | Song | Fetching data connected to Song with Id: 14 | Results: 6
2026-10-03 18:10:18 | READ | Song | Fetching data connected to Song with Id: 15 | Results: 6
2026-10-03 18:10:18 | READ | Song | Fetching data connected to Song with Id: 16 | Results: 6
2026-10-03 18:10:18 | READ | Song | Fetching data connected to Song with Id: 17 | Results: 6
2026-10-03 18:10:18 | READ | Song | Fetching data connected to Song with Id: 18 | Results: 6
2026-10-03 18:10:18 | READ | Song | Fetching data connected to Song with Id: 19 | Results: 4
2026-10-03 18:10:18 | READ | Song | Fetching data connected to Song with Id: 20 | Results: 6
2026-10-03 18:10:18 | READ | Song | Fetching data connected to Song with Id: 21 | Results: 4
2026-10-03 18:10:18 | READ | Song | Fetching data connected to Song with Id: 22 | Results: 6
2026-10-03 18:10:18 | READ | Song | Fetching data connected to Song with Id: 23 | Results: 6
2026-10-03 18:10:18 | READ | Song | Fetching data connected to Song with Id: 24 | Results: 6
2026-10-03 18:10:18 | READ | Song | Fetching data connected to Song with Id: 25 | Results: 6
2026-10-03 18:10:18 | READ | Song | Fetching data connected to Song with Id: 26 | Results: 6
2026-10-03 18:10:18 | READ | Song | Fetching data connected to Song with Id: 27 | Results: 6
2026-10-03 18:10:18 | READ | Song | Fetching data connected to Song with Id: 49 | Results: 4
2026-10-03 18:10:18 | READ | Song | Fetching all songs.
2026-10-03 18:10:18 | READ | Song | Fetching data connected to Song with Id: 1 | Results: 6
2026-10-03 18:10:18 | READ | Song | Fetching data connected to Song with Id: 2 | Results: 6
2026-10-03 18:10:18 | READ | Song | Fetching data connected to Song with Id: 3 | Results: 6
2026-10-03 18:10:18 | READ | Song | Fetching data connected to Song with Id: 4 | Results: 6
2026-10-03 18:10:18 | READ | Song | Fetching data connected to Song with Id: 5 | Results: 6
2026-10-03 18:10:18 | READ | Song | Fetching data connected to Song with Id: 6 | Results: 4
2026-10-03 18:10:18 | READ | Song | Fetching data connected to Song with Id: 7 | Results: 4
2026-10-03 18:10:18 | READ | Song | Fetching data connected to Song with Id: 8 | Results: 8
2026-10-03 18:10:18 | READ | Song | Fetching data connected to Song with Id: 9 | Results: 6
2026-10-03 18:10:18 | READ | Song | Fetching data connected to Song with Id: 10 | Results: 6
2026-10-03 18:10:18 | READ | Song | Fetching data connected to Song with Id: 11 | Results: 6
2026-10-03 18:10:18 | READ | Song | Fetching data connected to Song with Id: 12 | Results: 6
2026-10-03 18:10:18 | READ | Song | Fetching data connected to Song with Id: 13 | Results: 6
2026-10-03 18:10:18 | READ | Song | Fetching data connected to Song with Id: 14 | Results: 6
2026-10-03 18:10:18 | READ | Song | Fetching data connected to Song with Id: 15 | Results: 6
2026-10-03 18:10:18 | READ | Song | Fetching data connected to Song with Id: 16 | Results: 6
2026-10-03 18:10:18 | READ | Song | Fetching data connected to Song with Id: 17 | Results: 6
2026-10-03 18:10:18 | READ | Song | Fetching data connected to Song with Id: 18 | Results: 6
2026-10-03 18:10:18 | READ | Song | Fetching data connected to Song with Id: 19 | Results: 4
2026-10-03 18:10:18 | READ | Song | Fetching data connected to Song with Id: 20 | Results: 6
2026-10-03 18:10:18 | READ | Song | Fetching data connected to Song with Id: 21 | Results: 4
2026-10-03 18:10:18 | READ | Song | Fetching data connected to Song with Id: 22 | Results: 6
2026-10-03 18:10:18 | READ | Song | Fetching data connected to Song with Id: 23 | Results: 6
2026-10-03 18:10:18 | READ | Song | Fetching data connected to Song with Id: 24 | Results: 6
2026-10-03 18:10:18 | READ | Song | Fetching data connected to Song with Id: 25 | Results: 6
2026-10-03 18:10:18 | READ | Song | Fetching data connected to Song with Id: 26 | Results: 6
2026-10-03 18:10:18 | READ | Song | Fetching data connected to Song with Id: 27 | Results: 6
2026-10-03 18:10:18 | READ | Song | Fetching data connected to Song with Id: 49 | Results: 4
2026-10-03 18:10:20 | READ | Song | Fetching all songs.
2026-10-03 18:10:20 | READ | Song | Fetching data connected to Song with Id: 1 | Results: 6
2026-10-03 18:10:20 | READ | Song | Fetching data connected to Song with Id: 2 | Results: 6
2026-10-03 18:10:20 | READ | Song | Fetching data connected to Song with Id: 3 | Results: 6
2026-10-03 18:10:20 | READ | Song | Fetching data connected to Song with Id: 4 | Results: 6
2026-10-03 18:10:20 | READ | Song | Fetching data connected to Song with Id: 5 | Results: 6
2026-10-03 18:10:20 | READ | Song | Fetching data connected to Song with Id: 6 | Results: 4
2026-10-03 18:10:20 | READ | Song | Fetching data connected to Song with Id: 7 | Results: 4
2026-10-03 18:10:20 | READ | Song | Fetching data connected to Song with Id: 8 | Results: 8
2026-10-03 18:10:20 | READ | Song | Fetching data connected to Song with Id: 9 | Results: 6
2026-10-03 18:10:20 | READ | Song | Fetching data connected to Song with Id: 10 | Results: 6
2026-10-03 18:10:20 | READ | Song | Fetching data connected to Song with Id: 11 | Results: 6
2026-10-03 18:10:20 | READ | Song | Fetching data connected to Song with Id: 12 | Results: 6
2026-10-03 18:10:20 | READ | Song | Fetching data connected to Song with Id: 13 | Results: 6
2026-10-03 18:10:20 | READ | Song | Fetching data connected to Song with Id: 14 | Results: 6
2026-10-03 18:10:20 | READ | Song | Fetching data connected to Song with Id: 15 | Results: 6
2026-10-03 18:10:20 | READ | Song | Fetching data connected to Song with Id: 16 | Results: 6
2026-10-03 18:10:20 | READ | Song | Fetching data connected to Song with Id: 17 | Results: 6
2026-10-03 18:10:20 | READ | Song | Fetching data connected to Song with Id: 18 | Results: 6
2026-10-03 18:10:20 | READ | Song | Fetching data connected to Song with Id: 19 | Results: 4
2026-10-03 18:10:20 | READ | Song | Fetching data connected to Song with Id: 20 | Results: 6
2026-10-03 18:10:20 | READ | Song | Fetching data connected to Song with Id: 21 | Results: 4
2026-10-03 18:10:20 | READ | Song | Fetching data connected to Song with Id: 22 | Results: 6
2026-10-03 18:10:20 | READ | Song | Fetching data connected to Song with Id: 23 | Results: 6
2026-10-03 18:10:20 | READ | Song | Fetching data connected to Song with Id: 24 | Results: 6
2026-10-03 18:10:20 | READ | Song | Fetching data connected to Song with Id: 25 | Results: 6
2026-10-03 18:10:20 | READ | Song | Fetching data connected to Song with Id: 26 | Results: 6
2026-10-03 18:10:20 | READ | Song | Fetching data connected to Song with Id: 27 | Results: 6
2026-10-03 18:10:20 | READ | Song | Fetching data connected to Song with Id: 49 | Results: 4
2026-10-03 18:10:21 | READ | Song | Fetching all songs.
2026-10-03 18:10:21 | READ | Song | Fetching data connected to Song with Id: 1 | Results: 6
2026-10-03 18:10:21 | READ | Song | Fetching data connected to Song with Id: 2 | Results: 6
2026-10-03 18:10:21 | READ | Song | Fetching data connected to Song with Id: 3 | Results: 6
2026-10-03 18:10:21 | READ | Song | Fetching data connected to Song with Id: 4 | Results: 6
2026-10-03 18:10:21 | READ | Song | Fetching data connected to Song with Id: 5 | Results: 6
2026-10-03 18:10:21 | READ | Song | Fetching data connected to Song with Id: 6 | Results: 4
2026-10-03 18:10:21 | READ | Song | Fetching data connected to Song with Id: 7 | Results: 4
2026-10-03 18:10:21 | READ | Song | Fetching data connected to Song with Id: 8 | Results: 8
2026-10-03 18:10:21 | READ | Song | Fetching data connected to Song with Id: 9 | Results: 6
2026-10-03 18:10:21 | READ | Song | Fetching data connected to Song with Id: 10 | Results: 6
2026-10-03 18:10:21 | READ | Song | Fetching data connected to Song with Id: 11 | Results: 6
2026-10-03 18:10:21 | READ | Song | Fetching data connected to Song with Id: 12 | Results: 6
2026-10-03 18:10:21 | READ | Song | Fetching data connected to Song with Id: 13 | Results: 6
2026-10-03 18:10:21 | READ | Song | Fetching data connected to Song with Id: 14 | Results: 6
2026-10-03 18:10:21 | READ | Song | Fetching data connected to Song with Id: 15 | Results: 6
2026-10-03 18:10:21 | READ | Song | Fetching data connected to Song with Id: 16 | Results: 6
2026-10-03 18:10:21 | READ | Song | Fetching data connected to Song with Id: 17 | Results: 6
2026-10-03 18:10:21 | READ | Song | Fetching data connected to Song with Id: 18 | Results: 6
2026-10-03 18:10:21 | READ | Song | Fetching data connected to Song with Id: 19 | Results: 4
2026-10-03 18:10:21 | READ | Song | Fetching data connected to Song with Id: 20 | Results: 6
2026-10-03 18:10:21 | READ | Song | Fetching data connected to Song with Id: 21 | Results: 4
2026-10-03 18:10:21 | READ | Song | Fetching data connected to Song with Id: 22 | Results: 6
2026-10-03 18:10:21 | READ | Song | Fetching data connected to Song with Id: 23 | Results: 6
2026-10-03 18:10:21 | READ | Song | Fetching data connected to Song with Id: 24 | Results: 6
2026-10-03 18:10:21 | READ | Song | Fetching data connected to Song with Id: 25 | Results: 6
2026-10-03 18:10:21 | READ | Song | Fetching data connected to Song with Id: 26 | Results: 6
2026-10-03 18:10:21 | READ | Song | Fetching data connected to Song with Id: 27 | Results: 6
2026-10-03 18:10:21 | READ | Song | Fetching data connected to Song with Id: 49 | Results: 4
2026-10-03 18:10:24 | READ | Song | Fetching all songs.
2026-10-03 18:10:24 | READ | Song | Fetching data connected to Song with Id: 1 | Results: 6
2026-10-03 18:10:24 | READ | Song | Fetching data connected to Song with Id: 2 | Results: 6
2026-10-03 18:10:24 | READ | Song | Fetching data connected to Song with Id: 3 | Results: 6
2026-10-03 18:10:24 | READ | Song | Fetching data connected to Song with Id: 4 | Results: 6
2026-10-03 18:10:24 | READ | Song | Fetching data connected to Song with Id: 5 | Results: 6
2026-10-03 18:10:24 | READ | Song | Fetching data connected to Song with Id: 6 | Results: 4
2026-10-03 18:10:24 | READ | Song | Fetching data connected to Song with Id: 7 | Results: 4
2026-10-03 18:10:24 | READ | Song | Fetching data connected to Song with Id: 8 | Results: 8
2026-10-03 18:10:24 | READ | Song | Fetching data connected to Song with Id: 9 | Results: 6
2026-10-03 18:10:24 | READ | Song | Fetching data connected to Song with Id: 10 | Results: 6
2026-10-03 18:10:24 | READ | Song | Fetching data connected to Song with Id: 11 | Results: 6
2026-10-03 18:10:24 | READ | Song | Fetching data connected to Song with Id: 12 | Results: 6
2026-10-03 18:10:24 | READ | Song | Fetching data connected to Song with Id: 13 | Results: 6
2026-10-03 18:10:24 | READ | Song | Fetching data connected to Song with Id: 14 | Results: 6
2026-10-03 18:10:24 | READ | Song | Fetching data connected to Song with Id: 15 | Results: 6
2026-10-03 18:10:24 | READ | Song | Fetching data connected to Song with Id: 16 | Results: 6
2026-10-03 18:10:24 | READ | Song | Fetching data connected to Song with Id: 17 | Results: 6
2026-10-03 18:10:24 | READ | Song | Fetching data connected to Song with Id: 18 | Results: 6
2026-10-03 18:10:24 | READ | Song | Fetching data connected to Song with Id: 19 | Results: 4
2026-10-03 18:10:24 | READ | Song | Fetching data connected to Song with Id: 20 | Results: 6
2026-10-03 18:10:24 | READ | Song | Fetching data connected to Song with Id: 21 | Results: 4
2026-10-03 18:10:24 | READ | Song | Fetching data connected to Song with Id: 22 | Results: 6
2026-10-03 18:10:25 | READ | Song | Fetching data connected to Song with Id: 23 | Results: 6
2026-10-03 18:10:25 | READ | Song | Fetching data connected to Song with Id: 24 | Results: 6
2026-10-03 18:10:25 | READ | Song | Fetching data connected to Song with Id: 25 | Results: 6
2026-10-03 18:10:25 | READ | Song | Fetching data connected to Song with Id: 26 | Results: 6
2026-10-03 18:10:25 | READ | Song | Fetching data connected to Song with Id: 27 | Results: 6
2026-10-03 18:10:25 | READ | Song | Fetching data connected to Song with Id: 49 | Results: 4
2026-10-03 18:10:25 | READ | Song | Fetching all songs.
2026-10-03 18:10:25 | READ | Song | Fetching data connected to Song with Id: 1 | Results: 6
2026-10-03 18:10:25 | READ | Song | Fetching data connected to Song with Id: 2 | Results: 6
2026-10-03 18:10:25 | READ | Song | Fetching data connected to Song with Id: 3 | Results: 6
2026-10-03 18:10:25 | READ | Song | Fetching data connected to Song with Id: 4 | Results: 6
2026-10-03 18:10:25 | READ | Song | Fetching data connected to Song with Id: 5 | Results: 6
2026-10-03 18:10:25 | READ | Song | Fetching data connected to Song with Id: 6 | Results: 4
2026-10-03 18:10:25 | READ | Song | Fetching data connected to Song with Id: 7 | Results: 4
2026-10-03 18:10:25 | READ | Song | Fetching data connected to Song with Id: 8 | Results: 8
2026-10-03 18:10:25 | READ | Song | Fetching data connected to Song with Id: 9 | Results: 6
2026-10-03 18:10:25 | READ | Song | Fetching data connected to Song with Id: 10 | Results: 6
2026-10-03 18:10:25 | READ | Song | Fetching data connected to Song with Id: 11 | Results: 6
2026-10-03 18:10:25 | READ | Song | Fetching data connected to Song with Id: 12 | Results: 6
2026-10-03 18:10:25 | READ | Song | Fetching data connected to Song with Id: 13 | Results: 6
2026-10-03 18:10:25 | READ | Song | Fetching data connected to Song with Id: 14 | Results: 6
2026-10-03 18:10:25 | READ | Song | Fetching data connected to Song with Id: 15 | Results: 6
2026-10-03 18:10:25 | READ | Song | Fetching data connected to Song with Id: 16 | Results: 6
2026-10-03 18:10:25 | READ | Song | Fetching data connected to Song with Id: 17 | Results: 6
2026-10-03 18:10:25 | READ | Song | Fetching data connected to Song with Id: 18 | Results: 6
2026-10-03 18:10:25 | READ | Song | Fetching data connected to Song with Id: 19 | Results: 4
2026-10-03 18:10:25 | READ | Song | Fetching data connected to Song with Id: 20 | Results: 6
2026-10-03 18:10:25 | READ | Song | Fetching data connected to Song with Id: 21 | Results: 4
2026-10-03 18:10:25 | READ | Song | Fetching data connected to Song with Id: 22 | Results: 6
2026-10-03 18:10:25 | READ | Song | Fetching data connected to Song with Id: 23 | Results: 6
2026-10-03 18:10:25 | READ | Song | Fetching data connected to Song with Id: 24 | Results: 6
2026-10-03 18:10:25 | READ | Song | Fetching data connected to Song with Id: 25 | Results: 6
2026-10-03 18:10:25 | READ | Song | Fetching data connected to Song with Id: 26 | Results: 6
2026-10-03 18:10:25 | READ | Song | Fetching data connected to Song with Id: 27 | Results: 6
2026-10-03 18:10:25 | READ | Song | Fetching data connected to Song with Id: 49 | Results: 4
2026-10-03 18:10:25 | READ | Song | Fetching all songs.
2026-10-03 18:10:25 | READ | Song | Fetching data connected to Song with Id: 1 | Results: 6
2026-10-03 18:10:25 | READ | Song | Fetching data connected to Song with Id: 2 | Results: 6
2026-10-03 18:10:25 | READ | Song | Fetching data connected to Song with Id: 3 | Results: 6
2026-10-03 18:10:25 | READ | Song | Fetching data connected to Song with Id: 4 | Results: 6
2026-10-03 18:10:25 | READ | Song | Fetching data connected to Song with Id: 5 | Results: 6
2026-10-03 18:10:25 | READ | Song | Fetching data connected to Song with Id: 6 | Results: 4
2026-10-03 18:10:25 | READ | Song | Fetching data connected to Song with Id: 7 | Results: 4
2026-10-03 18:10:25 | READ | Song | Fetching data connected to Song with Id: 8 | Results: 8
2026-10-03 18:10:25 | READ | Song | Fetching data connected to Song with Id: 9 | Results: 6
2026-10-03 18:10:25 | READ | Song | Fetching data connected to Song with Id: 10 | Results: 6
2026-10-03 18:10:25 | READ | Song | Fetching data connected to Song with Id: 11 | Results: 6
2026-10-03 18:10:25 | READ | Song | Fetching data connected to Song with Id: 12 | Results: 6
2026-10-03 18:10:25 | READ | Song | Fetching data connected to Song with Id: 13 | Results: 6
2026-10-03 18:10:25 | READ | Song | Fetching data connected to Song with Id: 14 | Results: 6
2026-10-03 18:10:25 | READ | Song | Fetching data connected to Song with Id: 15 | Results: 6
2026-10-03 18:10:25 | READ | Song | Fetching data connected to Song with Id: 16 | Results: 6
2026-10-03 18:10:25 | READ | Song | Fetching data connected to Song with Id: 17 | Results: 6
2026-10-03 18:10:25 | READ | Song | Fetching data connected to Song with Id: 18 | Results: 6
2026-10-03 18:10:25 | READ | Song | Fetching data connected to Song with Id: 19 | Results: 4
2026-10-03 18:10:25 | READ | Song | Fetching data connected to Song with Id: 20 | Results: 6
2026-10-03 18:10:25 | READ | Song | Fetching data connected to Song with Id: 21 | Results: 4
2026-10-03 18:10:25 | READ | Song | Fetching data connected to Song with Id: 22 | Results: 6
2026-10-03 18:10:25 | READ | Song | Fetching data connected to Song with Id: 23 | Results: 6
2026-10-03 18:10:25 | READ | Song | Fetching data connected to Song with Id: 24 | Results: 6
2026-10-03 18:10:25 | READ | Song | Fetching data connected to Song with Id: 25 | Results: 6
2026-10-03 18:10:25 | READ | Song | Fetching data connected to Song with Id: 26 | Results: 6
2026-10-03 18:10:25 | READ | Song | Fetching data connected to Song with Id: 27 | Results: 6
2026-10-03 18:10:25 | READ | Song | Fetching data connected to Song with Id: 49 | Results: 4
2026-10-03 18:10:26 | READ | Song | Fetching all songs.
2026-10-03 18:10:26 | READ | Song | Fetching data connected to Song with Id: 1 | Results: 6
2026-10-03 18:10:26 | READ | Song | Fetching data connected to Song with Id: 2 | Results: 6
2026-10-03 18:10:26 | READ | Song | Fetching data connected to Song with Id: 3 | Results: 6
2026-10-03 18:10:26 | READ | Song | Fetching data connected to Song with Id: 4 | Results: 6
2026-10-03 18:10:26 | READ | Song | Fetching data connected to Song with Id: 5 | Results: 6
2026-10-03 18:10:26 | READ | Song | Fetching data connected to Song with Id: 6 | Results: 4
2026-10-03 18:10:26 | READ | Song | Fetching data connected to Song with Id: 7 | Results: 4
2026-10-03 18:10:26 | READ | Song | Fetching data connected to Song with Id: 8 | Results: 8
2026-10-03 18:10:26 | READ | Song | Fetching data connected to Song with Id: 9 | Results: 6
2026-10-03 18:10:26 | READ | Song | Fetching data connected to Song with Id: 10 | Results: 6
2026-10-03 18:10:26 | READ | Song | Fetching data connected to Song with Id: 11 | Results: 6
2026-10-03 18:10:26 | READ | Song | Fetching data connected to Song with Id: 12 | Results: 6
2026-10-03 18:10:26 | READ | Song | Fetching data connected to Song with Id: 13 | Results: 6
2026-10-03 18:10:26 | READ | Song | Fetching data connected to Song with Id: 14 | Results: 6
2026-10-03 18:10:26 | READ | Song | Fetching data connected to Song with Id: 15 | Results: 6
2026-10-03 18:10:26 | READ | Song | Fetching data connected to Song with Id: 16 | Results: 6
2026-10-03 18:10:26 | READ | Song | Fetching data connected to Song with Id: 17 | Results: 6
2026-10-03 18:10:26 | READ | Song | Fetching data connected to Song with Id: 18 | Results: 6
2026-10-03 18:10:26 | READ | Song | Fetching data connected to Song with Id: 19 | Results: 4
2026-10-03 18:10:26 | READ | Song | Fetching data connected to Song with Id: 20 | Results: 6
2026-10-03 18:10:26 | READ | Song | Fetching data connected to Song with Id: 21 | Results: 4
2026-10-03 18:10:26 | READ | Song | Fetching data connected to Song with Id: 22 | Results: 6
2026-10-03 18:10:26 | READ | Song | Fetching data connected to Song with Id: 23 | Results: 6
2026-10-03 18:10:26 | READ | Song | Fetching data connected to Song with Id: 24 | Results: 6
2026-10-03 18:10:26 | READ | Song | Fetching data connected to Song with Id: 25 | Results: 6
2026-10-03 18:10:26 | READ | Song | Fetching data connected to Song with Id: 26 | Results: 6
2026-10-03 18:10:26 | READ | Song | Fetching data connected to Song with Id: 27 | Results: 6
2026-10-03 18:10:26 | READ | Song | Fetching data connected to Song with Id: 49 | Results: 4
2026-10-03 18:10:26 | READ | Song | Fetching all songs.
2026-10-03 18:10:26 | READ | Song | Fetching data connected to Song with Id: 1 | Results: 6
2026-10-03 18:10:26 | READ | Song | Fetching data connected to Song with Id: 2 | Results: 6
2026-10-03 18:10:26 | READ | Song | Fetching data connected to Song with Id: 3 | Results: 6
2026-10-03 18:10:26 | READ | Song | Fetching data connected to Song with Id: 4 | Results: 6
2026-10-03 18:10:26 | READ | Song | Fetching data connected to Song with Id: 5 | Results: 6
2026-10-03 18:10:26 | READ | Song | Fetching data connected to Song with Id: 6 | Results: 4
2026-10-03 18:10:26 | READ | Song | Fetching data connected to Song with Id: 7 | Results: 4
2026-10-03 18:10:26 | READ | Song | Fetching data connected to Song with Id: 8 | Results: 8
2026-10-03 18:10:26 | READ | Song | Fetching data connected to Song with Id: 9 | Results: 6
2026-10-03 18:10:26 | READ | Song | Fetching data connected to Song with Id: 10 | Results: 6
2026-10-03 18:10:26 | READ | Song | Fetching data connected to Song with Id: 11 | Results: 6
2026-10-03 18:10:26 | READ | Song | Fetching data connected to Song with Id: 12 | Results: 6
2026-10-03 18:10:26 | READ | Song | Fetching data connected to Song with Id: 13 | Results: 6
2026-10-03 18:10:26 | READ | Song | Fetching data connected to Song with Id: 14 | Results: 6
2026-10-03 18:10:26 | READ | Song | Fetching data connected to Song with Id: 15 | Results: 6
2026-10-03 18:10:26 | READ | Song | Fetching data connected to Song with Id: 16 | Results: 6
2026-10-03 18:10:26 | READ | Song | Fetching data connected to Song with Id: 17 | Results: 6
2026-10-03 18:10:26 | READ | Song | Fetching data connected to Song with Id: 18 | Results: 6
2026-10-03 18:10:26 | READ | Song | Fetching data connected to Song with Id: 19 | Results: 4
2026-10-03 18:10:26 | READ | Song | Fetching data connected to Song with Id: 20 | Results: 6
2026-10-03 18:10:26 | READ | Song | Fetching data connected to Song with Id: 21 | Results: 4
2026-10-03 18:10:26 | READ | Song | Fetching data connected to Song with Id: 22 | Results: 6
2026-10-03 18:10:26 | READ | Song | Fetching data connected to Song with Id: 23 | Results: 6
2026-10-03 18:10:26 | READ | Song | Fetching data connected to Song with Id: 24 | Results: 6
2026-10-03 18:10:26 | READ | Song | Fetching data connected to Song with Id: 25 | Results: 6
2026-10-03 18:10:26 | READ | Song | Fetching data connected to Song with Id: 26 | Results: 6
2026-10-03 18:10:26 | READ | Song | Fetching data connected to Song with Id: 27 | Results: 6
2026-10-03 18:10:26 | READ | Song | Fetching data connected to Song with Id: 49 | Results: 4
2026-10-03 18:10:26 | READ | Song | Fetching all songs.
2026-10-03 18:10:26 | READ | Song | Fetching data connected to Song with Id: 1 | Results: 6
2026-10-03 18:10:26 | READ | Song | Fetching data connected to Song with Id: 2 | Results: 6
2026-10-03 18:10:26 | READ | Song | Fetching data connected to Song with Id: 3 | Results: 6
2026-10-03 18:10:26 | READ | Song | Fetching data connected to Song with Id: 4 | Results: 6
2026-10-03 18:10:26 | READ | Song | Fetching data connected to Song with Id: 5 | Results: 6
2026-10-03 18:10:26 | READ | Song | Fetching data connected to Song with Id: 6 | Results: 4
2026-10-03 18:10:26 | READ | Song | Fetching data connected to Song with Id: 7 | Results: 4
2026-10-03 18:10:26 | READ | Song | Fetching data connected to Song with Id: 8 | Results: 8
2026-10-03 18:10:26 | READ | Song | Fetching data connected to Song with Id: 9 | Results: 6
2026-10-03 18:10:26 | READ | Song | Fetching data connected to Song with Id: 10 | Results: 6
2026-10-03 18:10:26 | READ | Song | Fetching data connected to Song with Id: 11 | Results: 6
2026-10-03 18:10:26 | READ | Song | Fetching data connected to Song with Id: 12 | Results: 6
2026-10-03 18:10:26 | READ | Song | Fetching data connected to Song with Id: 13 | Results: 6
2026-10-03 18:10:26 | READ | Song | Fetching data connected to Song with Id: 14 | Results: 6
2026-10-03 18:10:26 | READ | Song | Fetching data connected to Song with Id: 15 | Results: 6
2026-10-03 18:10:26 | READ | Song | Fetching data connected to Song with Id: 16 | Results: 6
2026-10-03 18:10:26 | READ | Song | Fetching data connected to Song with Id: 17 | Results: 6
2026-10-03 18:10:26 | READ | Song | Fetching data connected to Song with Id: 18 | Results: 6
2026-10-03 18:10:26 | READ | Song | Fetching data connected to Song with Id: 19 | Results: 4
2026-10-03 18:10:26 | READ | Song | Fetching data connected to Song with Id: 20 | Results: 6
2026-10-03 18:10:26 | READ | Song | Fetching data connected to Song with Id: 21 | Results: 4
2026-10-03 18:10:26 | READ | Song | Fetching data connected to Song with Id: 22 | Results: 6
2026-10-03 18:10:26 | READ | Song | Fetching data connected to Song with Id: 23 | Results: 6
2026-10-03 18:10:26 | READ | Song | Fetching data connected to Song with Id: 24 | Results: 6
2026-10-03 18:10:27 | READ | Song | Fetching data connected to Song with Id: 25 | Results: 6
2026-10-03 18:10:27 | READ | Song | Fetching data connected to Song with Id: 26 | Results: 6
2026-10-03 18:10:27 | READ | Song | Fetching data connected to Song with Id: 27 | Results: 6
2026-10-03 18:10:27 | READ | Song | Fetching data connected to Song with Id: 49 | Results: 4
2026-10-03 18:10:30 | READ | Song | Fetching all songs.
2026-10-03 18:10:30 | READ | Song | Fetching data connected to Song with Id: 1 | Results: 6
2026-10-03 18:10:30 | READ | Song | Fetching data connected to Song with Id: 2 | Results: 6
2026-10-03 18:10:30 | READ | Song | Fetching data connected to Song with Id: 3 | Results: 6
2026-10-03 18:10:30 | READ | Song | Fetching data connected to Song with Id: 4 | Results: 6
2026-10-03 18:10:30 | READ | Song | Fetching data connected to Song with Id: 5 | Results: 6
2026-10-03 18:10:30 | READ | Song | Fetching data connected to Song with Id: 6 | Results: 4
2026-10-03 18:10:30 | READ | Song | Fetching data connected to Song with Id: 7 | Results: 4
2026-10-03 18:10:30 | READ | Song | Fetching data connected to Song with Id: 8 | Results: 8
2026-10-03 18:10:30 | READ | Song | Fetching data connected to Song with Id: 9 | Results: 6
2026-10-03 18:10:30 | READ | Song | Fetching data connected to Song with Id: 10 | Results: 6
2026-10-03 18:10:30 | READ | Song | Fetching data connected to Song with Id: 11 | Results: 6
2026-10-03 18:10:30 | READ | Song | Fetching data connected to Song with Id: 12 | Results: 6
2026-10-03 18:10:30 | READ | Song | Fetching data connected to Song with Id: 13 | Results: 6
2026-10-03 18:10:30 | READ | Song | Fetching data connected to Song with Id: 14 | Results: 6
2026-10-03 18:10:31 | READ | Song | Fetching data connected to Song with Id: 15 | Results: 6
2026-10-03 18:10:31 | READ | Song | Fetching data connected to Song with Id: 16 | Results: 6
2026-10-03 18:10:31 | READ | Song | Fetching data connected to Song with Id: 17 | Results: 6
2026-10-03 18:10:31 | READ | Song | Fetching data connected to Song with Id: 18 | Results: 6
2026-10-03 18:10:31 | READ | Song | Fetching data connected to Song with Id: 19 | Results: 4
2026-10-03 18:10:31 | READ | Song | Fetching data connected to Song with Id: 20 | Results: 6
2026-10-03 18:10:31 | READ | Song | Fetching data connected to Song with Id: 21 | Results: 4
2026-10-03 18:10:31 | READ | Song | Fetching data connected to Song with Id: 22 | Results: 6
2026-10-03 18:10:31 | READ | Song | Fetching data connected to Song with Id: 23 | Results: 6
2026-10-03 18:10:31 | READ | Song | Fetching data connected to Song with Id: 24 | Results: 6
2026-10-03 18:10:31 | READ | Song | Fetching data connected to Song with Id: 25 | Results: 6
2026-10-03 18:10:31 | READ | Song | Fetching data connected to Song with Id: 26 | Results: 6
2026-10-03 18:10:31 | READ | Song | Fetching data connected to Song with Id: 27 | Results: 6
2026-10-03 18:10:31 | READ | Song | Fetching data connected to Song with Id: 49 | Results: 4
2026-10-03 18:11:08 | READ | Song | Fetching all songs.
2026-10-03 18:11:08 | READ | Song | Fetching data connected to Song with Id: 1 | Results: 6
2026-10-03 18:11:08 | READ | Song | Fetching data connected to Song with Id: 2 | Results: 6
2026-10-03 18:11:08 | READ | Song | Fetching data connected to Song with Id: 3 | Results: 6
2026-10-03 18:11:08 | READ | Song | Fetching data connected to Song with Id: 4 | Results: 6
2026-10-03 18:11:08 | READ | Song | Fetching data connected to Song with Id: 5 | Results: 6
2026-10-03 18:11:08 | READ | Song | Fetching data connected to Song with Id: 6 | Results: 4
2026-10-03 18:11:08 | READ | Song | Fetching data connected to Song with Id: 7 | Results: 4
2026-10-03 18:11:08 | READ | Song | Fetching data connected to Song with Id: 8 | Results: 8
2026-10-03 18:11:08 | READ | Song | Fetching data connected to Song with Id: 9 | Results: 6
2026-10-03 18:11:08 | READ | Song | Fetching data connected to Song with Id: 10 | Results: 6
2026-10-03 18:11:08 | READ | Song | Fetching data connected to Song with Id: 11 | Results: 6
2026-10-03 18:11:08 | READ | Song | Fetching data connected to Song with Id: 12 | Results: 6
2026-10-03 18:11:08 | READ | Song | Fetching data connected to Song with Id: 13 | Results: 6
2026-10-03 18:11:08 | READ | Song | Fetching data connected to Song with Id: 14 | Results: 6
2026-10-03 18:11:08 | READ | Song | Fetching data connected to Song with Id: 15 | Results: 6
2026-10-03 18:11:08 | READ | Song | Fetching data connected to Song with Id: 16 | Results: 6
2026-10-03 18:11:08 | READ | Song | Fetching data connected to Song with Id: 17 | Results: 6
2026-10-03 18:11:08 | READ | Song | Fetching data connected to Song with Id: 18 | Results: 6
2026-10-03 18:11:08 | READ | Song | Fetching data connected to Song with Id: 19 | Results: 4
2026-10-03 18:11:08 | READ | Song | Fetching data connected to Song with Id: 20 | Results: 6
2026-10-03 18:11:08 | READ | Song | Fetching data connected to Song with Id: 21 | Results: 4
2026-10-03 18:11:08 | READ | Song | Fetching data connected to Song with Id: 22 | Results: 6
2026-10-03 18:11:08 | READ | Song | Fetching data connected to Song with Id: 23 | Results: 6
2026-10-03 18:11:08 | READ | Song | Fetching data connected to Song with Id: 24 | Results: 6
2026-10-03 18:11:08 | READ | Song | Fetching data connected to Song with Id: 25 | Results: 6
2026-10-03 18:11:08 | READ | Song | Fetching data connected to Song with Id: 26 | Results: 6
2026-10-03 18:11:08 | READ | Song | Fetching data connected to Song with Id: 27 | Results: 6
2026-10-03 18:11:08 | READ | Song | Fetching data connected to Song with Id: 49 | Results: 4
2026-10-03 18:11:09 | READ | Song | Fetching all songs.
2026-10-03 18:11:09 | READ | Song | Fetching data connected to Song with Id: 1 | Results: 6
2026-10-03 18:11:09 | READ | Song | Fetching data connected to Song with Id: 2 | Results: 6
2026-10-03 18:11:09 | READ | Song | Fetching data connected to Song with Id: 3 | Results: 6
2026-10-03 18:11:09 | READ | Song | Fetching data connected to Song with Id: 4 | Results: 6
2026-10-03 18:11:09 | READ | Song | Fetching data connected to Song with Id: 5 | Results: 6
2026-10-03 18:11:09 | READ | Song | Fetching data connected to Song with Id: 6 | Results: 4
2026-10-03 18:11:09 | READ | Song | Fetching data connected to Song with Id: 7 | Results: 4
2026-10-03 18:11:09 | READ | Song | Fetching data connected to Song with Id: 8 | Results: 8
2026-10-03 18:11:09 | READ | Song | Fetching data connected to Song with Id: 9 | Results: 6
2026-10-03 18:11:09 | READ | Song | Fetching data connected to Song with Id: 10 | Results: 6
2026-10-03 18:11:09 | READ | Song | Fetching data connected to Song with Id: 11 | Results: 6
2026-10-03 18:11:09 | READ | Song | Fetching data connected to Song with Id: 12 | Results: 6
2026-10-03 18:11:09 | READ | Song | Fetching data connected to Song with Id: 13 | Results: 6
2026-10-03 18:11:09 | READ | Song | Fetching data connected to Song with Id: 14 | Results: 6
2026-10-03 18:11:09 | READ | Song | Fetching data connected to Song with Id: 15 | Results: 6
2026-10-03 18:11:09 | READ | Song | Fetching data connected to Song with Id: 16 | Results: 6
2026-10-03 18:11:09 | READ | Song | Fetching data connected to Song with Id: 17 | Results: 6
2026-10-03 18:11:09 | READ | Song | Fetching data connected to Song with Id: 18 | Results: 6
2026-10-03 18:11:09 | READ | Song | Fetching data connected to Song with Id: 19 | Results: 4
2026-10-03 18:11:09 | READ | Song | Fetching data connected to Song with Id: 20 | Results: 6
2026-10-03 18:11:09 | READ | Song | Fetching data connected to Song with Id: 21 | Results: 4
2026-10-03 18:11:09 | READ | Song | Fetching data connected to Song with Id: 22 | Results: 6
2026-10-03 18:11:09 | READ | Song | Fetching data connected to Song with Id: 23 | Results: 6
2026-10-03 18:11:09 | READ | Song | Fetching data connected to Song with Id: 24 | Results: 6
2026-10-03 18:11:09 | READ | Song | Fetching data connected to Song with Id: 25 | Results: 6
2026-10-03 18:11:09 | READ | Song | Fetching data connected to Song with Id: 26 | Results: 6
2026-10-03 18:11:09 | READ | Song | Fetching data connected to Song with Id: 27 | Results: 6
2026-10-03 18:11:09 | READ | Song | Fetching data connected to Song with Id: 49 | Results: 4
2026-10-03 18:11:13 | READ | Song | Fetching all songs.
2026-10-03 18:11:13 | READ | Song | Fetching data connected to Song with Id: 1 | Results: 6
2026-10-03 18:11:13 | READ | Song | Fetching data connected to Song with Id: 2 | Results: 6
2026-10-03 18:11:13 | READ | Song | Fetching data connected to Song with Id: 3 | Results: 6
2026-10-03 18:11:13 | READ | Song | Fetching data connected to Song with Id: 4 | Results: 6
2026-10-03 18:11:13 | READ | Song | Fetching data connected to Song with Id: 5 | Results: 6
2026-10-03 18:11:13 | READ | Song | Fetching data connected to Song with Id: 6 | Results: 4
2026-10-03 18:11:13 | READ | Song | Fetching data connected to Song with Id: 7 | Results: 4
2026-10-03 18:11:13 | READ | Song | Fetching data connected to Song with Id: 8 | Results: 8
2026-10-03 18:11:13 | READ | Song | Fetching data connected to Song with Id: 9 | Results: 6
2026-10-03 18:11:13 | READ | Song | Fetching data connected to Song with Id: 10 | Results: 6
2026-10-03 18:11:13 | READ | Song | Fetching data connected to Song with Id: 11 | Results: 6
2026-10-03 18:11:13 | READ | Song | Fetching data connected to Song with Id: 12 | Results: 6
2026-10-03 18:11:13 | READ | Song | Fetching data connected to Song with Id: 13 | Results: 6
2026-10-03 18:11:13 | READ | Song | Fetching data connected to Song with Id: 14 | Results: 6
2026-10-03 18:11:13 | READ | Song | Fetching data connected to Song with Id: 15 | Results: 6
2026-10-03 18:11:13 | READ | Song | Fetching data connected to Song with Id: 16 | Results: 6
2026-10-03 18:11:13 | READ | Song | Fetching data connected to Song with Id: 17 | Results: 6
2026-10-03 18:11:13 | READ | Song | Fetching data connected to Song with Id: 18 | Results: 6
2026-10-03 18:11:13 | READ | Song | Fetching data connected to Song with Id: 19 | Results: 4
2026-10-03 18:11:13 | READ | Song | Fetching data connected to Song with Id: 20 | Results: 6
2026-10-03 18:11:13 | READ | Song | Fetching data connected to Song with Id: 21 | Results: 4
2026-10-03 18:11:13 | READ | Song | Fetching data connected to Song with Id: 22 | Results: 6
2026-10-03 18:11:13 | READ | Song | Fetching data connected to Song with Id: 23 | Results: 6
2026-10-03 18:11:13 | READ | Song | Fetching data connected to Song with Id: 24 | Results: 6
2026-10-03 18:11:13 | READ | Song | Fetching data connected to Song with Id: 25 | Results: 6
2026-10-03 18:11:13 | READ | Song | Fetching data connected to Song with Id: 26 | Results: 6
2026-10-03 18:11:13 | READ | Song | Fetching data connected to Song with Id: 27 | Results: 6
2026-10-03 18:11:13 | READ | Song | Fetching data connected to Song with Id: 49 | Results: 4
2026-10-03 18:11:16 | READ | Song | Fetching all songs.
2026-10-03 18:11:16 | READ | Song | Fetching data connected to Song with Id: 1 | Results: 6
2026-10-03 18:11:16 | READ | Song | Fetching data connected to Song with Id: 2 | Results: 6
2026-10-03 18:11:16 | READ | Song | Fetching data connected to Song with Id: 3 | Results: 6
2026-10-03 18:11:16 | READ | Song | Fetching data connected to Song with Id: 4 | Results: 6
2026-10-03 18:11:16 | READ | Song | Fetching data connected to Song with Id: 5 | Results: 6
2026-10-03 18:11:16 | READ | Song | Fetching data connected to Song with Id: 6 | Results: 4
2026-10-03 18:11:16 | READ | Song | Fetching data connected to Song with Id: 7 | Results: 4
2026-10-03 18:11:16 | READ | Song | Fetching data connected to Song with Id: 8 | Results: 8
2026-10-03 18:11:16 | READ | Song | Fetching data connected to Song with Id: 9 | Results: 6
2026-10-03 18:11:16 | READ | Song | Fetching data connected to Song with Id: 10 | Results: 6
2026-10-03 18:11:16 | READ | Song | Fetching data connected to Song with Id: 11 | Results: 6
2026-10-03 18:11:16 | READ | Song | Fetching data connected to Song with Id: 12 | Results: 6
2026-10-03 18:11:16 | READ | Song | Fetching data connected to Song with Id: 13 | Results: 6
2026-10-03 18:11:16 | READ | Song | Fetching data connected to Song with Id: 14 | Results: 6
2026-10-03 18:11:16 | READ | Song | Fetching data connected to Song with Id: 15 | Results: 6
2026-10-03 18:11:16 | READ | Song | Fetching data connected to Song with Id: 16 | Results: 6
2026-10-03 18:11:16 | READ | Song | Fetching data connected to Song with Id: 17 | Results: 6
2026-10-03 18:11:16 | READ | Song | Fetching data connected to Song with Id: 18 | Results: 6
2026-10-03 18:11:16 | READ | Song | Fetching data connected to Song with Id: 19 | Results: 4
2026-10-03 18:11:16 | READ | Song | Fetching data connected to Song with Id: 20 | Results: 6
2026-10-03 18:11:16 | READ | Song | Fetching data connected to Song with Id: 21 | Results: 4
2026-10-03 18:11:16 | READ | Song | Fetching data connected to Song with Id: 22 | Results: 6
2026-10-03 18:11:16 | READ | Song | Fetching data connected to Song with Id: 23 | Results: 6
2026-10-03 18:11:16 | READ | Song | Fetching data connected to Song with Id: 24 | Results: 6
2026-10-03 18:11:16 | READ | Song | Fetching data connected to Song with Id: 25 | Results: 6
2026-10-03 18:11:16 | READ | Song | Fetching data connected to Song with Id: 26 | Results: 6
2026-10-03 18:11:16 | READ | Song | Fetching data connected to Song with Id: 27 | Results: 6
2026-10-03 18:11:16 | READ | Song | Fetching data connected to Song with Id: 49 | Results: 4
2026-10-03 18:11:35 | READ | Song | Fetching all songs.
2026-10-03 18:11:35 | READ | Song | Fetching data connected to Song with Id: 1 | Results: 6
2026-10-03 18:11:35 | READ | Song | Fetching data connected to Song with Id: 2 | Results: 6
2026-10-03 18:11:35 | READ | Song | Fetching data connected to Song with Id: 3 | Results: 6
2026-10-03 18:11:35 | READ | Song | Fetching data connected to Song with Id: 4 | Results: 6
2026-10-03 18:11:35 | READ | Song | Fetching data connected to Song with Id: 5 | Results: 6
2026-10-03 18:11:35 | READ | Song | Fetching data connected to Song with Id: 6 | Results: 4
2026-10-03 18:11:35 | READ | Song | Fetching data connected to Song with Id: 7 | Results: 4
2026-10-03 18:11:35 | READ | Song | Fetching data connected to Song with Id: 8 | Results: 8
2026-10-03 18:11:35 | READ | Song | Fetching data connected to Song with Id: 9 | Results: 6
2026-10-03 18:11:35 | READ | Song | Fetching data connected to Song with Id: 10 | Results: 6
2026-10-03 18:11:35 | READ | Song | Fetching data connected to Song with Id: 11 | Results: 6
2026-10-03 18:11:35 | READ | Song | Fetching data connected to Song with Id: 12 | Results: 6
2026-10-03 18:11:35 | READ | Song | Fetching data connected to Song with Id: 13 | Results: 6
2026-10-03 18:11:35 | READ | Song | Fetching data connected to Song with Id: 14 | Results: 6
2026-10-03 18:11:35 | READ | Song | Fetching data connected to Song with Id: 15 | Results: 6
2026-10-03 18:11:35 | READ | Song | Fetching data connected to Song with Id: 16 | Results: 6
2026-10-03 18:11:35 | READ | Song | Fetching data connected to Song with Id: 17 | Results: 6
2026-10-03 18:11:35 | READ | Song | Fetching data connected to Song with Id: 18 | Results: 6
2026-10-03 18:11:35 | READ | Song | Fetching data connected to Song with Id: 19 | Results: 4
2026-10-03 18:11:35 | READ | Song | Fetching data connected to Song with Id: 20 | Results: 6
2026-10-03 18:11:35 | READ | Song | Fetching data connected to Song with Id: 21 | Results: 4
2026-10-03 18:11:35 | READ | Song | Fetching data connected to Song with Id: 22 | Results: 6
2026-10-03 18:11:35 | READ | Song | Fetching data connected to Song with Id: 23 | Results: 6
2026-10-03 18:11:35 | READ | Song | Fetching data connected to Song with Id: 24 | Results: 6
2026-10-03 18:11:35 | READ | Song | Fetching data connected to Song with Id: 25 | Results: 6
2026-10-03 18:11:35 | READ | Song | Fetching data connected to Song with Id: 26 | Results: 6
2026-10-03 18:11:35 | READ | Song | Fetching data connected to Song with Id: 27 | Results: 6
2026-10-03 18:11:35 | READ | Song | Fetching data connected to Song with Id: 49 | Results: 4
2026-10-03 18:11:43 | READ | Song | Fetching all songs.
2026-10-03 18:11:43 | READ | Song | Fetching data connected to Song with Id: 1 | Results: 6
2026-10-03 18:11:43 | READ | Song | Fetching data connected to Song with Id: 2 | Results: 6
2026-10-03 18:11:43 | READ | Song | Fetching data connected to Song with Id: 3 | Results: 6
2026-10-03 18:11:43 | READ | Song | Fetching data connected to Song with Id: 4 | Results: 6
2026-10-03 18:11:43 | READ | Song | Fetching data connected to Song with Id: 5 | Results: 6
2026-10-03 18:11:43 | READ | Song | Fetching data connected to Song with Id: 6 | Results: 4
2026-10-03 18:11:43 | READ | Song | Fetching data connected to Song with Id: 7 | Results: 4
2026-10-03 18:11:43 | READ | Song | Fetching data connected to Song with Id: 8 | Results: 8
2026-10-03 18:11:43 | READ | Song | Fetching data connected to Song with Id: 9 | Results: 6
2026-10-03 18:11:43 | READ | Song | Fetching data connected to Song with Id: 10 | Results: 6
2026-10-03 18:11:43 | READ | Song | Fetching data connected to Song with Id: 11 | Results: 6
2026-10-03 18:11:43 | READ | Song | Fetching data connected to Song with Id: 12 | Results: 6
2026-10-03 18:11:43 | READ | Song | Fetching data connected to Song with Id: 13 | Results: 6
2026-10-03 18:11:43 | READ | Song | Fetching data connected to Song with Id: 14 | Results: 6
2026-10-03 18:11:43 | READ | Song | Fetching data connected to Song with Id: 15 | Results: 6
2026-10-03 18:11:43 | READ | Song | Fetching data connected to Song with Id: 16 | Results: 6
2026-10-03 18:11:43 | READ | Song | Fetching data connected to Song with Id: 17 | Results: 6
2026-10-03 18:11:43 | READ | Song | Fetching data connected to Song with Id: 18 | Results: 6
2026-10-03 18:11:43 | READ | Song | Fetching data connected to Song with Id: 19 | Results: 4
2026-10-03 18:11:43 | READ | Song | Fetching data connected to Song with Id: 20 | Results: 6
2026-10-03 18:11:43 | READ | Song | Fetching data connected to Song with Id: 21 | Results: 4
2026-10-03 18:11:43 | READ | Song | Fetching data connected to Song with Id: 22 | Results: 6
2026-10-03 18:11:43 | READ | Song | Fetching data connected to Song with Id: 23 | Results: 6
2026-10-03 18:11:43 | READ | Song | Fetching data connected to Song with Id: 24 | Results: 6
2026-10-03 18:11:43 | READ | Song | Fetching data connected to Song with Id: 25 | Results: 6
2026-10-03 18:11:43 | READ | Song | Fetching data connected to Song with Id: 26 | Results: 6
2026-10-03 18:11:43 | READ | Song | Fetching data connected to Song with Id: 27 | Results: 6
2026-10-03 18:11:43 | READ | Song | Fetching data connected to Song with Id: 49 | Results: 4
2026-10-03 18:11:44 | READ | Song | Fetching all songs.
2026-10-03 18:11:44 | READ | Song | Fetching data connected to Song with Id: 1 | Results: 6
2026-10-03 18:11:44 | READ | Song | Fetching data connected to Song with Id: 2 | Results: 6
2026-10-03 18:11:44 | READ | Song | Fetching data connected to Song with Id: 3 | Results: 6
2026-10-03 18:11:44 | READ | Song | Fetching data connected to Song with Id: 4 | Results: 6
2026-10-03 18:11:44 | READ | Song | Fetching data connected to Song with Id: 5 | Results: 6
2026-10-03 18:11:44 | READ | Song | Fetching data connected to Song with Id: 6 | Results: 4
2026-10-03 18:11:44 | READ | Song | Fetching data connected to Song with Id: 7 | Results: 4
2026-10-03 18:11:44 | READ | Song | Fetching data connected to Song with Id: 8 | Results: 8
2026-10-03 18:11:44 | READ | Song | Fetching data connected to Song with Id: 9 | Results: 6
2026-10-03 18:11:44 | READ | Song | Fetching data connected to Song with Id: 10 | Results: 6
2026-10-03 18:11:44 | READ | Song | Fetching data connected to Song with Id: 11 | Results: 6
2026-10-03 18:11:44 | READ | Song | Fetching data connected to Song with Id: 12 | Results: 6
2026-10-03 18:11:44 | READ | Song | Fetching data connected to Song with Id: 13 | Results: 6
2026-10-03 18:11:44 | READ | Song | Fetching data connected to Song with Id: 14 | Results: 6
2026-10-03 18:11:44 | READ | Song | Fetching data connected to Song with Id: 15 | Results: 6
2026-10-03 18:11:44 | READ | Song | Fetching data connected to Song with Id: 16 | Results: 6
2026-10-03 18:11:44 | READ | Song | Fetching data connected to Song with Id: 17 | Results: 6
2026-10-03 18:11:44 | READ | Song | Fetching data connected to Song with Id: 18 | Results: 6
2026-10-03 18:11:44 | READ | Song | Fetching data connected to Song with Id: 19 | Results: 4
2026-10-03 18:11:44 | READ | Song | Fetching data connected to Song with Id: 20 | Results: 6
2026-10-03 18:11:44 | READ | Song | Fetching data connected to Song with Id: 21 | Results: 4
2026-10-03 18:11:44 | READ | Song | Fetching data connected to Song with Id: 22 | Results: 6
2026-10-03 18:11:44 | READ | Song | Fetching data connected to Song with Id: 23 | Results: 6
2026-10-03 18:11:44 | READ | Song | Fetching data connected to Song with Id: 24 | Results: 6
2026-10-03 18:11:44 | READ | Song | Fetching data connected to Song with Id: 25 | Results: 6
2026-10-03 18:11:44 | READ | Song | Fetching data connected to Song with Id: 26 | Results: 6
2026-10-03 18:11:44 | READ | Song | Fetching data connected to Song with Id: 27 | Results: 6
2026-10-03 18:11:44 | READ | Song | Fetching data connected to Song with Id: 49 | Results: 4
2026-10-03 18:11:48 | READ | Song | Fetching all songs.
2026-10-03 18:11:48 | READ | Song | Fetching data connected to Song with Id: 1 | Results: 6
2026-10-03 18:11:48 | READ | Song | Fetching data connected to Song with Id: 2 | Results: 6
2026-10-03 18:11:48 | READ | Song | Fetching data connected to Song with Id: 3 | Results: 6
2026-10-03 18:11:48 | READ | Song | Fetching data connected to Song with Id: 4 | Results: 6
2026-10-03 18:11:48 | READ | Song | Fetching data connected to Song with Id: 5 | Results: 6
2026-10-03 18:11:48 | READ | Song | Fetching data connected to Song with Id: 6 | Results: 4
2026-10-03 18:11:48 | READ | Song | Fetching data connected to Song with Id: 7 | Results: 4
2026-10-03 18:11:48 | READ | Song | Fetching data connected to Song with Id: 8 | Results: 8
2026-10-03 18:11:48 | READ | Song | Fetching data connected to Song with Id: 9 | Results: 6
2026-10-03 18:11:48 | READ | Song | Fetching data connected to Song with Id: 10 | Results: 6
2026-10-03 18:11:48 | READ | Song | Fetching data connected to Song with Id: 11 | Results: 6
2026-10-03 18:11:48 | READ | Song | Fetching data connected to Song with Id: 12 | Results: 6
2026-10-03 18:11:49 | READ | Song | Fetching data connected to Song with Id: 13 | Results: 6
2026-10-03 18:11:49 | READ | Song | Fetching data connected to Song with Id: 14 | Results: 6
2026-10-03 18:11:49 | READ | Song | Fetching data connected to Song with Id: 15 | Results: 6
2026-10-03 18:11:49 | READ | Song | Fetching data connected to Song with Id: 16 | Results: 6
2026-10-03 18:11:49 | READ | Song | Fetching data connected to Song with Id: 17 | Results: 6
2026-10-03 18:11:49 | READ | Song | Fetching data connected to Song with Id: 18 | Results: 6
2026-10-03 18:11:49 | READ | Song | Fetching data connected to Song with Id: 19 | Results: 4
2026-10-03 18:11:49 | READ | Song | Fetching data connected to Song with Id: 20 | Results: 6
2026-10-03 18:11:49 | READ | Song | Fetching data connected to Song with Id: 21 | Results: 4
2026-10-03 18:11:49 | READ | Song | Fetching data connected to Song with Id: 22 | Results: 6
2026-10-03 18:11:49 | READ | Song | Fetching data connected to Song with Id: 23 | Results: 6
2026-10-03 18:11:49 | READ | Song | Fetching data connected to Song with Id: 24 | Results: 6
2026-10-03 18:11:49 | READ | Song | Fetching data connected to Song with Id: 25 | Results: 6
2026-10-03 18:11:49 | READ | Song | Fetching data connected to Song with Id: 26 | Results: 6
2026-10-03 18:11:49 | READ | Song | Fetching data connected to Song with Id: 27 | Results: 6
2026-10-03 18:11:49 | READ | Song | Fetching data connected to Song with Id: 49 | Results: 4
2026-10-03 18:11:53 | READ | Song | Fetching all songs.
2026-10-03 18:11:53 | READ | Song | Fetching data connected to Song with Id: 1 | Results: 6
2026-10-03 18:11:53 | READ | Song | Fetching data connected to Song with Id: 2 | Results: 6
2026-10-03 18:11:53 | READ | Song | Fetching data connected to Song with Id: 3 | Results: 6
2026-10-03 18:11:53 | READ | Song | Fetching data connected to Song with Id: 4 | Results: 6
2026-10-03 18:11:53 | READ | Song | Fetching data connected to Song with Id: 5 | Results: 6
2026-10-03 18:11:53 | READ | Song | Fetching data connected to Song with Id: 6 | Results: 4
2026-10-03 18:11:53 | READ | Song | Fetching data connected to Song with Id: 7 | Results: 4
2026-10-03 18:11:53 | READ | Song | Fetching data connected to Song with Id: 8 | Results: 8
2026-10-03 18:11:53 | READ | Song | Fetching data connected to Song with Id: 9 | Results: 6
2026-10-03 18:11:53 | READ | Song | Fetching data connected to Song with Id: 10 | Results: 6
2026-10-03 18:11:53 | READ | Song | Fetching data connected to Song with Id: 11 | Results: 6
2026-10-03 18:11:53 | READ | Song | Fetching data connected to Song with Id: 12 | Results: 6
2026-10-03 18:11:53 | READ | Song | Fetching data connected to Song with Id: 13 | Results: 6
2026-10-03 18:11:53 | READ | Song | Fetching data connected to Song with Id: 14 | Results: 6
2026-10-03 18:11:53 | READ | Song | Fetching data connected to Song with Id: 15 | Results: 6
2026-10-03 18:11:53 | READ | Song | Fetching data connected to Song with Id: 16 | Results: 6
2026-10-03 18:11:53 | READ | Song | Fetching data connected to Song with Id: 17 | Results: 6
2026-10-03 18:11:53 | READ | Song | Fetching data connected to Song with Id: 18 | Results: 6
2026-10-03 18:11:53 | READ | Song | Fetching data connected to Song with Id: 19 | Results: 4
2026-10-03 18:11:53 | READ | Song | Fetching data connected to Song with Id: 20 | Results: 6
2026-10-03 18:11:53 | READ | Song | Fetching data connected to Song with Id: 21 | Results: 4
2026-10-03 18:11:53 | READ | Song | Fetching data connected to Song with Id: 22 | Results: 6
2026-10-03 18:11:53 | READ | Song | Fetching data connected to Song with Id: 23 | Results: 6
2026-10-03 18:11:53 | READ | Song | Fetching data connected to Song with Id: 24 | Results: 6
2026-10-03 18:11:53 | READ | Song | Fetching data connected to Song with Id: 25 | Results: 6
2026-10-03 18:11:53 | READ | Song | Fetching data connected to Song with Id: 26 | Results: 6
2026-10-03 18:11:53 | READ | Song | Fetching data connected to Song with Id: 27 | Results: 6
2026-10-03 18:11:53 | READ | Song | Fetching data connected to Song with Id: 49 | Results: 4
2026-10-03 18:11:55 | READ | Song | Fetching all songs.
2026-10-03 18:11:55 | READ | Song | Fetching data connected to Song with Id: 1 | Results: 6
2026-10-03 18:11:55 | READ | Song | Fetching data connected to Song with Id: 2 | Results: 6
2026-10-03 18:11:55 | READ | Song | Fetching data connected to Song with Id: 3 | Results: 6
2026-10-03 18:11:55 | READ | Song | Fetching data connected to Song with Id: 4 | Results: 6
2026-10-03 18:11:55 | READ | Song | Fetching data connected to Song with Id: 5 | Results: 6
2026-10-03 18:11:55 | READ | Song | Fetching data connected to Song with Id: 6 | Results: 4
2026-10-03 18:11:55 | READ | Song | Fetching data connected to Song with Id: 7 | Results: 4
2026-10-03 18:11:55 | READ | Song | Fetching data connected to Song with Id: 8 | Results: 8
2026-10-03 18:11:55 | READ | Song | Fetching data connected to Song with Id: 9 | Results: 6
2026-10-03 18:11:55 | READ | Song | Fetching data connected to Song with Id: 10 | Results: 6
2026-10-03 18:11:55 | READ | Song | Fetching data connected to Song with Id: 11 | Results: 6
2026-10-03 18:11:55 | READ | Song | Fetching data connected to Song with Id: 12 | Results: 6
2026-10-03 18:11:55 | READ | Song | Fetching data connected to Song with Id: 13 | Results: 6
2026-10-03 18:11:55 | READ | Song | Fetching data connected to Song with Id: 14 | Results: 6
2026-10-03 18:11:55 | READ | Song | Fetching data connected to Song with Id: 15 | Results: 6
2026-10-03 18:11:55 | READ | Song | Fetching data connected to Song with Id: 16 | Results: 6
2026-10-03 18:11:55 | READ | Song | Fetching data connected to Song with Id: 17 | Results: 6
2026-10-03 18:11:55 | READ | Song | Fetching data connected to Song with Id: 18 | Results: 6
2026-10-03 18:11:55 | READ | Song | Fetching data connected to Song with Id: 19 | Results: 4
2026-10-03 18:11:55 | READ | Song | Fetching data connected to Song with Id: 20 | Results: 6
2026-10-03 18:11:55 | READ | Song | Fetching data connected to Song with Id: 21 | Results: 4
2026-10-03 18:11:55 | READ | Song | Fetching data connected to Song with Id: 22 | Results: 6
2026-10-03 18:11:55 | READ | Song | Fetching data connected to Song with Id: 23 | Results: 6
2026-10-03 18:11:55 | READ | Song | Fetching data connected to Song with Id: 24 | Results: 6
2026-10-03 18:11:55 | READ | Song | Fetching data connected to Song with Id: 25 | Results: 6
2026-10-03 18:11:55 | READ | Song | Fetching data connected to Song with Id: 26 | Results: 6
2026-10-03 18:11:55 | READ | Song | Fetching data connected to Song with Id: 27 | Results: 6
2026-10-03 18:11:55 | READ | Song | Fetching data connected to Song with Id: 49 | Results: 4
2026-10-03 18:11:56 | READ | Song | Fetching all songs.
2026-10-03 18:11:56 | READ | Song | Fetching data connected to Song with Id: 1 | Results: 6
2026-10-03 18:11:56 | READ | Song | Fetching data connected to Song with Id: 2 | Results: 6
2026-10-03 18:11:56 | READ | Song | Fetching data connected to Song with Id: 3 | Results: 6
2026-10-03 18:11:56 | READ | Song | Fetching data connected to Song with Id: 4 | Results: 6
2026-10-03 18:11:56 | READ | Song | Fetching data connected to Song with Id: 5 | Results: 6
2026-10-03 18:11:56 | READ | Song | Fetching data connected to Song with Id: 6 | Results: 4
2026-10-03 18:11:56 | READ | Song | Fetching data connected to Song with Id: 7 | Results: 4
2026-10-03 18:11:56 | READ | Song | Fetching data connected to Song with Id: 8 | Results: 8
2026-10-03 18:11:56 | READ | Song | Fetching data connected to Song with Id: 9 | Results: 6
2026-10-03 18:11:56 | READ | Song | Fetching data connected to Song with Id: 10 | Results: 6
2026-10-03 18:11:56 | READ | Song | Fetching data connected to Song with Id: 11 | Results: 6
2026-10-03 18:11:56 | READ | Song | Fetching data connected to Song with Id: 12 | Results: 6
2026-10-03 18:11:56 | READ | Song | Fetching data connected to Song with Id: 13 | Results: 6
2026-10-03 18:11:56 | READ | Song | Fetching data connected to Song with Id: 14 | Results: 6
2026-10-03 18:11:56 | READ | Song | Fetching data connected to Song with Id: 15 | Results: 6
2026-10-03 18:11:56 | READ | Song | Fetching data connected to Song with Id: 16 | Results: 6
2026-10-03 18:11:56 | READ | Song | Fetching data connected to Song with Id: 17 | Results: 6
2026-10-03 18:11:56 | READ | Song | Fetching data connected to Song with Id: 18 | Results: 6
2026-10-03 18:11:56 | READ | Song | Fetching data connected to Song with Id: 19 | Results: 4
2026-10-03 18:11:56 | READ | Song | Fetching data connected to Song with Id: 20 | Results: 6
2026-10-03 18:11:56 | READ | Song | Fetching data connected to Song with Id: 21 | Results: 4
2026-10-03 18:11:56 | READ | Song | Fetching data connected to Song with Id: 22 | Results: 6
2026-10-03 18:11:56 | READ | Song | Fetching data connected to Song with Id: 23 | Results: 6
2026-10-03 18:11:56 | READ | Song | Fetching data connected to Song with Id: 24 | Results: 6
2026-10-03 18:11:56 | READ | Song | Fetching data connected to Song with Id: 25 | Results: 6
2026-10-03 18:11:56 | READ | Song | Fetching data connected to Song with Id: 26 | Results: 6
2026-10-03 18:11:56 | READ | Song | Fetching data connected to Song with Id: 27 | Results: 6
2026-10-03 18:11:56 | READ | Song | Fetching data connected to Song with Id: 49 | Results: 4
2026-10-03 18:11:58 | READ | Song | Fetching all songs.
2026-10-03 18:11:58 | READ | Song | Fetching data connected to Song with Id: 1 | Results: 6
2026-10-03 18:11:58 | READ | Song | Fetching data connected to Song with Id: 2 | Results: 6
2026-10-03 18:11:58 | READ | Song | Fetching data connected to Song with Id: 3 | Results: 6
2026-10-03 18:11:58 | READ | Song | Fetching data connected to Song with Id: 4 | Results: 6
2026-10-03 18:11:58 | READ | Song | Fetching data connected to Song with Id: 5 | Results: 6
2026-10-03 18:11:58 | READ | Song | Fetching data connected to Song with Id: 6 | Results: 4
2026-10-03 18:11:58 | READ | Song | Fetching data connected to Song with Id: 7 | Results: 4
2026-10-03 18:11:58 | READ | Song | Fetching data connected to Song with Id: 8 | Results: 8
2026-10-03 18:11:58 | READ | Song | Fetching data connected to Song with Id: 9 | Results: 6
2026-10-03 18:11:58 | READ | Song | Fetching data connected to Song with Id: 10 | Results: 6
2026-10-03 18:11:58 | READ | Song | Fetching data connected to Song with Id: 11 | Results: 6
2026-10-03 18:11:58 | READ | Song | Fetching data connected to Song with Id: 12 | Results: 6
2026-10-03 18:11:58 | READ | Song | Fetching data connected to Song with Id: 13 | Results: 6
2026-10-03 18:11:58 | READ | Song | Fetching data connected to Song with Id: 14 | Results: 6
2026-10-03 18:11:58 | READ | Song | Fetching data connected to Song with Id: 15 | Results: 6
2026-10-03 18:11:58 | READ | Song | Fetching data connected to Song with Id: 16 | Results: 6
2026-10-03 18:11:58 | READ | Song | Fetching data connected to Song with Id: 17 | Results: 6
2026-10-03 18:11:58 | READ | Song | Fetching data connected to Song with Id: 18 | Results: 6
2026-10-03 18:11:58 | READ | Song | Fetching data connected to Song with Id: 19 | Results: 4
2026-10-03 18:11:58 | READ | Song | Fetching data connected to Song with Id: 20 | Results: 6
2026-10-03 18:11:58 | READ | Song | Fetching data connected to Song with Id: 21 | Results: 4
2026-10-03 18:11:58 | READ | Song | Fetching data connected to Song with Id: 22 | Results: 6
2026-10-03 18:11:59 | READ | Song | Fetching data connected to Song with Id: 23 | Results: 6
2026-10-03 18:11:59 | READ | Song | Fetching data connected to Song with Id: 24 | Results: 6
2026-10-03 18:11:59 | READ | Song | Fetching data connected to Song with Id: 25 | Results: 6
2026-10-03 18:11:59 | READ | Song | Fetching data connected to Song with Id: 26 | Results: 6
2026-10-03 18:11:59 | READ | Song | Fetching data connected to Song with Id: 27 | Results: 6
2026-10-03 18:11:59 | READ | Song | Fetching data connected to Song with Id: 49 | Results: 4
2026-10-03 18:12:03 | READ | Song | Fetching all songs.
2026-10-03 18:12:03 | READ | Song | Fetching data connected to Song with Id: 1 | Results: 6
2026-10-03 18:12:03 | READ | Song | Fetching data connected to Song with Id: 2 | Results: 6
2026-10-03 18:12:03 | READ | Song | Fetching data connected to Song with Id: 3 | Results: 6
2026-10-03 18:12:03 | READ | Song | Fetching data connected to Song with Id: 4 | Results: 6
2026-10-03 18:12:03 | READ | Song | Fetching data connected to Song with Id: 5 | Results: 6
2026-10-03 18:12:03 | READ | Song | Fetching data connected to Song with Id: 6 | Results: 4
2026-10-03 18:12:03 | READ | Song | Fetching data connected to Song with Id: 7 | Results: 4
2026-10-03 18:12:03 | READ | Song | Fetching data connected to Song with Id: 8 | Results: 8
2026-10-03 18:12:03 | READ | Song | Fetching data connected to Song with Id: 9 | Results: 6
2026-10-03 18:12:03 | READ | Song | Fetching data connected to Song with Id: 10 | Results: 6
2026-10-03 18:12:03 | READ | Song | Fetching data connected to Song with Id: 11 | Results: 6
2026-10-03 18:12:03 | READ | Song | Fetching data connected to Song with Id: 12 | Results: 6
2026-10-03 18:12:03 | READ | Song | Fetching data connected to Song with Id: 13 | Results: 6
2026-10-03 18:12:03 | READ | Song | Fetching data connected to Song with Id: 14 | Results: 6
2026-10-03 18:12:03 | READ | Song | Fetching data connected to Song with Id: 15 | Results: 6
2026-10-03 18:12:03 | READ | Song | Fetching data connected to Song with Id: 16 | Results: 6
2026-10-03 18:12:03 | READ | Song | Fetching data connected to Song with Id: 17 | Results: 6
2026-10-03 18:12:03 | READ | Song | Fetching data connected to Song with Id: 18 | Results: 6
2026-10-03 18:12:03 | READ | Song | Fetching data connected to Song with Id: 19 | Results: 4
2026-10-03 18:12:03 | READ | Song | Fetching data connected to Song with Id: 20 | Results: 6
2026-10-03 18:12:03 | READ | Song | Fetching data connected to Song with Id: 21 | Results: 4
2026-10-03 18:12:03 | READ | Song | Fetching data connected to Song with Id: 22 | Results: 6
2026-10-03 18:12:03 | READ | Song | Fetching data connected to Song with Id: 23 | Results: 6
2026-10-03 18:12:03 | READ | Song | Fetching data connected to Song with Id: 24 | Results: 6
2026-10-03 18:12:03 | READ | Song | Fetching data connected to Song with Id: 25 | Results: 6
2026-10-03 18:12:03 | READ | Song | Fetching data connected to Song with Id: 26 | Results: 6
2026-10-03 18:12:03 | READ | Song | Fetching data connected to Song with Id: 27 | Results: 6
2026-10-03 18:12:03 | READ | Song | Fetching data connected to Song with Id: 49 | Results: 4
2026-10-03 18:12:03 | READ | Song | Fetching all songs.
2026-10-03 18:12:03 | READ | Song | Fetching data connected to Song with Id: 1 | Results: 6
2026-10-03 18:12:03 | READ | Song | Fetching data connected to Song with Id: 2 | Results: 6
2026-10-03 18:12:03 | READ | Song | Fetching data connected to Song with Id: 3 | Results: 6
2026-10-03 18:12:03 | READ | Song | Fetching data connected to Song with Id: 4 | Results: 6
2026-10-03 18:12:03 | READ | Song | Fetching data connected to Song with Id: 5 | Results: 6
2026-10-03 18:12:03 | READ | Song | Fetching data connected to Song with Id: 6 | Results: 4
2026-10-03 18:12:03 | READ | Song | Fetching data connected to Song with Id: 7 | Results: 4
2026-10-03 18:12:03 | READ | Song | Fetching data connected to Song with Id: 8 | Results: 8
2026-10-03 18:12:03 | READ | Song | Fetching data connected to Song with Id: 9 | Results: 6
2026-10-03 18:12:03 | READ | Song | Fetching data connected to Song with Id: 10 | Results: 6
2026-10-03 18:12:03 | READ | Song | Fetching data connected to Song with Id: 11 | Results: 6
2026-10-03 18:12:03 | READ | Song | Fetching data connected to Song with Id: 12 | Results: 6
2026-10-03 18:12:03 | READ | Song | Fetching data connected to Song with Id: 13 | Results: 6
2026-10-03 18:12:03 | READ | Song | Fetching data connected to Song with Id: 14 | Results: 6
2026-10-03 18:12:03 | READ | Song | Fetching data connected to Song with Id: 15 | Results: 6
2026-10-03 18:12:03 | READ | Song | Fetching data connected to Song with Id: 16 | Results: 6
2026-10-03 18:12:03 | READ | Song | Fetching data connected to Song with Id: 17 | Results: 6
2026-10-03 18:12:03 | READ | Song | Fetching data connected to Song with Id: 18 | Results: 6
2026-10-03 18:12:03 | READ | Song | Fetching data connected to Song with Id: 19 | Results: 4
2026-10-03 18:12:03 | READ | Song | Fetching data connected to Song with Id: 20 | Results: 6
2026-10-03 18:12:03 | READ | Song | Fetching data connected to Song with Id: 21 | Results: 4
2026-10-03 18:12:03 | READ | Song | Fetching data connected to Song with Id: 22 | Results: 6
2026-10-03 18:12:03 | READ | Song | Fetching data connected to Song with Id: 23 | Results: 6
2026-10-03 18:12:03 | READ | Song | Fetching data connected to Song with Id: 24 | Results: 6
2026-10-03 18:12:03 | READ | Song | Fetching data connected to Song with Id: 25 | Results: 6
2026-10-03 18:12:03 | READ | Song | Fetching data connected to Song with Id: 26 | Results: 6
2026-10-03 18:12:03 | READ | Song | Fetching data connected to Song with Id: 27 | Results: 6
2026-10-03 18:12:03 | READ | Song | Fetching data connected to Song with Id: 49 | Results: 4
2026-10-03 18:12:05 | READ | Song | Fetching all songs.
2026-10-03 18:12:05 | READ | Song | Fetching data connected to Song with Id: 1 | Results: 6
2026-10-03 18:12:05 | READ | Song | Fetching data connected to Song with Id: 2 | Results: 6
2026-10-03 18:12:05 | READ | Song | Fetching data connected to Song with Id: 3 | Results: 6
2026-10-03 18:12:05 | READ | Song | Fetching data connected to Song with Id: 4 | Results: 6
2026-10-03 18:12:05 | READ | Song | Fetching data connected to Song with Id: 5 | Results: 6
2026-10-03 18:12:05 | READ | Song | Fetching data connected to Song with Id: 6 | Results: 4
2026-10-03 18:12:05 | READ | Song | Fetching data connected to Song with Id: 7 | Results: 4
2026-10-03 18:12:05 | READ | Song | Fetching data connected to Song with Id: 8 | Results: 8
2026-10-03 18:12:05 | READ | Song | Fetching data connected to Song with Id: 9 | Results: 6
2026-10-03 18:12:05 | READ | Song | Fetching data connected to Song with Id: 10 | Results: 6
2026-10-03 18:12:05 | READ | Song | Fetching data connected to Song with Id: 11 | Results: 6
2026-10-03 18:12:05 | READ | Song | Fetching data connected to Song with Id: 12 | Results: 6
2026-10-03 18:12:05 | READ | Song | Fetching data connected to Song with Id: 13 | Results: 6
2026-10-03 18:12:05 | READ | Song | Fetching data connected to Song with Id: 14 | Results: 6
2026-10-03 18:12:05 | READ | Song | Fetching data connected to Song with Id: 15 | Results: 6
2026-10-03 18:12:05 | READ | Song | Fetching data connected to Song with Id: 16 | Results: 6
2026-10-03 18:12:05 | READ | Song | Fetching data connected to Song with Id: 17 | Results: 6
2026-10-03 18:12:05 | READ | Song | Fetching data connected to Song with Id: 18 | Results: 6
2026-10-03 18:12:05 | READ | Song | Fetching data connected to Song with Id: 19 | Results: 4
2026-10-03 18:12:05 | READ | Song | Fetching data connected to Song with Id: 20 | Results: 6
2026-10-03 18:12:05 | READ | Song | Fetching data connected to Song with Id: 21 | Results: 4
2026-10-03 18:12:05 | READ | Song | Fetching data connected to Song with Id: 22 | Results: 6
2026-10-03 18:12:05 | READ | Song | Fetching data connected to Song with Id: 23 | Results: 6
2026-10-03 18:12:05 | READ | Song | Fetching data connected to Song with Id: 24 | Results: 6
2026-10-03 18:12:05 | READ | Song | Fetching data connected to Song with Id: 25 | Results: 6
2026-10-03 18:12:05 | READ | Song | Fetching data connected to Song with Id: 26 | Results: 6
2026-10-03 18:12:05 | READ | Song | Fetching data connected to Song with Id: 27 | Results: 6
2026-10-03 18:12:05 | READ | Song | Fetching data connected to Song with Id: 49 | Results: 4
2026-10-03 18:12:08 | READ | Song | Fetching all songs.
2026-10-03 18:12:08 | READ | Song | Fetching data connected to Song with Id: 1 | Results: 6
2026-10-03 18:12:08 | READ | Song | Fetching data connected to Song with Id: 2 | Results: 6
2026-10-03 18:12:08 | READ | Song | Fetching data connected to Song with Id: 3 | Results: 6
2026-10-03 18:12:08 | READ | Song | Fetching data connected to Song with Id: 4 | Results: 6
2026-10-03 18:12:08 | READ | Song | Fetching data connected to Song with Id: 5 | Results: 6
2026-10-03 18:12:08 | READ | Song | Fetching data connected to Song with Id: 6 | Results: 4
2026-10-03 18:12:08 | READ | Song | Fetching data connected to Song with Id: 7 | Results: 4
2026-10-03 18:12:08 | READ | Song | Fetching data connected to Song with Id: 8 | Results: 8
2026-10-03 18:12:08 | READ | Song | Fetching data connected to Song with Id: 9 | Results: 6
2026-10-03 18:12:08 | READ | Song | Fetching data connected to Song with Id: 10 | Results: 6
2026-10-03 18:12:08 | READ | Song | Fetching data connected to Song with Id: 11 | Results: 6
2026-10-03 18:12:08 | READ | Song | Fetching data connected to Song with Id: 12 | Results: 6
2026-10-03 18:12:08 | READ | Song | Fetching data connected to Song with Id: 13 | Results: 6
2026-10-03 18:12:08 | READ | Song | Fetching data connected to Song with Id: 14 | Results: 6
2026-10-03 18:12:08 | READ | Song | Fetching data connected to Song with Id: 15 | Results: 6
2026-10-03 18:12:08 | READ | Song | Fetching data connected to Song with Id: 16 | Results: 6
2026-10-03 18:12:08 | READ | Song | Fetching data connected to Song with Id: 17 | Results: 6
2026-10-03 18:12:08 | READ | Song | Fetching data connected to Song with Id: 18 | Results: 6
2026-10-03 18:12:08 | READ | Song | Fetching data connected to Song with Id: 19 | Results: 4
2026-10-03 18:12:08 | READ | Song | Fetching data connected to Song with Id: 20 | Results: 6
2026-10-03 18:12:08 | READ | Song | Fetching data connected to Song with Id: 21 | Results: 4
2026-10-03 18:12:08 | READ | Song | Fetching data connected to Song with Id: 22 | Results: 6
2026-10-03 18:12:08 | READ | Song | Fetching data connected to Song with Id: 23 | Results: 6
2026-10-03 18:12:08 | READ | Song | Fetching data connected to Song with Id: 24 | Results: 6
2026-10-03 18:12:08 | READ | Song | Fetching data connected to Song with Id: 25 | Results: 6
2026-10-03 18:12:08 | READ | Song | Fetching data connected to Song with Id: 26 | Results: 6
2026-10-03 18:12:08 | READ | Song | Fetching data connected to Song with Id: 27 | Results: 6
2026-10-03 18:12:08 | READ | Song | Fetching data connected to Song with Id: 49 | Results: 4
2026-10-03 18:12:09 | READ | Song | Fetching all songs.
2026-10-03 18:12:09 | READ | Song | Fetching data connected to Song with Id: 1 | Results: 6
2026-10-03 18:12:09 | READ | Song | Fetching data connected to Song with Id: 2 | Results: 6
2026-10-03 18:12:09 | READ | Song | Fetching data connected to Song with Id: 3 | Results: 6
2026-10-03 18:12:09 | READ | Song | Fetching data connected to Song with Id: 4 | Results: 6
2026-10-03 18:12:09 | READ | Song | Fetching data connected to Song with Id: 5 | Results: 6
2026-10-03 18:12:09 | READ | Song | Fetching data connected to Song with Id: 6 | Results: 4
2026-10-03 18:12:09 | READ | Song | Fetching data connected to Song with Id: 7 | Results: 4
2026-10-03 18:12:09 | READ | Song | Fetching data connected to Song with Id: 8 | Results: 8
2026-10-03 18:12:09 | READ | Song | Fetching data connected to Song with Id: 9 | Results: 6
2026-10-03 18:12:09 | READ | Song | Fetching data connected to Song with Id: 10 | Results: 6
2026-10-03 18:12:09 | READ | Song | Fetching data connected to Song with Id: 11 | Results: 6
2026-10-03 18:12:09 | READ | Song | Fetching data connected to Song with Id: 12 | Results: 6
2026-10-03 18:12:09 | READ | Song | Fetching data connected to Song with Id: 13 | Results: 6
2026-10-03 18:12:09 | READ | Song | Fetching data connected to Song with Id: 14 | Results: 6
2026-10-03 18:12:09 | READ | Song | Fetching data connected to Song with Id: 15 | Results: 6
2026-10-03 18:12:09 | READ | Song | Fetching data connected to Song with Id: 16 | Results: 6
2026-10-03 18:12:09 | READ | Song | Fetching data connected to Song with Id: 17 | Results: 6
2026-10-03 18:12:09 | READ | Song | Fetching data connected to Song with Id: 18 | Results: 6
2026-10-03 18:12:09 | READ | Song | Fetching data connected to Song with Id: 19 | Results: 4
2026-10-03 18:12:09 | READ | Song | Fetching data connected to Song with Id: 20 | Results: 6
2026-10-03 18:12:09 | READ | Song | Fetching data connected to Song with Id: 21 | Results: 4
2026-10-03 18:12:09 | READ | Song | Fetching data connected to Song with Id: 22 | Results: 6
2026-10-03 18:12:09 | READ | Song | Fetching data connected to Song with Id: 23 | Results: 6
2026-10-03 18:12:09 | READ | Song | Fetching data connected to Song with Id: 24 | Results: 6
2026-10-03 18:12:09 | READ | Song | Fetching data connected to Song with Id: 25 | Results: 6
2026-10-03 18:12:09 | READ | Song | Fetching data connected to Song with Id: 26 | Results: 6
2026-10-03 18:12:09 | READ | Song | Fetching data connected to Song with Id: 27 | Results: 6
2026-10-03 18:12:09 | READ | Song | Fetching data connected to Song with Id: 49 | Results: 4
2026-10-03 18:12:10 | READ | Song | Fetching all songs.
2026-10-03 18:12:10 | READ | Song | Fetching data connected to Song with Id: 1 | Results: 6
2026-10-03 18:12:10 | READ | Song | Fetching data connected to Song with Id: 2 | Results: 6
2026-10-03 18:12:10 | READ | Song | Fetching data connected to Song with Id: 3 | Results: 6
2026-10-03 18:12:10 | READ | Song | Fetching data connected to Song with Id: 4 | Results: 6
2026-10-03 18:12:10 | READ | Song | Fetching data connected to Song with Id: 5 | Results: 6
2026-10-03 18:12:10 | READ | Song | Fetching data connected to Song with Id: 6 | Results: 4
2026-10-03 18:12:10 | READ | Song | Fetching data connected to Song with Id: 7 | Results: 4
2026-10-03 18:12:10 | READ | Song | Fetching data connected to Song with Id: 8 | Results: 8
2026-10-03 18:12:10 | READ | Song | Fetching data connected to Song with Id: 9 | Results: 6
2026-10-03 18:12:10 | READ | Song | Fetching data connected to Song with Id: 10 | Results: 6
2026-10-03 18:12:10 | READ | Song | Fetching data connected to Song with Id: 11 | Results: 6
2026-10-03 18:12:10 | READ | Song | Fetching data connected to Song with Id: 12 | Results: 6
2026-10-03 18:12:10 | READ | Song | Fetching data connected to Song with Id: 13 | Results: 6
2026-10-03 18:12:10 | READ | Song | Fetching data connected to Song with Id: 14 | Results: 6
2026-10-03 18:12:10 | READ | Song | Fetching data connected to Song with Id: 15 | Results: 6
2026-10-03 18:12:10 | READ | Song | Fetching data connected to Song with Id: 16 | Results: 6
2026-10-03 18:12:10 | READ | Song | Fetching data connected to Song with Id: 17 | Results: 6
2026-10-03 18:12:10 | READ | Song | Fetching data connected to Song with Id: 18 | Results: 6
2026-10-03 18:12:10 | READ | Song | Fetching data connected to Song with Id: 19 | Results: 4
2026-10-03 18:12:10 | READ | Song | Fetching data connected to Song with Id: 20 | Results: 6
2026-10-03 18:12:10 | READ | Song | Fetching data connected to Song with Id: 21 | Results: 4
2026-10-03 18:12:10 | READ | Song | Fetching data connected to Song with Id: 22 | Results: 6
2026-10-03 18:12:10 | READ | Song | Fetching data connected to Song with Id: 23 | Results: 6
2026-10-03 18:12:10 | READ | Song | Fetching data connected to Song with Id: 24 | Results: 6
2026-10-03 18:12:10 | READ | Song | Fetching data connected to Song with Id: 25 | Results: 6
2026-10-03 18:12:10 | READ | Song | Fetching data connected to Song with Id: 26 | Results: 6
2026-10-03 18:12:10 | READ | Song | Fetching data connected to Song with Id: 27 | Results: 6
2026-10-03 18:12:10 | READ | Song | Fetching data connected to Song with Id: 49 | Results: 4
2026-10-03 18:12:13 | READ | Song | Fetching all songs.
2026-10-03 18:12:13 | READ | Song | Fetching data connected to Song with Id: 1 | Results: 6
2026-10-03 18:12:13 | READ | Song | Fetching data connected to Song with Id: 2 | Results: 6
2026-10-03 18:12:13 | READ | Song | Fetching data connected to Song with Id: 3 | Results: 6
2026-10-03 18:12:13 | READ | Song | Fetching data connected to Song with Id: 4 | Results: 6
2026-10-03 18:12:13 | READ | Song | Fetching data connected to Song with Id: 5 | Results: 6
2026-10-03 18:12:13 | READ | Song | Fetching data connected to Song with Id: 6 | Results: 4
2026-10-03 18:12:13 | READ | Song | Fetching data connected to Song with Id: 7 | Results: 4
2026-10-03 18:12:13 | READ | Song | Fetching data connected to Song with Id: 8 | Results: 8
2026-10-03 18:12:13 | READ | Song | Fetching data connected to Song with Id: 9 | Results: 6
2026-10-03 18:12:13 | READ | Song | Fetching data connected to Song with Id: 10 | Results: 6
2026-10-03 18:12:13 | READ | Song | Fetching data connected to Song with Id: 11 | Results: 6
2026-10-03 18:12:13 | READ | Song | Fetching data connected to Song with Id: 12 | Results: 6
2026-10-03 18:12:13 | READ | Song | Fetching data connected to Song with Id: 13 | Results: 6
2026-10-03 18:12:13 | READ | Song | Fetching data connected to Song with Id: 14 | Results: 6
2026-10-03 18:12:13 | READ | Song | Fetching data connected to Song with Id: 15 | Results: 6
2026-10-03 18:12:13 | READ | Song | Fetching data connected to Song with Id: 16 | Results: 6
2026-10-03 18:12:13 | READ | Song | Fetching data connected to Song with Id: 17 | Results: 6
2026-10-03 18:12:13 | READ | Song | Fetching data connected to Song with Id: 18 | Results: 6
2026-10-03 18:12:13 | READ | Song | Fetching data connected to Song with Id: 19 | Results: 4
2026-10-03 18:12:13 | READ | Song | Fetching data connected to Song with Id: 20 | Results: 6
2026-10-03 18:12:13 | READ | Song | Fetching data connected to Song with Id: 21 | Results: 4
2026-10-03 18:12:13 | READ | Song | Fetching data connected to Song with Id: 22 | Results: 6
2026-10-03 18:12:13 | READ | Song | Fetching data connected to Song with Id: 23 | Results: 6
2026-10-03 18:12:13 | READ | Song | Fetching data connected to Song with Id: 24 | Results: 6
2026-10-03 18:12:13 | READ | Song | Fetching data connected to Song with Id: 25 | Results: 6
2026-10-03 18:12:13 | READ | Song | Fetching data connected to Song with Id: 26 | Results: 6
2026-10-03 18:12:13 | READ | Song | Fetching data connected to Song with Id: 27 | Results: 6
2026-10-03 18:12:13 | READ | Song | Fetching data connected to Song with Id: 49 | Results: 4
2026-10-03 18:12:15 | READ | Song | Fetching all songs.
2026-10-03 18:12:15 | READ | Song | Fetching data connected to Song with Id: 1 | Results: 6
2026-10-03 18:12:15 | READ | Song | Fetching data connected to Song with Id: 2 | Results: 6
2026-10-03 18:12:15 | READ | Song | Fetching data connected to Song with Id: 3 | Results: 6
2026-10-03 18:12:15 | READ | Song | Fetching data connected to Song with Id: 4 | Results: 6
2026-10-03 18:12:15 | READ | Song | Fetching data connected to Song with Id: 5 | Results: 6
2026-10-03 18:12:15 | READ | Song | Fetching data connected to Song with Id: 6 | Results: 4
2026-10-03 18:12:15 | READ | Song | Fetching data connected to Song with Id: 7 | Results: 4
2026-10-03 18:12:15 | READ | Song | Fetching data connected to Song with Id: 8 | Results: 8
2026-10-03 18:12:15 | READ | Song | Fetching data connected to Song with Id: 9 | Results: 6
2026-10-03 18:12:15 | READ | Song | Fetching data connected to Song with Id: 10 | Results: 6
2026-10-03 18:12:15 | READ | Song | Fetching data connected to Song with Id: 11 | Results: 6
2026-10-03 18:12:15 | READ | Song | Fetching data connected to Song with Id: 12 | Results: 6
2026-10-03 18:12:15 | READ | Song | Fetching data connected to Song with Id: 13 | Results: 6
2026-10-03 18:12:15 | READ | Song | Fetching data connected to Song with Id: 14 | Results: 6
2026-10-03 18:12:15 | READ | Song | Fetching data connected to Song with Id: 15 | Results: 6
2026-10-03 18:12:15 | READ | Song | Fetching data connected to Song with Id: 16 | Results: 6
2026-10-03 18:12:15 | READ | Song | Fetching data connected to Song with Id: 17 | Results: 6
2026-10-03 18:12:15 | READ | Song | Fetching data connected to Song with Id: 18 | Results: 6
2026-10-03 18:12:15 | READ | Song | Fetching data connected to Song with Id: 19 | Results: 4
2026-10-03 18:12:15 | READ | Song | Fetching data connected to Song with Id: 20 | Results: 6
2026-10-03 18:12:15 | READ | Song | Fetching data connected to Song with Id: 21 | Results: 4
2026-10-03 18:12:15 | READ | Song | Fetching data connected to Song with Id: 22 | Results: 6
2026-10-03 18:12:15 | READ | Song | Fetching data connected to Song with Id: 23 | Results: 6
2026-10-03 18:12:15 | READ | Song | Fetching data connected to Song with Id: 24 | Results: 6
2026-10-03 18:12:15 | READ | Song | Fetching data connected to Song with Id: 25 | Results: 6
2026-10-03 18:12:15 | READ | Song | Fetching data connected to Song with Id: 26 | Results: 6
2026-10-03 18:12:15 | READ | Song | Fetching data connected to Song with Id: 27 | Results: 6
2026-10-03 18:12:15 | READ | Song | Fetching data connected to Song with Id: 49 | Results: 4
2026-10-03 18:12:16 | READ | Song | Fetching all songs.
2026-10-03 18:12:16 | READ | Song | Fetching data connected to Song with Id: 1 | Results: 6
2026-10-03 18:12:16 | READ | Song | Fetching data connected to Song with Id: 2 | Results: 6
2026-10-03 18:12:16 | READ | Song | Fetching data connected to Song with Id: 3 | Results: 6
2026-10-03 18:12:16 | READ | Song | Fetching data connected to Song with Id: 4 | Results: 6
2026-10-03 18:12:16 | READ | Song | Fetching data connected to Song with Id: 5 | Results: 6
2026-10-03 18:12:16 | READ | Song | Fetching data connected to Song with Id: 6 | Results: 4
2026-10-03 18:12:16 | READ | Song | Fetching data connected to Song with Id: 7 | Results: 4
2026-10-03 18:12:16 | READ | Song | Fetching data connected to Song with Id: 8 | Results: 8
2026-10-03 18:12:16 | READ | Song | Fetching data connected to Song with Id: 9 | Results: 6
2026-10-03 18:12:16 | READ | Song | Fetching data connected to Song with Id: 10 | Results: 6
2026-10-03 18:12:16 | READ | Song | Fetching data connected to Song with Id: 11 | Results: 6
2026-10-03 18:12:16 | READ | Song | Fetching data connected to Song with Id: 12 | Results: 6
2026-10-03 18:12:16 | READ | Song | Fetching data connected to Song with Id: 13 | Results: 6
2026-10-03 18:12:16 | READ | Song | Fetching data connected to Song with Id: 14 | Results: 6
2026-10-03 18:12:16 | READ | Song | Fetching data connected to Song with Id: 15 | Results: 6
2026-10-03 18:12:16 | READ | Song | Fetching data connected to Song with Id: 16 | Results: 6
2026-10-03 18:12:16 | READ | Song | Fetching data connected to Song with Id: 17 | Results: 6
2026-10-03 18:12:16 | READ | Song | Fetching data connected to Song with Id: 18 | Results: 6
2026-10-03 18:12:16 | READ | Song | Fetching data connected to Song with Id: 19 | Results: 4
2026-10-03 18:12:16 | READ | Song | Fetching data connected to Song with Id: 20 | Results: 6
2026-10-03 18:12:16 | READ | Song | Fetching data connected to Song with Id: 21 | Results: 4
2026-10-03 18:12:16 | READ | Song | Fetching data connected to Song with Id: 22 | Results: 6
2026-10-03 18:12:16 | READ | Song | Fetching data connected to Song with Id: 23 | Results: 6
2026-10-03 18:12:16 | READ | Song | Fetching data connected to Song with Id: 24 | Results: 6
2026-10-03 18:12:16 | READ | Song | Fetching data connected to Song with Id: 25 | Results: 6
2026-10-03 18:12:16 | READ | Song | Fetching data connected to Song with Id: 26 | Results: 6
2026-10-03 18:12:16 | READ | Song | Fetching data connected to Song with Id: 27 | Results: 6
2026-10-03 18:12:16 | READ | Song | Fetching data connected to Song with Id: 49 | Results: 4
2026-10-03 18:12:18 | READ | Song | Fetching all songs.
2026-10-03 18:12:18 | READ | Song | Fetching data connected to Song with Id: 1 | Results: 6
2026-10-03 18:12:18 | READ | Song | Fetching data connected to Song with Id: 2 | Results: 6
2026-10-03 18:12:18 | READ | Song | Fetching data connected to Song with Id: 3 | Results: 6
2026-10-03 18:12:18 | READ | Song | Fetching data connected to Song with Id: 4 | Results: 6
2026-10-03 18:12:18 | READ | Song | Fetching data connected to Song with Id: 5 | Results: 6
2026-10-03 18:12:18 | READ | Song | Fetching data connected to Song with Id: 6 | Results: 4
2026-10-03 18:12:18 | READ | Song | Fetching data connected to Song with Id: 7 | Results: 4
2026-10-03 18:12:18 | READ | Song | Fetching data connected to Song with Id: 8 | Results: 8
2026-10-03 18:12:18 | READ | Song | Fetching data connected to Song with Id: 9 | Results: 6
2026-10-03 18:12:18 | READ | Song | Fetching data connected to Song with Id: 10 | Results: 6
2026-10-03 18:12:18 | READ | Song | Fetching data connected to Song with Id: 11 | Results: 6
2026-10-03 18:12:18 | READ | Song | Fetching data connected to Song with Id: 12 | Results: 6
2026-10-03 18:12:18 | READ | Song | Fetching data connected to Song with Id: 13 | Results: 6
2026-10-03 18:12:18 | READ | Song | Fetching data connected to Song with Id: 14 | Results: 6
2026-10-03 18:12:18 | READ | Song | Fetching data connected to Song with Id: 15 | Results: 6
2026-10-03 18:12:18 | READ | Song | Fetching data connected to Song with Id: 16 | Results: 6
2026-10-03 18:12:18 | READ | Song | Fetching data connected to Song with Id: 17 | Results: 6
2026-10-03 18:12:18 | READ | Song | Fetching data connected to Song with Id: 18 | Results: 6
2026-10-03 18:12:18 | READ | Song | Fetching data connected to Song with Id: 19 | Results: 4
2026-10-03 18:12:18 | READ | Song | Fetching data connected to Song with Id: 20 | Results: 6
2026-10-03 18:12:18 | READ | Song | Fetching data connected to Song with Id: 21 | Results: 4
2026-10-03 18:12:18 | READ | Song | Fetching data connected to Song with Id: 22 | Results: 6
2026-10-03 18:12:18 | READ | Song | Fetching data connected to Song with Id: 23 | Results: 6
2026-10-03 18:12:18 | READ | Song | Fetching data connected to Song with Id: 24 | Results: 6
2026-10-03 18:12:18 | READ | Song | Fetching data connected to Song with Id: 25 | Results: 6
2026-10-03 18:12:18 | READ | Song | Fetching data connected to Song with Id: 26 | Results: 6
2026-10-03 18:12:18 | READ | Song | Fetching data connected to Song with Id: 27 | Results: 6
2026-10-03 18:12:18 | READ | Song | Fetching data connected to Song with Id: 49 | Results: 4
2026-10-03 18:15:17 | READ | Song | Fetching all songs.
2026-10-03 18:15:17 | READ | Song | Fetching data connected to Song with Id: 1 | Results: 6
2026-10-03 18:15:17 | READ | Song | Fetching data connected to Song with Id: 2 | Results: 6
2026-10-03 18:15:17 | READ | Song | Fetching data connected to Song with Id: 3 | Results: 6
2026-10-03 18:15:17 | READ | Song | Fetching data connected to Song with Id: 4 | Results: 6
2026-10-03 18:15:17 | READ | Song | Fetching data connected to Song with Id: 5 | Results: 6
2026-10-03 18:15:17 | READ | Song | Fetching data connected to Song with Id: 6 | Results: 4
2026-10-03 18:15:17 | READ | Song | Fetching data connected to Song with Id: 7 | Results: 4
2026-10-03 18:15:17 | READ | Song | Fetching data connected to Song with Id: 8 | Results: 8
2026-10-03 18:15:17 | READ | Song | Fetching data connected to Song with Id: 9 | Results: 6
2026-10-03 18:15:17 | READ | Song | Fetching data connected to Song with Id: 10 | Results: 6
2026-10-03 18:15:17 | READ | Song | Fetching data connected to Song with Id: 11 | Results: 6
2026-10-03 18:15:17 | READ | Song | Fetching data connected to Song with Id: 12 | Results: 6
2026-10-03 18:15:17 | READ | Song | Fetching data connected to Song with Id: 13 | Results: 6
2026-10-03 18:15:17 | READ | Song | Fetching data connected to Song with Id: 14 | Results: 6
2026-10-03 18:15:17 | READ | Song | Fetching data connected to Song with Id: 15 | Results: 6
2026-10-03 18:15:17 | READ | Song | Fetching data connected to Song with Id: 16 | Results: 6
2026-10-03 18:15:17 | READ | Song | Fetching data connected to Song with Id: 17 | Results: 6
2026-10-03 18:15:17 | READ | Song | Fetching data connected to Song with Id: 18 | Results: 6
2026-10-03 18:15:17 | READ | Song | Fetching data connected to Song with Id: 19 | Results: 4
2026-10-03 18:15:17 | READ | Song | Fetching data connected to Song with Id: 20 | Results: 6
2026-10-03 18:15:17 | READ | Song | Fetching data connected to Song with Id: 21 | Results: 4
2026-10-03 18:15:17 | READ | Song | Fetching data connected to Song with Id: 22 | Results: 6
2026-10-03 18:15:17 | READ | Song | Fetching data connected to Song with Id: 23 | Results: 6
2026-10-03 18:15:17 | READ | Song | Fetching data connected to Song with Id: 24 | Results: 6
2026-10-03 18:15:17 | READ | Song | Fetching data connected to Song with Id: 25 | Results: 6
2026-10-03 18:15:17 | READ | Song | Fetching data connected to Song with Id: 26 | Results: 6
2026-10-03 18:15:17 | READ | Song | Fetching data connected to Song with Id: 27 | Results: 6
2026-10-03 18:15:17 | READ | Song | Fetching data connected to Song with Id: 49 | Results: 4
2026-10-03 18:15:17 | READ | Song | Fetching all songs.
2026-10-03 18:15:17 | READ | Song | Fetching data connected to Song with Id: 1 | Results: 6
2026-10-03 18:15:17 | READ | Song | Fetching data connected to Song with Id: 2 | Results: 6
2026-10-03 18:15:17 | READ | Song | Fetching data connected to Song with Id: 3 | Results: 6
2026-10-03 18:15:17 | READ | Song | Fetching data connected to Song with Id: 4 | Results: 6
2026-10-03 18:15:17 | READ | Song | Fetching data connected to Song with Id: 5 | Results: 6
2026-10-03 18:15:17 | READ | Song | Fetching data connected to Song with Id: 6 | Results: 4
2026-10-03 18:15:17 | READ | Song | Fetching data connected to Song with Id: 7 | Results: 4
2026-10-03 18:15:17 | READ | Song | Fetching data connected to Song with Id: 8 | Results: 8
2026-10-03 18:15:17 | READ | Song | Fetching data connected to Song with Id: 9 | Results: 6
2026-10-03 18:15:17 | READ | Song | Fetching data connected to Song with Id: 10 | Results: 6
2026-10-03 18:15:17 | READ | Song | Fetching data connected to Song with Id: 11 | Results: 6
2026-10-03 18:15:17 | READ | Song | Fetching data connected to Song with Id: 12 | Results: 6
2026-10-03 18:15:17 | READ | Song | Fetching data connected to Song with Id: 13 | Results: 6
2026-10-03 18:15:17 | READ | Song | Fetching data connected to Song with Id: 14 | Results: 6
2026-10-03 18:15:17 | READ | Song | Fetching data connected to Song with Id: 15 | Results: 6
2026-10-03 18:15:17 | READ | Song | Fetching data connected to Song with Id: 16 | Results: 6
2026-10-03 18:15:17 | READ | Song | Fetching data connected to Song with Id: 17 | Results: 6
2026-10-03 18:15:17 | READ | Song | Fetching data connected to Song with Id: 18 | Results: 6
2026-10-03 18:15:17 | READ | Song | Fetching data connected to Song with Id: 19 | Results: 4
2026-10-03 18:15:17 | READ | Song | Fetching data connected to Song with Id: 20 | Results: 6
2026-10-03 18:15:17 | READ | Song | Fetching data connected to Song with Id: 21 | Results: 4
2026-10-03 18:15:17 | READ | Song | Fetching data connected to Song with Id: 22 | Results: 6
2026-10-03 18:15:17 | READ | Song | Fetching data connected to Song with Id: 23 | Results: 6
2026-10-03 18:15:17 | READ | Song | Fetching data connected to Song with Id: 24 | Results: 6
2026-10-03 18:15:17 | READ | Song | Fetching data connected to Song with Id: 25 | Results: 6
2026-10-03 18:15:17 | READ | Song | Fetching data connected to Song with Id: 26 | Results: 6
2026-10-03 18:15:17 | READ | Song | Fetching data connected to Song with Id: 27 | Results: 6
2026-10-03 18:15:17 | READ | Song | Fetching data connected to Song with Id: 49 | Results: 4
2026-10-03 18:15:17 | READ | Song | Fetching all songs.
2026-10-03 18:15:17 | READ | Song | Fetching data connected to Song with Id: 1 | Results: 6
2026-10-03 18:15:17 | READ | Song | Fetching data connected to Song with Id: 2 | Results: 6
2026-10-03 18:15:17 | READ | Song | Fetching data connected to Song with Id: 3 | Results: 6
2026-10-03 18:15:17 | READ | Song | Fetching data connected to Song with Id: 4 | Results: 6
2026-10-03 18:15:17 | READ | Song | Fetching data connected to Song with Id: 5 | Results: 6
2026-10-03 18:15:17 | READ | Song | Fetching data connected to Song with Id: 6 | Results: 4
2026-10-03 18:15:17 | READ | Song | Fetching data connected to Song with Id: 7 | Results: 4
2026-10-03 18:15:17 | READ | Song | Fetching data connected to Song with Id: 8 | Results: 8
2026-10-03 18:15:17 | READ | Song | Fetching data connected to Song with Id: 9 | Results: 6
2026-10-03 18:15:17 | READ | Song | Fetching data connected to Song with Id: 10 | Results: 6
2026-10-03 18:15:17 | READ | Song | Fetching data connected to Song with Id: 11 | Results: 6
2026-10-03 18:15:17 | READ | Song | Fetching data connected to Song with Id: 12 | Results: 6
2026-10-03 18:15:17 | READ | Song | Fetching data connected to Song with Id: 13 | Results: 6
2026-10-03 18:15:17 | READ | Song | Fetching data connected to Song with Id: 14 | Results: 6
2026-10-03 18:15:17 | READ | Song | Fetching data connected to Song with Id: 15 | Results: 6
2026-10-03 18:15:17 | READ | Song | Fetching data connected to Song with Id: 16 | Results: 6
2026-10-03 18:15:17 | READ | Song | Fetching data connected to Song with Id: 17 | Results: 6
2026-10-03 18:15:17 | READ | Song | Fetching data connected to Song with Id: 18 | Results: 6
2026-10-03 18:15:17 | READ | Song | Fetching data connected to Song with Id: 19 | Results: 4
2026-10-03 18:15:17 | READ | Song | Fetching data connected to Song with Id: 20 | Results: 6
2026-10-03 18:15:17 | READ | Song | Fetching data connected to Song with Id: 21 | Results: 4
2026-10-03 18:15:17 | READ | Song | Fetching data connected to Song with Id: 22 | Results: 6
2026-10-03 18:15:17 | READ | Song | Fetching data connected to Song with Id: 23 | Results: 6
2026-10-03 18:15:17 | READ | Song | Fetching data connected to Song with Id: 24 | Results: 6
2026-10-03 18:15:17 | READ | Song | Fetching data connected to Song with Id: 25 | Results: 6
2026-10-03 18:15:17 | READ | Song | Fetching data connected to Song with Id: 26 | Results: 6
2026-10-03 18:15:17 | READ | Song | Fetching data connected to Song with Id: 27 | Results: 6
2026-10-03 18:15:17 | READ | Song | Fetching data connected to Song with Id: 49 | Results: 4
2026-10-03 18:15:17 | READ | Song | Fetching all songs.
2026-10-03 18:15:17 | READ | Song | Fetching data connected to Song with Id: 1 | Results: 6
2026-10-03 18:15:17 | READ | Song | Fetching data connected to Song with Id: 2 | Results: 6
2026-10-03 18:15:17 | READ | Song | Fetching data connected to Song with Id: 3 | Results: 6
2026-10-03 18:15:17 | READ | Song | Fetching data connected to Song with Id: 4 | Results: 6
2026-10-03 18:15:17 | READ | Song | Fetching data connected to Song with Id: 5 | Results: 6
2026-10-03 18:15:17 | READ | Song | Fetching data connected to Song with Id: 6 | Results: 4
2026-10-03 18:15:17 | READ | Song | Fetching data connected to Song with Id: 7 | Results: 4
2026-10-03 18:15:17 | READ | Song | Fetching data connected to Song with Id: 8 | Results: 8
2026-10-03 18:15:17 | READ | Song | Fetching data connected to Song with Id: 9 | Results: 6
2026-10-03 18:15:17 | READ | Song | Fetching data connected to Song with Id: 10 | Results: 6
2026-10-03 18:15:17 | READ | Song | Fetching data connected to Song with Id: 11 | Results: 6
2026-10-03 18:15:17 | READ | Song | Fetching data connected to Song with Id: 12 | Results: 6
2026-10-03 18:15:17 | READ | Song | Fetching data connected to Song with Id: 13 | Results: 6
2026-10-03 18:15:17 | READ | Song | Fetching data connected to Song with Id: 14 | Results: 6
2026-10-03 18:15:17 | READ | Song | Fetching data connected to Song with Id: 15 | Results: 6
2026-10-03 18:15:17 | READ | Song | Fetching data connected to Song with Id: 16 | Results: 6
2026-10-03 18:15:17 | READ | Song | Fetching data connected to Song with Id: 17 | Results: 6
2026-10-03 18:15:17 | READ | Song | Fetching data connected to Song with Id: 18 | Results: 6
2026-10-03 18:15:17 | READ | Song | Fetching data connected to Song with Id: 19 | Results: 4
2026-10-03 18:15:17 | READ | Song | Fetching data connected to Song with Id: 20 | Results: 6
2026-10-03 18:15:17 | READ | Song | Fetching data connected to Song with Id: 21 | Results: 4
2026-10-03 18:15:17 | READ | Song | Fetching data connected to Song with Id: 22 | Results: 6
2026-10-03 18:15:17 | READ | Song | Fetching data connected to Song with Id: 23 | Results: 6
2026-10-03 18:15:17 | READ | Song | Fetching data connected to Song with Id: 24 | Results: 6
2026-10-03 18:15:17 | READ | Song | Fetching data connected to Song with Id: 25 | Results: 6
2026-10-03 18:15:17 | READ | Song | Fetching data connected to Song with Id: 26 | Results: 6
2026-10-03 18:15:17 | READ | Song | Fetching data connected to Song with Id: 27 | Results: 6
2026-10-03 18:15:17 | READ | Song | Fetching data connected to Song with Id: 49 | Results: 4
2026-10-03 18:15:18 | READ | Song | Fetching all songs.
2026-10-03 18:15:18 | READ | Song | Fetching data connected to Song with Id: 1 | Results: 6
2026-10-03 18:15:18 | READ | Song | Fetching data connected to Song with Id: 2 | Results: 6
2026-10-03 18:15:18 | READ | Song | Fetching data connected to Song with Id: 3 | Results: 6
2026-10-03 18:15:18 | READ | Song | Fetching data connected to Song with Id: 4 | Results: 6
2026-10-03 18:15:18 | READ | Song | Fetching data connected to Song with Id: 5 | Results: 6
2026-10-03 18:15:18 | READ | Song | Fetching data connected to Song with Id: 6 | Results: 4
2026-10-03 18:15:18 | READ | Song | Fetching data connected to Song with Id: 7 | Results: 4
2026-10-03 18:15:18 | READ | Song | Fetching data connected to Song with Id: 8 | Results: 8
2026-10-03 18:15:18 | READ | Song | Fetching data connected to Song with Id: 9 | Results: 6
2026-10-03 18:15:18 | READ | Song | Fetching data connected to Song with Id: 10 | Results: 6
2026-10-03 18:15:18 | READ | Song | Fetching data connected to Song with Id: 11 | Results: 6
2026-10-03 18:15:18 | READ | Song | Fetching data connected to Song with Id: 12 | Results: 6
2026-10-03 18:15:18 | READ | Song | Fetching data connected to Song with Id: 13 | Results: 6
2026-10-03 18:15:18 | READ | Song | Fetching data connected to Song with Id: 14 | Results: 6
2026-10-03 18:15:18 | READ | Song | Fetching data connected to Song with Id: 15 | Results: 6
2026-10-03 18:15:18 | READ | Song | Fetching data connected to Song with Id: 16 | Results: 6
2026-10-03 18:15:18 | READ | Song | Fetching data connected to Song with Id: 17 | Results: 6
2026-10-03 18:15:18 | READ | Song | Fetching data connected to Song with Id: 18 | Results: 6
2026-10-03 18:15:18 | READ | Song | Fetching data connected to Song with Id: 19 | Results: 4
2026-10-03 18:15:18 | READ | Song | Fetching data connected to Song with Id: 20 | Results: 6
2026-10-03 18:15:18 | READ | Song | Fetching data connected to Song with Id: 21 | Results: 4
2026-10-03 18:15:18 | READ | Song | Fetching data connected to Song with Id: 22 | Results: 6
2026-10-03 18:15:18 | READ | Song | Fetching data connected to Song with Id: 23 | Results: 6
2026-10-03 18:15:18 | READ | Song | Fetching data connected to Song with Id: 24 | Results: 6
2026-10-03 18:15:18 | READ | Song | Fetching data connected to Song with Id: 25 | Results: 6
2026-10-03 18:15:18 | READ | Song | Fetching data connected to Song with Id: 26 | Results: 6
2026-10-03 18:15:18 | READ | Song | Fetching data connected to Song with Id: 27 | Results: 6
2026-10-03 18:15:18 | READ | Song | Fetching data connected to Song with Id: 49 | Results: 4
2026-10-03 18:15:18 | READ | Song | Fetching all songs.
2026-10-03 18:15:18 | READ | Song | Fetching data connected to Song with Id: 1 | Results: 6
2026-10-03 18:15:18 | READ | Song | Fetching data connected to Song with Id: 2 | Results: 6
2026-10-03 18:15:18 | READ | Song | Fetching data connected to Song with Id: 3 | Results: 6
2026-10-03 18:15:18 | READ | Song | Fetching data connected to Song with Id: 4 | Results: 6
2026-10-03 18:15:18 | READ | Song | Fetching data connected to Song with Id: 5 | Results: 6
2026-10-03 18:15:18 | READ | Song | Fetching data connected to Song with Id: 6 | Results: 4
2026-10-03 18:15:18 | READ | Song | Fetching data connected to Song with Id: 7 | Results: 4
2026-10-03 18:15:18 | READ | Song | Fetching data connected to Song with Id: 8 | Results: 8
2026-10-03 18:15:18 | READ | Song | Fetching data connected to Song with Id: 9 | Results: 6
2026-10-03 18:15:18 | READ | Song | Fetching data connected to Song with Id: 10 | Results: 6
2026-10-03 18:15:18 | READ | Song | Fetching data connected to Song with Id: 11 | Results: 6
2026-10-03 18:15:18 | READ | Song | Fetching data connected to Song with Id: 12 | Results: 6
2026-10-03 18:15:18 | READ | Song | Fetching data connected to Song with Id: 13 | Results: 6
2026-10-03 18:15:18 | READ | Song | Fetching data connected to Song with Id: 14 | Results: 6
2026-10-03 18:15:18 | READ | Song | Fetching data connected to Song with Id: 15 | Results: 6
2026-10-03 18:15:18 | READ | Song | Fetching data connected to Song with Id: 16 | Results: 6
2026-10-03 18:15:18 | READ | Song | Fetching data connected to Song with Id: 17 | Results: 6
2026-10-03 18:15:18 | READ | Song | Fetching data connected to Song with Id: 18 | Results: 6
2026-10-03 18:15:18 | READ | Song | Fetching data connected to Song with Id: 19 | Results: 4
2026-10-03 18:15:18 | READ | Song | Fetching data connected to Song with Id: 20 | Results: 6
2026-10-03 18:15:18 | READ | Song | Fetching data connected to Song with Id: 21 | Results: 4
2026-10-03 18:15:18 | READ | Song | Fetching data connected to Song with Id: 22 | Results: 6
2026-10-03 18:15:18 | READ | Song | Fetching data connected to Song with Id: 23 | Results: 6
2026-10-03 18:15:18 | READ | Song | Fetching data connected to Song with Id: 24 | Results: 6
2026-10-03 18:15:18 | READ | Song | Fetching data connected to Song with Id: 25 | Results: 6
2026-10-03 18:15:18 | READ | Song | Fetching data connected to Song with Id: 26 | Results: 6
2026-10-03 18:15:18 | READ | Song | Fetching data connected to Song with Id: 27 | Results: 6
2026-10-03 18:15:18 | READ | Song | Fetching data connected to Song with Id: 49 | Results: 4
2026-10-03 18:15:18 | READ | Song | Fetching all songs.
2026-10-03 18:15:18 | READ | Song | Fetching data connected to Song with Id: 1 | Results: 6
2026-10-03 18:15:18 | READ | Song | Fetching data connected to Song with Id: 2 | Results: 6
2026-10-03 18:15:18 | READ | Song | Fetching data connected to Song with Id: 3 | Results: 6
2026-10-03 18:15:18 | READ | Song | Fetching data connected to Song with Id: 4 | Results: 6
2026-10-03 18:15:18 | READ | Song | Fetching data connected to Song with Id: 5 | Results: 6
2026-10-03 18:15:18 | READ | Song | Fetching data connected to Song with Id: 6 | Results: 4
2026-10-03 18:15:18 | READ | Song | Fetching data connected to Song with Id: 7 | Results: 4
2026-10-03 18:15:18 | READ | Song | Fetching data connected to Song with Id: 8 | Results: 8
2026-10-03 18:15:18 | READ | Song | Fetching data connected to Song with Id: 9 | Results: 6
2026-10-03 18:15:18 | READ | Song | Fetching data connected to Song with Id: 10 | Results: 6
2026-10-03 18:15:18 | READ | Song | Fetching data connected to Song with Id: 11 | Results: 6
2026-10-03 18:15:18 | READ | Song | Fetching data connected to Song with Id: 12 | Results: 6
2026-10-03 18:15:18 | READ | Song | Fetching data connected to Song with Id: 13 | Results: 6
2026-10-03 18:15:18 | READ | Song | Fetching data connected to Song with Id: 14 | Results: 6
2026-10-03 18:15:18 | READ | Song | Fetching data connected to Song with Id: 15 | Results: 6
2026-10-03 18:15:18 | READ | Song | Fetching data connected to Song with Id: 16 | Results: 6
2026-10-03 18:15:18 | READ | Song | Fetching data connected to Song with Id: 17 | Results: 6
2026-10-03 18:15:18 | READ | Song | Fetching data connected to Song with Id: 18 | Results: 6
2026-10-03 18:15:18 | READ | Song | Fetching data connected to Song with Id: 19 | Results: 4
2026-10-03 18:15:18 | READ | Song | Fetching data connected to Song with Id: 20 | Results: 6
2026-10-03 18:15:18 | READ | Song | Fetching data connected to Song with Id: 21 | Results: 4
2026-10-03 18:15:18 | READ | Song | Fetching data connected to Song with Id: 22 | Results: 6
2026-10-03 18:15:18 | READ | Song | Fetching data connected to Song with Id: 23 | Results: 6
2026-10-03 18:15:18 | READ | Song | Fetching data connected to Song with Id: 24 | Results: 6
2026-10-03 18:15:18 | READ | Song | Fetching data connected to Song with Id: 25 | Results: 6
2026-10-03 18:15:18 | READ | Song | Fetching data connected to Song with Id: 26 | Results: 6
2026-10-03 18:15:18 | READ | Song | Fetching data connected to Song with Id: 27 | Results: 6
2026-10-03 18:15:18 | READ | Song | Fetching data connected to Song with Id: 49 | Results: 4
2026-10-03 18:15:18 | READ | Song | Fetching all songs.
2026-10-03 18:15:18 | READ | Song | Fetching data connected to Song with Id: 1 | Results: 6
2026-10-03 18:15:18 | READ | Song | Fetching data connected to Song with Id: 2 | Results: 6
2026-10-03 18:15:18 | READ | Song | Fetching data connected to Song with Id: 3 | Results: 6
2026-10-03 18:15:18 | READ | Song | Fetching data connected to Song with Id: 4 | Results: 6
2026-10-03 18:15:18 | READ | Song | Fetching data connected to Song with Id: 5 | Results: 6
2026-10-03 18:15:18 | READ | Song | Fetching data connected to Song with Id: 6 | Results: 4
2026-10-03 18:15:18 | READ | Song | Fetching data connected to Song with Id: 7 | Results: 4
2026-10-03 18:15:18 | READ | Song | Fetching data connected to Song with Id: 8 | Results: 8
2026-10-03 18:15:18 | READ | Song | Fetching data connected to Song with Id: 9 | Results: 6
2026-10-03 18:15:18 | READ | Song | Fetching data connected to Song with Id: 10 | Results: 6
2026-10-03 18:15:18 | READ | Song | Fetching data connected to Song with Id: 11 | Results: 6
2026-10-03 18:15:18 | READ | Song | Fetching data connected to Song with Id: 12 | Results: 6
2026-10-03 18:15:18 | READ | Song | Fetching data connected to Song with Id: 13 | Results: 6
2026-10-03 18:15:18 | READ | Song | Fetching data connected to Song with Id: 14 | Results: 6
2026-10-03 18:15:18 | READ | Song | Fetching data connected to Song with Id: 15 | Results: 6
2026-10-03 18:15:18 | READ | Song | Fetching data connected to Song with Id: 16 | Results: 6
2026-10-03 18:15:18 | READ | Song | Fetching data connected to Song with Id: 17 | Results: 6
2026-10-03 18:15:18 | READ | Song | Fetching data connected to Song with Id: 18 | Results: 6
2026-10-03 18:15:18 | READ | Song | Fetching data connected to Song with Id: 19 | Results: 4
2026-10-03 18:15:18 | READ | Song | Fetching data connected to Song with Id: 20 | Results: 6
2026-10-03 18:15:18 | READ | Song | Fetching data connected to Song with Id: 21 | Results: 4
2026-10-03 18:15:18 | READ | Song | Fetching data connected to Song with Id: 22 | Results: 6
2026-10-03 18:15:18 | READ | Song | Fetching data connected to Song with Id: 23 | Results: 6
2026-10-03 18:15:18 | READ | Song | Fetching data connected to Song with Id: 24 | Results: 6
2026-10-03 18:15:18 | READ | Song | Fetching data connected to Song with Id: 25 | Results: 6
2026-10-03 18:15:18 | READ | Song | Fetching data connected to Song with Id: 26 | Results: 6
2026-10-03 18:15:18 | READ | Song | Fetching data connected to Song with Id: 27 | Results: 6
2026-10-03 18:15:18 | READ | Song | Fetching data connected to Song with Id: 49 | Results: 4
2026-10-03 18:15:18 | READ | Song | Fetching all songs.
2026-10-03 18:15:18 | READ | Song | Fetching data connected to Song with Id: 1 | Results: 6
2026-10-03 18:15:18 | READ | Song | Fetching data connected to Song with Id: 2 | Results: 6
2026-10-03 18:15:18 | READ | Song | Fetching data connected to Song with Id: 3 | Results: 6
2026-10-03 18:15:18 | READ | Song | Fetching data connected to Song with Id: 4 | Results: 6
2026-10-03 18:15:18 | READ | Song | Fetching data connected to Song with Id: 5 | Results: 6
2026-10-03 18:15:18 | READ | Song | Fetching data connected to Song with Id: 6 | Results: 4
2026-10-03 18:15:18 | READ | Song | Fetching data connected to Song with Id: 7 | Results: 4
2026-10-03 18:15:18 | READ | Song | Fetching data connected to Song with Id: 8 | Results: 8
2026-10-03 18:15:18 | READ | Song | Fetching data connected to Song with Id: 9 | Results: 6
2026-10-03 18:15:18 | READ | Song | Fetching data connected to Song with Id: 10 | Results: 6
2026-10-03 18:15:18 | READ | Song | Fetching data connected to Song with Id: 11 | Results: 6
2026-10-03 18:15:18 | READ | Song | Fetching data connected to Song with Id: 12 | Results: 6
2026-10-03 18:15:18 | READ | Song | Fetching data connected to Song with Id: 13 | Results: 6
2026-10-03 18:15:18 | READ | Song | Fetching data connected to Song with Id: 14 | Results: 6
2026-10-03 18:15:18 | READ | Song | Fetching data connected to Song with Id: 15 | Results: 6
2026-10-03 18:15:18 | READ | Song | Fetching data connected to Song with Id: 16 | Results: 6
2026-10-03 18:15:18 | READ | Song | Fetching data connected to Song with Id: 17 | Results: 6
2026-10-03 18:15:18 | READ | Song | Fetching data connected to Song with Id: 18 | Results: 6
2026-10-03 18:15:18 | READ | Song | Fetching data connected to Song with Id: 19 | Results: 4
2026-10-03 18:15:18 | READ | Song | Fetching data connected to Song with Id: 20 | Results: 6
2026-10-03 18:15:18 | READ | Song | Fetching data connected to Song with Id: 21 | Results: 4
2026-10-03 18:15:18 | READ | Song | Fetching data connected to Song with Id: 22 | Results: 6
2026-10-03 18:15:19 | READ | Song | Fetching data connected to Song with Id: 23 | Results: 6
2026-10-03 18:15:19 | READ | Song | Fetching data connected to Song with Id: 24 | Results: 6
2026-10-03 18:15:19 | READ | Song | Fetching data connected to Song with Id: 25 | Results: 6
2026-10-03 18:15:19 | READ | Song | Fetching data connected to Song with Id: 26 | Results: 6
2026-10-03 18:15:19 | READ | Song | Fetching data connected to Song with Id: 27 | Results: 6
2026-10-03 18:15:19 | READ | Song | Fetching data connected to Song with Id: 49 | Results: 4
2026-10-03 18:15:19 | READ | Song | Fetching all songs.
2026-10-03 18:15:19 | READ | Song | Fetching data connected to Song with Id: 1 | Results: 6
2026-10-03 18:15:19 | READ | Song | Fetching data connected to Song with Id: 2 | Results: 6
2026-10-03 18:15:19 | READ | Song | Fetching data connected to Song with Id: 3 | Results: 6
2026-10-03 18:15:19 | READ | Song | Fetching data connected to Song with Id: 4 | Results: 6
2026-10-03 18:15:19 | READ | Song | Fetching data connected to Song with Id: 5 | Results: 6
2026-10-03 18:15:19 | READ | Song | Fetching data connected to Song with Id: 6 | Results: 4
2026-10-03 18:15:19 | READ | Song | Fetching data connected to Song with Id: 7 | Results: 4
2026-10-03 18:15:19 | READ | Song | Fetching data connected to Song with Id: 8 | Results: 8
2026-10-03 18:15:19 | READ | Song | Fetching data connected to Song with Id: 9 | Results: 6
2026-10-03 18:15:19 | READ | Song | Fetching data connected to Song with Id: 10 | Results: 6
2026-10-03 18:15:19 | READ | Song | Fetching data connected to Song with Id: 11 | Results: 6
2026-10-03 18:15:19 | READ | Song | Fetching data connected to Song with Id: 12 | Results: 6
2026-10-03 18:15:19 | READ | Song | Fetching data connected to Song with Id: 13 | Results: 6
2026-10-03 18:15:19 | READ | Song | Fetching data connected to Song with Id: 14 | Results: 6
2026-10-03 18:15:19 | READ | Song | Fetching data connected to Song with Id: 15 | Results: 6
2026-10-03 18:15:19 | READ | Song | Fetching data connected to Song with Id: 16 | Results: 6
2026-10-03 18:15:19 | READ | Song | Fetching data connected to Song with Id: 17 | Results: 6
2026-10-03 18:15:19 | READ | Song | Fetching data connected to Song with Id: 18 | Results: 6
2026-10-03 18:15:19 | READ | Song | Fetching data connected to Song with Id: 19 | Results: 4
2026-10-03 18:15:19 | READ | Song | Fetching data connected to Song with Id: 20 | Results: 6
2026-10-03 18:15:19 | READ | Song | Fetching data connected to Song with Id: 21 | Results: 4
2026-10-03 18:15:19 | READ | Song | Fetching data connected to Song with Id: 22 | Results: 6
2026-10-03 18:15:19 | READ | Song | Fetching data connected to Song with Id: 23 | Results: 6
2026-10-03 18:15:19 | READ | Song | Fetching data connected to Song with Id: 24 | Results: 6
2026-10-03 18:15:19 | READ | Song | Fetching data connected to Song with Id: 25 | Results: 6
2026-10-03 18:15:19 | READ | Song | Fetching data connected to Song with Id: 26 | Results: 6
2026-10-03 18:15:19 | READ | Song | Fetching data connected to Song with Id: 27 | Results: 6
2026-10-03 18:15:19 | READ | Song | Fetching data connected to Song with Id: 49 | Results: 4
2026-10-03 18:15:19 | READ | Song | Fetching all songs.
2026-10-03 18:15:19 | READ | Song | Fetching data connected to Song with Id: 1 | Results: 6
2026-10-03 18:15:19 | READ | Song | Fetching data connected to Song with Id: 2 | Results: 6
2026-10-03 18:15:19 | READ | Song | Fetching data connected to Song with Id: 3 | Results: 6
2026-10-03 18:15:19 | READ | Song | Fetching data connected to Song with Id: 4 | Results: 6
2026-10-03 18:15:19 | READ | Song | Fetching data connected to Song with Id: 5 | Results: 6
2026-10-03 18:15:19 | READ | Song | Fetching data connected to Song with Id: 6 | Results: 4
2026-10-03 18:15:19 | READ | Song | Fetching data connected to Song with Id: 7 | Results: 4
2026-10-03 18:15:19 | READ | Song | Fetching data connected to Song with Id: 8 | Results: 8
2026-10-03 18:15:19 | READ | Song | Fetching data connected to Song with Id: 9 | Results: 6
2026-10-03 18:15:19 | READ | Song | Fetching data connected to Song with Id: 10 | Results: 6
2026-10-03 18:15:19 | READ | Song | Fetching data connected to Song with Id: 11 | Results: 6
2026-10-03 18:15:19 | READ | Song | Fetching data connected to Song with Id: 12 | Results: 6
2026-10-03 18:15:19 | READ | Song | Fetching data connected to Song with Id: 13 | Results: 6
2026-10-03 18:15:19 | READ | Song | Fetching data connected to Song with Id: 14 | Results: 6
2026-10-03 18:15:19 | READ | Song | Fetching data connected to Song with Id: 15 | Results: 6
2026-10-03 18:15:19 | READ | Song | Fetching data connected to Song with Id: 16 | Results: 6
2026-10-03 18:15:19 | READ | Song | Fetching data connected to Song with Id: 17 | Results: 6
2026-10-03 18:15:19 | READ | Song | Fetching data connected to Song with Id: 18 | Results: 6
2026-10-03 18:15:19 | READ | Song | Fetching data connected to Song with Id: 19 | Results: 4
2026-10-03 18:15:19 | READ | Song | Fetching data connected to Song with Id: 20 | Results: 6
2026-10-03 18:15:19 | READ | Song | Fetching data connected to Song with Id: 21 | Results: 4
2026-10-03 18:15:19 | READ | Song | Fetching data connected to Song with Id: 22 | Results: 6
2026-10-03 18:15:19 | READ | Song | Fetching data connected to Song with Id: 23 | Results: 6
2026-10-03 18:15:19 | READ | Song | Fetching data connected to Song with Id: 24 | Results: 6
2026-10-03 18:15:19 | READ | Song | Fetching data connected to Song with Id: 25 | Results: 6
2026-10-03 18:15:19 | READ | Song | Fetching data connected to Song with Id: 26 | Results: 6
2026-10-03 18:15:19 | READ | Song | Fetching data connected to Song with Id: 27 | Results: 6
2026-10-03 18:15:19 | READ | Song | Fetching data connected to Song with Id: 49 | Results: 4
2026-10-03 18:15:19 | READ | Song | Fetching all songs.
2026-10-03 18:15:19 | READ | Song | Fetching data connected to Song with Id: 1 | Results: 6
2026-10-03 18:15:19 | READ | Song | Fetching data connected to Song with Id: 2 | Results: 6
2026-10-03 18:15:19 | READ | Song | Fetching data connected to Song with Id: 3 | Results: 6
2026-10-03 18:15:19 | READ | Song | Fetching data connected to Song with Id: 4 | Results: 6
2026-10-03 18:15:19 | READ | Song | Fetching data connected to Song with Id: 5 | Results: 6
2026-10-03 18:15:19 | READ | Song | Fetching data connected to Song with Id: 6 | Results: 4
2026-10-03 18:15:19 | READ | Song | Fetching data connected to Song with Id: 7 | Results: 4
2026-10-03 18:15:19 | READ | Song | Fetching data connected to Song with Id: 8 | Results: 8
2026-10-03 18:15:19 | READ | Song | Fetching data connected to Song with Id: 9 | Results: 6
2026-10-03 18:15:19 | READ | Song | Fetching data connected to Song with Id: 10 | Results: 6
2026-10-03 18:15:19 | READ | Song | Fetching data connected to Song with Id: 11 | Results: 6
2026-10-03 18:15:19 | READ | Song | Fetching data connected to Song with Id: 12 | Results: 6
2026-10-03 18:15:19 | READ | Song | Fetching data connected to Song with Id: 13 | Results: 6
2026-10-03 18:15:19 | READ | Song | Fetching data connected to Song with Id: 14 | Results: 6
2026-10-03 18:15:19 | READ | Song | Fetching data connected to Song with Id: 15 | Results: 6
2026-10-03 18:15:19 | READ | Song | Fetching data connected to Song with Id: 16 | Results: 6
2026-10-03 18:15:19 | READ | Song | Fetching data connected to Song with Id: 17 | Results: 6
2026-10-03 18:15:19 | READ | Song | Fetching data connected to Song with Id: 18 | Results: 6
2026-10-03 18:15:19 | READ | Song | Fetching data connected to Song with Id: 19 | Results: 4
2026-10-03 18:15:19 | READ | Song | Fetching data connected to Song with Id: 20 | Results: 6
2026-10-03 18:15:19 | READ | Song | Fetching data connected to Song with Id: 21 | Results: 4
2026-10-03 18:15:19 | READ | Song | Fetching data connected to Song with Id: 22 | Results: 6
2026-10-03 18:15:19 | READ | Song | Fetching data connected to Song with Id: 23 | Results: 6
2026-10-03 18:15:19 | READ | Song | Fetching data connected to Song with Id: 24 | Results: 6
2026-10-03 18:15:19 | READ | Song | Fetching data connected to Song with Id: 25 | Results: 6
2026-10-03 18:15:19 | READ | Song | Fetching data connected to Song with Id: 26 | Results: 6
2026-10-03 18:15:19 | READ | Song | Fetching data connected to Song with Id: 27 | Results: 6
2026-10-03 18:15:19 | READ | Song | Fetching data connected to Song with Id: 49 | Results: 4
2026-10-03 18:15:21 | READ | Song | Fetching all songs.
2026-10-03 18:15:21 | READ | Song | Fetching data connected to Song with Id: 1 | Results: 6
2026-10-03 18:15:21 | READ | Song | Fetching data connected to Song with Id: 2 | Results: 6
2026-10-03 18:15:21 | READ | Song | Fetching data connected to Song with Id: 3 | Results: 6
2026-10-03 18:15:21 | READ | Song | Fetching data connected to Song with Id: 4 | Results: 6
2026-10-03 18:15:21 | READ | Song | Fetching data connected to Song with Id: 5 | Results: 6
2026-10-03 18:15:21 | READ | Song | Fetching data connected to Song with Id: 6 | Results: 4
2026-10-03 18:15:21 | READ | Song | Fetching data connected to Song with Id: 7 | Results: 4
2026-10-03 18:15:21 | READ | Song | Fetching data connected to Song with Id: 8 | Results: 8
2026-10-03 18:15:21 | READ | Song | Fetching data connected to Song with Id: 9 | Results: 6
2026-10-03 18:15:21 | READ | Song | Fetching data connected to Song with Id: 10 | Results: 6
2026-10-03 18:15:21 | READ | Song | Fetching data connected to Song with Id: 11 | Results: 6
2026-10-03 18:15:21 | READ | Song | Fetching data connected to Song with Id: 12 | Results: 6
2026-10-03 18:15:21 | READ | Song | Fetching data connected to Song with Id: 13 | Results: 6
2026-10-03 18:15:21 | READ | Song | Fetching data connected to Song with Id: 14 | Results: 6
2026-10-03 18:15:21 | READ | Song | Fetching data connected to Song with Id: 15 | Results: 6
2026-10-03 18:15:21 | READ | Song | Fetching data connected to Song with Id: 16 | Results: 6
2026-10-03 18:15:21 | READ | Song | Fetching data connected to Song with Id: 17 | Results: 6
2026-10-03 18:15:21 | READ | Song | Fetching data connected to Song with Id: 18 | Results: 6
2026-10-03 18:15:21 | READ | Song | Fetching data connected to Song with Id: 19 | Results: 4
2026-10-03 18:15:21 | READ | Song | Fetching data connected to Song with Id: 20 | Results: 6
2026-10-03 18:15:21 | READ | Song | Fetching data connected to Song with Id: 21 | Results: 4
2026-10-03 18:15:21 | READ | Song | Fetching data connected to Song with Id: 22 | Results: 6
2026-10-03 18:15:21 | READ | Song | Fetching data connected to Song with Id: 23 | Results: 6
2026-10-03 18:15:21 | READ | Song | Fetching data connected to Song with Id: 24 | Results: 6
2026-10-03 18:15:21 | READ | Song | Fetching data connected to Song with Id: 25 | Results: 6
2026-10-03 18:15:21 | READ | Song | Fetching data connected to Song with Id: 26 | Results: 6
2026-10-03 18:15:21 | READ | Song | Fetching data connected to Song with Id: 27 | Results: 6
2026-10-03 18:15:21 | READ | Song | Fetching data connected to Song with Id: 49 | Results: 4
2026-10-03 18:15:26 | READ | Song | Fetching all songs.
2026-10-03 18:15:26 | READ | Song | Fetching data connected to Song with Id: 1 | Results: 6
2026-10-03 18:15:26 | READ | Song | Fetching data connected to Song with Id: 2 | Results: 6
2026-10-03 18:15:26 | READ | Song | Fetching data connected to Song with Id: 3 | Results: 6
2026-10-03 18:15:26 | READ | Song | Fetching data connected to Song with Id: 4 | Results: 6
2026-10-03 18:15:26 | READ | Song | Fetching data connected to Song with Id: 5 | Results: 6
2026-10-03 18:15:26 | READ | Song | Fetching data connected to Song with Id: 6 | Results: 4
2026-10-03 18:15:26 | READ | Song | Fetching data connected to Song with Id: 7 | Results: 4
2026-10-03 18:15:26 | READ | Song | Fetching data connected to Song with Id: 8 | Results: 8
2026-10-03 18:15:26 | READ | Song | Fetching data connected to Song with Id: 9 | Results: 6
2026-10-03 18:15:26 | READ | Song | Fetching data connected to Song with Id: 10 | Results: 6
2026-10-03 18:15:26 | READ | Song | Fetching data connected to Song with Id: 11 | Results: 6
2026-10-03 18:15:26 | READ | Song | Fetching data connected to Song with Id: 12 | Results: 6
2026-10-03 18:15:26 | READ | Song | Fetching data connected to Song with Id: 13 | Results: 6
2026-10-03 18:15:26 | READ | Song | Fetching data connected to Song with Id: 14 | Results: 6
2026-10-03 18:15:26 | READ | Song | Fetching data connected to Song with Id: 15 | Results: 6
2026-10-03 18:15:26 | READ | Song | Fetching data connected to Song with Id: 16 | Results: 6
2026-10-03 18:15:26 | READ | Song | Fetching data connected to Song with Id: 17 | Results: 6
2026-10-03 18:15:26 | READ | Song | Fetching data connected to Song with Id: 18 | Results: 6
2026-10-03 18:15:26 | READ | Song | Fetching data connected to Song with Id: 19 | Results: 4
2026-10-03 18:15:26 | READ | Song | Fetching data connected to Song with Id: 20 | Results: 6
2026-10-03 18:15:26 | READ | Song | Fetching data connected to Song with Id: 21 | Results: 4
2026-10-03 18:15:26 | READ | Song | Fetching data connected to Song with Id: 22 | Results: 6
2026-10-03 18:15:26 | READ | Song | Fetching data connected to Song with Id: 23 | Results: 6
2026-10-03 18:15:26 | READ | Song | Fetching data connected to Song with Id: 24 | Results: 6
2026-10-03 18:15:26 | READ | Song | Fetching data connected to Song with Id: 25 | Results: 6
2026-10-03 18:15:26 | READ | Song | Fetching data connected to Song with Id: 26 | Results: 6
2026-10-03 18:15:26 | READ | Song | Fetching data connected to Song with Id: 27 | Results: 6
2026-10-03 18:15:26 | READ | Song | Fetching data connected to Song with Id: 49 | Results: 4
2026-10-03 18:15:30 | READ | Song | Fetching all songs.
2026-10-03 18:15:30 | READ | Song | Fetching data connected to Song with Id: 1 | Results: 6
2026-10-03 18:15:30 | READ | Song | Fetching data connected to Song with Id: 2 | Results: 6
2026-10-03 18:15:30 | READ | Song | Fetching data connected to Song with Id: 3 | Results: 6
2026-10-03 18:15:30 | READ | Song | Fetching data connected to Song with Id: 4 | Results: 6
2026-10-03 18:15:30 | READ | Song | Fetching data connected to Song with Id: 5 | Results: 6
2026-10-03 18:15:30 | READ | Song | Fetching data connected to Song with Id: 6 | Results: 4
2026-10-03 18:15:30 | READ | Song | Fetching data connected to Song with Id: 7 | Results: 4
2026-10-03 18:15:30 | READ | Song | Fetching data connected to Song with Id: 8 | Results: 8
2026-10-03 18:15:30 | READ | Song | Fetching data connected to Song with Id: 9 | Results: 6
2026-10-03 18:15:30 | READ | Song | Fetching data connected to Song with Id: 10 | Results: 6
2026-10-03 18:15:30 | READ | Song | Fetching data connected to Song with Id: 11 | Results: 6
2026-10-03 18:15:30 | READ | Song | Fetching data connected to Song with Id: 12 | Results: 6
2026-10-03 18:15:30 | READ | Song | Fetching data connected to Song with Id: 13 | Results: 6
2026-10-03 18:15:30 | READ | Song | Fetching data connected to Song with Id: 14 | Results: 6
2026-10-03 18:15:30 | READ | Song | Fetching data connected to Song with Id: 15 | Results: 6
2026-10-03 18:15:30 | READ | Song | Fetching data connected to Song with Id: 16 | Results: 6
2026-10-03 18:15:30 | READ | Song | Fetching data connected to Song with Id: 17 | Results: 6
2026-10-03 18:15:30 | READ | Song | Fetching data connected to Song with Id: 18 | Results: 6
2026-10-03 18:15:30 | READ | Song | Fetching data connected to Song with Id: 19 | Results: 4
2026-10-03 18:15:30 | READ | Song | Fetching data connected to Song with Id: 20 | Results: 6
2026-10-03 18:15:30 | READ | Song | Fetching data connected to Song with Id: 21 | Results: 4
2026-10-03 18:15:30 | READ | Song | Fetching data connected to Song with Id: 22 | Results: 6
2026-10-03 18:15:30 | READ | Song | Fetching data connected to Song with Id: 23 | Results: 6
2026-10-03 18:15:30 | READ | Song | Fetching data connected to Song with Id: 24 | Results: 6
2026-10-03 18:15:30 | READ | Song | Fetching data connected to Song with Id: 25 | Results: 6
2026-10-03 18:15:30 | READ | Song | Fetching data connected to Song with Id: 26 | Results: 6
2026-10-03 18:15:30 | READ | Song | Fetching data connected to Song with Id: 27 | Results: 6
2026-10-03 18:15:30 | READ | Song | Fetching data connected to Song with Id: 49 | Results: 4
2026-10-03 18:15:30 | READ | Song | Fetching all songs.
2026-10-03 18:15:30 | READ | Song | Fetching data connected to Song with Id: 1 | Results: 6
2026-10-03 18:15:30 | READ | Song | Fetching data connected to Song with Id: 2 | Results: 6
2026-10-03 18:15:30 | READ | Song | Fetching data connected to Song with Id: 3 | Results: 6
2026-10-03 18:15:30 | READ | Song | Fetching data connected to Song with Id: 4 | Results: 6
2026-10-03 18:15:30 | READ | Song | Fetching data connected to Song with Id: 5 | Results: 6
2026-10-03 18:15:30 | READ | Song | Fetching data connected to Song with Id: 6 | Results: 4
2026-10-03 18:15:30 | READ | Song | Fetching data connected to Song with Id: 7 | Results: 4
2026-10-03 18:15:30 | READ | Song | Fetching data connected to Song with Id: 8 | Results: 8
2026-10-03 18:15:30 | READ | Song | Fetching data connected to Song with Id: 9 | Results: 6
2026-10-03 18:15:30 | READ | Song | Fetching data connected to Song with Id: 10 | Results: 6
2026-10-03 18:15:30 | READ | Song | Fetching data connected to Song with Id: 11 | Results: 6
2026-10-03 18:15:30 | READ | Song | Fetching data connected to Song with Id: 12 | Results: 6
2026-10-03 18:15:30 | READ | Song | Fetching data connected to Song with Id: 13 | Results: 6
2026-10-03 18:15:30 | READ | Song | Fetching data connected to Song with Id: 14 | Results: 6
2026-10-03 18:15:30 | READ | Song | Fetching data connected to Song with Id: 15 | Results: 6
2026-10-03 18:15:30 | READ | Song | Fetching data connected to Song with Id: 16 | Results: 6
2026-10-03 18:15:30 | READ | Song | Fetching data connected to Song with Id: 17 | Results: 6
2026-10-03 18:15:30 | READ | Song | Fetching data connected to Song with Id: 18 | Results: 6
2026-10-03 18:15:30 | READ | Song | Fetching data connected to Song with Id: 19 | Results: 4
2026-10-03 18:15:30 | READ | Song | Fetching data connected to Song with Id: 20 | Results: 6
2026-10-03 18:15:30 | READ | Song | Fetching data connected to Song with Id: 21 | Results: 4
2026-10-03 18:15:30 | READ | Song | Fetching data connected to Song with Id: 22 | Results: 6
2026-10-03 18:15:30 | READ | Song | Fetching data connected to Song with Id: 23 | Results: 6
2026-10-03 18:15:30 | READ | Song | Fetching data connected to Song with Id: 24 | Results: 6
2026-10-03 18:15:30 | READ | Song | Fetching data connected to Song with Id: 25 | Results: 6
2026-10-03 18:15:30 | READ | Song | Fetching data connected to Song with Id: 26 | Results: 6
2026-10-03 18:15:30 | READ | Song | Fetching data connected to Song with Id: 27 | Results: 6
2026-10-03 18:15:30 | READ | Song | Fetching data connected to Song with Id: 49 | Results: 4
2026-10-03 18:15:30 | READ | Song | Fetching all songs.
2026-10-03 18:15:30 | READ | Song | Fetching data connected to Song with Id: 1 | Results: 6
2026-10-03 18:15:30 | READ | Song | Fetching data connected to Song with Id: 2 | Results: 6
2026-10-03 18:15:30 | READ | Song | Fetching data connected to Song with Id: 3 | Results: 6
2026-10-03 18:15:30 | READ | Song | Fetching data connected to Song with Id: 4 | Results: 6
2026-10-03 18:15:30 | READ | Song | Fetching data connected to Song with Id: 5 | Results: 6
2026-10-03 18:15:30 | READ | Song | Fetching data connected to Song with Id: 6 | Results: 4
2026-10-03 18:15:30 | READ | Song | Fetching data connected to Song with Id: 7 | Results: 4
2026-10-03 18:15:30 | READ | Song | Fetching data connected to Song with Id: 8 | Results: 8
2026-10-03 18:15:30 | READ | Song | Fetching data connected to Song with Id: 9 | Results: 6
2026-10-03 18:15:30 | READ | Song | Fetching data connected to Song with Id: 10 | Results: 6
2026-10-03 18:15:30 | READ | Song | Fetching data connected to Song with Id: 11 | Results: 6
2026-10-03 18:15:30 | READ | Song | Fetching data connected to Song with Id: 12 | Results: 6
2026-10-03 18:15:30 | READ | Song | Fetching data connected to Song with Id: 13 | Results: 6
2026-10-03 18:15:30 | READ | Song | Fetching data connected to Song with Id: 14 | Results: 6
2026-10-03 18:15:31 | READ | Song | Fetching data connected to Song with Id: 15 | Results: 6
2026-10-03 18:15:31 | READ | Song | Fetching data connected to Song with Id: 16 | Results: 6
2026-10-03 18:15:31 | READ | Song | Fetching data connected to Song with Id: 17 | Results: 6
2026-10-03 18:15:31 | READ | Song | Fetching data connected to Song with Id: 18 | Results: 6
2026-10-03 18:15:31 | READ | Song | Fetching data connected to Song with Id: 19 | Results: 4
2026-10-03 18:15:31 | READ | Song | Fetching data connected to Song with Id: 20 | Results: 6
2026-10-03 18:15:31 | READ | Song | Fetching data connected to Song with Id: 21 | Results: 4
2026-10-03 18:15:31 | READ | Song | Fetching data connected to Song with Id: 22 | Results: 6
2026-10-03 18:15:31 | READ | Song | Fetching data connected to Song with Id: 23 | Results: 6
2026-10-03 18:15:31 | READ | Song | Fetching data connected to Song with Id: 24 | Results: 6
2026-10-03 18:15:31 | READ | Song | Fetching data connected to Song with Id: 25 | Results: 6
2026-10-03 18:15:31 | READ | Song | Fetching data connected to Song with Id: 26 | Results: 6
2026-10-03 18:15:31 | READ | Song | Fetching data connected to Song with Id: 27 | Results: 6
2026-10-03 18:15:31 | READ | Song | Fetching data connected to Song with Id: 49 | Results: 4
2026-10-03 18:15:31 | READ | Song | Fetching all songs.
2026-10-03 18:15:31 | READ | Song | Fetching data connected to Song with Id: 1 | Results: 6
2026-10-03 18:15:31 | READ | Song | Fetching data connected to Song with Id: 2 | Results: 6
2026-10-03 18:15:31 | READ | Song | Fetching data connected to Song with Id: 3 | Results: 6
2026-10-03 18:15:31 | READ | Song | Fetching data connected to Song with Id: 4 | Results: 6
2026-10-03 18:15:31 | READ | Song | Fetching data connected to Song with Id: 5 | Results: 6
2026-10-03 18:15:31 | READ | Song | Fetching data connected to Song with Id: 6 | Results: 4
2026-10-03 18:15:31 | READ | Song | Fetching data connected to Song with Id: 7 | Results: 4
2026-10-03 18:15:31 | READ | Song | Fetching data connected to Song with Id: 8 | Results: 8
2026-10-03 18:15:31 | READ | Song | Fetching data connected to Song with Id: 9 | Results: 6
2026-10-03 18:15:31 | READ | Song | Fetching data connected to Song with Id: 10 | Results: 6
2026-10-03 18:15:31 | READ | Song | Fetching data connected to Song with Id: 11 | Results: 6
2026-10-03 18:15:31 | READ | Song | Fetching data connected to Song with Id: 12 | Results: 6
2026-10-03 18:15:31 | READ | Song | Fetching data connected to Song with Id: 13 | Results: 6
2026-10-03 18:15:31 | READ | Song | Fetching data connected to Song with Id: 14 | Results: 6
2026-10-03 18:15:31 | READ | Song | Fetching data connected to Song with Id: 15 | Results: 6
2026-10-03 18:15:31 | READ | Song | Fetching data connected to Song with Id: 16 | Results: 6
2026-10-03 18:15:31 | READ | Song | Fetching data connected to Song with Id: 17 | Results: 6
2026-10-03 18:15:31 | READ | Song | Fetching data connected to Song with Id: 18 | Results: 6
2026-10-03 18:15:31 | READ | Song | Fetching data connected to Song with Id: 19 | Results: 4
2026-10-03 18:15:31 | READ | Song | Fetching data connected to Song with Id: 20 | Results: 6
2026-10-03 18:15:31 | READ | Song | Fetching data connected to Song with Id: 21 | Results: 4
2026-10-03 18:15:31 | READ | Song | Fetching data connected to Song with Id: 22 | Results: 6
2026-10-03 18:15:31 | READ | Song | Fetching data connected to Song with Id: 23 | Results: 6
2026-10-03 18:15:31 | READ | Song | Fetching data connected to Song with Id: 24 | Results: 6
2026-10-03 18:15:31 | READ | Song | Fetching data connected to Song with Id: 25 | Results: 6
2026-10-03 18:15:31 | READ | Song | Fetching data connected to Song with Id: 26 | Results: 6
2026-10-03 18:15:31 | READ | Song | Fetching data connected to Song with Id: 27 | Results: 6
2026-10-03 18:15:31 | READ | Song | Fetching data connected to Song with Id: 49 | Results: 4
2026-10-03 18:15:34 | READ | Song | Fetching all songs.
2026-10-03 18:15:34 | READ | Song | Fetching data connected to Song with Id: 1 | Results: 6
2026-10-03 18:15:34 | READ | Song | Fetching data connected to Song with Id: 2 | Results: 6
2026-10-03 18:15:34 | READ | Song | Fetching data connected to Song with Id: 3 | Results: 6
2026-10-03 18:15:34 | READ | Song | Fetching data connected to Song with Id: 4 | Results: 6
2026-10-03 18:15:34 | READ | Song | Fetching data connected to Song with Id: 5 | Results: 6
2026-10-03 18:15:34 | READ | Song | Fetching data connected to Song with Id: 6 | Results: 4
2026-10-03 18:15:34 | READ | Song | Fetching data connected to Song with Id: 7 | Results: 4
2026-10-03 18:15:34 | READ | Song | Fetching data connected to Song with Id: 8 | Results: 8
2026-10-03 18:15:34 | READ | Song | Fetching data connected to Song with Id: 9 | Results: 6
2026-10-03 18:15:34 | READ | Song | Fetching data connected to Song with Id: 10 | Results: 6
2026-10-03 18:15:34 | READ | Song | Fetching data connected to Song with Id: 11 | Results: 6
2026-10-03 18:15:34 | READ | Song | Fetching data connected to Song with Id: 12 | Results: 6
2026-10-03 18:15:34 | READ | Song | Fetching data connected to Song with Id: 13 | Results: 6
2026-10-03 18:15:34 | READ | Song | Fetching data connected to Song with Id: 14 | Results: 6
2026-10-03 18:15:34 | READ | Song | Fetching data connected to Song with Id: 15 | Results: 6
2026-10-03 18:15:34 | READ | Song | Fetching data connected to Song with Id: 16 | Results: 6
2026-10-03 18:15:34 | READ | Song | Fetching data connected to Song with Id: 17 | Results: 6
2026-10-03 18:15:34 | READ | Song | Fetching data connected to Song with Id: 18 | Results: 6
2026-10-03 18:15:34 | READ | Song | Fetching data connected to Song with Id: 19 | Results: 4
2026-10-03 18:15:34 | READ | Song | Fetching data connected to Song with Id: 20 | Results: 6
2026-10-03 18:15:34 | READ | Song | Fetching data connected to Song with Id: 21 | Results: 4
2026-10-03 18:15:34 | READ | Song | Fetching data connected to Song with Id: 22 | Results: 6
2026-10-03 18:15:34 | READ | Song | Fetching data connected to Song with Id: 23 | Results: 6
2026-10-03 18:15:34 | READ | Song | Fetching data connected to Song with Id: 24 | Results: 6
2026-10-03 18:15:34 | READ | Song | Fetching data connected to Song with Id: 25 | Results: 6
2026-10-03 18:15:34 | READ | Song | Fetching data connected to Song with Id: 26 | Results: 6
2026-10-03 18:15:34 | READ | Song | Fetching data connected to Song with Id: 27 | Results: 6
2026-10-03 18:15:34 | READ | Song | Fetching data connected to Song with Id: 49 | Results: 4
2026-10-03 18:15:35 | READ | Song | Fetching all songs.
2026-10-03 18:15:35 | READ | Song | Fetching data connected to Song with Id: 1 | Results: 6
2026-10-03 18:15:35 | READ | Song | Fetching data connected to Song with Id: 2 | Results: 6
2026-10-03 18:15:35 | READ | Song | Fetching data connected to Song with Id: 3 | Results: 6
2026-10-03 18:15:35 | READ | Song | Fetching data connected to Song with Id: 4 | Results: 6
2026-10-03 18:15:35 | READ | Song | Fetching data connected to Song with Id: 5 | Results: 6
2026-10-03 18:15:35 | READ | Song | Fetching data connected to Song with Id: 6 | Results: 4
2026-10-03 18:15:35 | READ | Song | Fetching data connected to Song with Id: 7 | Results: 4
2026-10-03 18:15:35 | READ | Song | Fetching data connected to Song with Id: 8 | Results: 8
2026-10-03 18:15:35 | READ | Song | Fetching data connected to Song with Id: 9 | Results: 6
2026-10-03 18:15:35 | READ | Song | Fetching data connected to Song with Id: 10 | Results: 6
2026-10-03 18:15:35 | READ | Song | Fetching data connected to Song with Id: 11 | Results: 6
2026-10-03 18:15:35 | READ | Song | Fetching data connected to Song with Id: 12 | Results: 6
2026-10-03 18:15:35 | READ | Song | Fetching data connected to Song with Id: 13 | Results: 6
2026-10-03 18:15:35 | READ | Song | Fetching data connected to Song with Id: 14 | Results: 6
2026-10-03 18:15:35 | READ | Song | Fetching data connected to Song with Id: 15 | Results: 6
2026-10-03 18:15:35 | READ | Song | Fetching data connected to Song with Id: 16 | Results: 6
2026-10-03 18:15:35 | READ | Song | Fetching data connected to Song with Id: 17 | Results: 6
2026-10-03 18:15:35 | READ | Song | Fetching data connected to Song with Id: 18 | Results: 6
2026-10-03 18:15:35 | READ | Song | Fetching data connected to Song with Id: 19 | Results: 4
2026-10-03 18:15:35 | READ | Song | Fetching data connected to Song with Id: 20 | Results: 6
2026-10-03 18:15:35 | READ | Song | Fetching data connected to Song with Id: 21 | Results: 4
2026-10-03 18:15:35 | READ | Song | Fetching data connected to Song with Id: 22 | Results: 6
2026-10-03 18:15:35 | READ | Song | Fetching data connected to Song with Id: 23 | Results: 6
2026-10-03 18:15:35 | READ | Song | Fetching data connected to Song with Id: 24 | Results: 6
2026-10-03 18:15:35 | READ | Song | Fetching data connected to Song with Id: 25 | Results: 6
2026-10-03 18:15:35 | READ | Song | Fetching data connected to Song with Id: 26 | Results: 6
2026-10-03 18:15:35 | READ | Song | Fetching data connected to Song with Id: 27 | Results: 6
2026-10-03 18:15:35 | READ | Song | Fetching data connected to Song with Id: 49 | Results: 4
2026-10-03 18:15:38 | READ | Song | Fetching all songs.
2026-10-03 18:15:38 | READ | Song | Fetching data connected to Song with Id: 1 | Results: 6
2026-10-03 18:15:38 | READ | Song | Fetching data connected to Song with Id: 2 | Results: 6
2026-10-03 18:15:38 | READ | Song | Fetching data connected to Song with Id: 3 | Results: 6
2026-10-03 18:15:38 | READ | Song | Fetching data connected to Song with Id: 4 | Results: 6
2026-10-03 18:15:38 | READ | Song | Fetching data connected to Song with Id: 5 | Results: 6
2026-10-03 18:15:38 | READ | Song | Fetching data connected to Song with Id: 6 | Results: 4
2026-10-03 18:15:38 | READ | Song | Fetching data connected to Song with Id: 7 | Results: 4
2026-10-03 18:15:38 | READ | Song | Fetching data connected to Song with Id: 8 | Results: 8
2026-10-03 18:15:38 | READ | Song | Fetching data connected to Song with Id: 9 | Results: 6
2026-10-03 18:15:38 | READ | Song | Fetching data connected to Song with Id: 10 | Results: 6
2026-10-03 18:15:38 | READ | Song | Fetching data connected to Song with Id: 11 | Results: 6
2026-10-03 18:15:38 | READ | Song | Fetching data connected to Song with Id: 12 | Results: 6
2026-10-03 18:15:38 | READ | Song | Fetching data connected to Song with Id: 13 | Results: 6
2026-10-03 18:15:38 | READ | Song | Fetching data connected to Song with Id: 14 | Results: 6
2026-10-03 18:15:38 | READ | Song | Fetching data connected to Song with Id: 15 | Results: 6
2026-10-03 18:15:38 | READ | Song | Fetching data connected to Song with Id: 16 | Results: 6
2026-10-03 18:15:38 | READ | Song | Fetching data connected to Song with Id: 17 | Results: 6
2026-10-03 18:15:38 | READ | Song | Fetching data connected to Song with Id: 18 | Results: 6
2026-10-03 18:15:38 | READ | Song | Fetching data connected to Song with Id: 19 | Results: 4
2026-10-03 18:15:38 | READ | Song | Fetching data connected to Song with Id: 20 | Results: 6
2026-10-03 18:15:38 | READ | Song | Fetching data connected to Song with Id: 21 | Results: 4
2026-10-03 18:15:38 | READ | Song | Fetching data connected to Song with Id: 22 | Results: 6
2026-10-03 18:15:38 | READ | Song | Fetching data connected to Song with Id: 23 | Results: 6
2026-10-03 18:15:38 | READ | Song | Fetching data connected to Song with Id: 24 | Results: 6
2026-10-03 18:15:38 | READ | Song | Fetching data connected to Song with Id: 25 | Results: 6
2026-10-03 18:15:38 | READ | Song | Fetching data connected to Song with Id: 26 | Results: 6
2026-10-03 18:15:38 | READ | Song | Fetching data connected to Song with Id: 27 | Results: 6
2026-10-03 18:15:38 | READ | Song | Fetching data connected to Song with Id: 49 | Results: 4
2026-10-03 18:15:38 | READ | Song | Fetching all songs.
2026-10-03 18:15:38 | READ | Song | Fetching data connected to Song with Id: 1 | Results: 6
2026-10-03 18:15:38 | READ | Song | Fetching data connected to Song with Id: 2 | Results: 6
2026-10-03 18:15:38 | READ | Song | Fetching data connected to Song with Id: 3 | Results: 6
2026-10-03 18:15:38 | READ | Song | Fetching data connected to Song with Id: 4 | Results: 6
2026-10-03 18:15:38 | READ | Song | Fetching data connected to Song with Id: 5 | Results: 6
2026-10-03 18:15:38 | READ | Song | Fetching data connected to Song with Id: 6 | Results: 4
2026-10-03 18:15:38 | READ | Song | Fetching data connected to Song with Id: 7 | Results: 4
2026-10-03 18:15:38 | READ | Song | Fetching data connected to Song with Id: 8 | Results: 8
2026-10-03 18:15:38 | READ | Song | Fetching data connected to Song with Id: 9 | Results: 6
2026-10-03 18:15:38 | READ | Song | Fetching data connected to Song with Id: 10 | Results: 6
2026-10-03 18:15:38 | READ | Song | Fetching data connected to Song with Id: 11 | Results: 6
2026-10-03 18:15:38 | READ | Song | Fetching data connected to Song with Id: 12 | Results: 6
2026-10-03 18:15:38 | READ | Song | Fetching data connected to Song with Id: 13 | Results: 6
2026-10-03 18:15:38 | READ | Song | Fetching data connected to Song with Id: 14 | Results: 6
2026-10-03 18:15:38 | READ | Song | Fetching data connected to Song with Id: 15 | Results: 6
2026-10-03 18:15:38 | READ | Song | Fetching data connected to Song with Id: 16 | Results: 6
2026-10-03 18:15:38 | READ | Song | Fetching data connected to Song with Id: 17 | Results: 6
2026-10-03 18:15:38 | READ | Song | Fetching data connected to Song with Id: 18 | Results: 6
2026-10-03 18:15:38 | READ | Song | Fetching data connected to Song with Id: 19 | Results: 4
2026-10-03 18:15:38 | READ | Song | Fetching data connected to Song with Id: 20 | Results: 6
2026-10-03 18:15:38 | READ | Song | Fetching data connected to Song with Id: 21 | Results: 4
2026-10-03 18:15:38 | READ | Song | Fetching data connected to Song with Id: 22 | Results: 6
2026-10-03 18:15:38 | READ | Song | Fetching data connected to Song with Id: 23 | Results: 6
2026-10-03 18:15:38 | READ | Song | Fetching data connected to Song with Id: 24 | Results: 6
2026-10-03 18:15:38 | READ | Song | Fetching data connected to Song with Id: 25 | Results: 6
2026-10-03 18:15:38 | READ | Song | Fetching data connected to Song with Id: 26 | Results: 6
2026-10-03 18:15:38 | READ | Song | Fetching data connected to Song with Id: 27 | Results: 6
2026-10-03 18:15:38 | READ | Song | Fetching data connected to Song with Id: 49 | Results: 4
2026-10-03 18:15:38 | READ | Song | Fetching all songs.
2026-10-03 18:15:38 | READ | Song | Fetching data connected to Song with Id: 1 | Results: 6
2026-10-03 18:15:38 | READ | Song | Fetching data connected to Song with Id: 2 | Results: 6
2026-10-03 18:15:38 | READ | Song | Fetching data connected to Song with Id: 3 | Results: 6
2026-10-03 18:15:38 | READ | Song | Fetching data connected to Song with Id: 4 | Results: 6
2026-10-03 18:15:38 | READ | Song | Fetching data connected to Song with Id: 5 | Results: 6
2026-10-03 18:15:38 | READ | Song | Fetching data connected to Song with Id: 6 | Results: 4
2026-10-03 18:15:38 | READ | Song | Fetching data connected to Song with Id: 7 | Results: 4
2026-10-03 18:15:38 | READ | Song | Fetching data connected to Song with Id: 8 | Results: 8
2026-10-03 18:15:38 | READ | Song | Fetching data connected to Song with Id: 9 | Results: 6
2026-10-03 18:15:38 | READ | Song | Fetching data connected to Song with Id: 10 | Results: 6
2026-10-03 18:15:38 | READ | Song | Fetching data connected to Song with Id: 11 | Results: 6
2026-10-03 18:15:38 | READ | Song | Fetching data connected to Song with Id: 12 | Results: 6
2026-10-03 18:15:38 | READ | Song | Fetching data connected to Song with Id: 13 | Results: 6
2026-10-03 18:15:38 | READ | Song | Fetching data connected to Song with Id: 14 | Results: 6
2026-10-03 18:15:38 | READ | Song | Fetching data connected to Song with Id: 15 | Results: 6
2026-10-03 18:15:38 | READ | Song | Fetching data connected to Song with Id: 16 | Results: 6
2026-10-03 18:15:38 | READ | Song | Fetching data connected to Song with Id: 17 | Results: 6
2026-10-03 18:15:38 | READ | Song | Fetching data connected to Song with Id: 18 | Results: 6
2026-10-03 18:15:38 | READ | Song | Fetching data connected to Song with Id: 19 | Results: 4
2026-10-03 18:15:38 | READ | Song | Fetching data connected to Song with Id: 20 | Results: 6
2026-10-03 18:15:38 | READ | Song | Fetching data connected to Song with Id: 21 | Results: 4
2026-10-03 18:15:38 | READ | Song | Fetching data connected to Song with Id: 22 | Results: 6
2026-10-03 18:15:38 | READ | Song | Fetching data connected to Song with Id: 23 | Results: 6
2026-10-03 18:15:38 | READ | Song | Fetching data connected to Song with Id: 24 | Results: 6
2026-10-03 18:15:38 | READ | Song | Fetching data connected to Song with Id: 25 | Results: 6
2026-10-03 18:15:38 | READ | Song | Fetching data connected to Song with Id: 26 | Results: 6
2026-10-03 18:15:38 | READ | Song | Fetching data connected to Song with Id: 27 | Results: 6
2026-10-03 18:15:38 | READ | Song | Fetching data connected to Song with Id: 49 | Results: 4
2026-10-03 18:15:38 | READ | Song | Fetching all songs.
2026-10-03 18:15:38 | READ | Song | Fetching data connected to Song with Id: 1 | Results: 6
2026-10-03 18:15:38 | READ | Song | Fetching data connected to Song with Id: 2 | Results: 6
2026-10-03 18:15:38 | READ | Song | Fetching data connected to Song with Id: 3 | Results: 6
2026-10-03 18:15:38 | READ | Song | Fetching data connected to Song with Id: 4 | Results: 6
2026-10-03 18:15:38 | READ | Song | Fetching data connected to Song with Id: 5 | Results: 6
2026-10-03 18:15:38 | READ | Song | Fetching data connected to Song with Id: 6 | Results: 4
2026-10-03 18:15:38 | READ | Song | Fetching data connected to Song with Id: 7 | Results: 4
2026-10-03 18:15:38 | READ | Song | Fetching data connected to Song with Id: 8 | Results: 8
2026-10-03 18:15:38 | READ | Song | Fetching data connected to Song with Id: 9 | Results: 6
2026-10-03 18:15:38 | READ | Song | Fetching data connected to Song with Id: 10 | Results: 6
2026-10-03 18:15:38 | READ | Song | Fetching data connected to Song with Id: 11 | Results: 6
2026-10-03 18:15:38 | READ | Song | Fetching data connected to Song with Id: 12 | Results: 6
2026-10-03 18:15:38 | READ | Song | Fetching data connected to Song with Id: 13 | Results: 6
2026-10-03 18:15:38 | READ | Song | Fetching data connected to Song with Id: 14 | Results: 6
2026-10-03 18:15:38 | READ | Song | Fetching data connected to Song with Id: 15 | Results: 6
2026-10-03 18:15:38 | READ | Song | Fetching data connected to Song with Id: 16 | Results: 6
2026-10-03 18:15:38 | READ | Song | Fetching data connected to Song with Id: 17 | Results: 6
2026-10-03 18:15:38 | READ | Song | Fetching data connected to Song with Id: 18 | Results: 6
2026-10-03 18:15:38 | READ | Song | Fetching data connected to Song with Id: 19 | Results: 4
2026-10-03 18:15:38 | READ | Song | Fetching data connected to Song with Id: 20 | Results: 6
2026-10-03 18:15:38 | READ | Song | Fetching data connected to Song with Id: 21 | Results: 4
2026-10-03 18:15:38 | READ | Song | Fetching data connected to Song with Id: 22 | Results: 6
2026-10-03 18:15:38 | READ | Song | Fetching data connected to Song with Id: 23 | Results: 6
2026-10-03 18:15:38 | READ | Song | Fetching data connected to Song with Id: 24 | Results: 6
2026-10-03 18:15:38 | READ | Song | Fetching data connected to Song with Id: 25 | Results: 6
2026-10-03 18:15:38 | READ | Song | Fetching data connected to Song with Id: 26 | Results: 6
2026-10-03 18:15:38 | READ | Song | Fetching data connected to Song with Id: 27 | Results: 6
2026-10-03 18:15:38 | READ | Song | Fetching data connected to Song with Id: 49 | Results: 4
2026-10-03 18:15:39 | READ | Song | Fetching all songs.
2026-10-03 18:15:39 | READ | Song | Fetching data connected to Song with Id: 1 | Results: 6
2026-10-03 18:15:39 | READ | Song | Fetching data connected to Song with Id: 2 | Results: 6
2026-10-03 18:15:39 | READ | Song | Fetching data connected to Song with Id: 3 | Results: 6
2026-10-03 18:15:39 | READ | Song | Fetching data connected to Song with Id: 4 | Results: 6
2026-10-03 18:15:39 | READ | Song | Fetching data connected to Song with Id: 5 | Results: 6
2026-10-03 18:15:39 | READ | Song | Fetching data connected to Song with Id: 6 | Results: 4
2026-10-03 18:15:39 | READ | Song | Fetching data connected to Song with Id: 7 | Results: 4
2026-10-03 18:15:39 | READ | Song | Fetching data connected to Song with Id: 8 | Results: 8
2026-10-03 18:15:39 | READ | Song | Fetching data connected to Song with Id: 9 | Results: 6
2026-10-03 18:15:39 | READ | Song | Fetching data connected to Song with Id: 10 | Results: 6
2026-10-03 18:15:39 | READ | Song | Fetching data connected to Song with Id: 11 | Results: 6
2026-10-03 18:15:39 | READ | Song | Fetching data connected to Song with Id: 12 | Results: 6
2026-10-03 18:15:39 | READ | Song | Fetching data connected to Song with Id: 13 | Results: 6
2026-10-03 18:15:39 | READ | Song | Fetching data connected to Song with Id: 14 | Results: 6
2026-10-03 18:15:39 | READ | Song | Fetching data connected to Song with Id: 15 | Results: 6
2026-10-03 18:15:39 | READ | Song | Fetching data connected to Song with Id: 16 | Results: 6
2026-10-03 18:15:39 | READ | Song | Fetching data connected to Song with Id: 17 | Results: 6
2026-10-03 18:15:39 | READ | Song | Fetching data connected to Song with Id: 18 | Results: 6
2026-10-03 18:15:39 | READ | Song | Fetching data connected to Song with Id: 19 | Results: 4
2026-10-03 18:15:39 | READ | Song | Fetching data connected to Song with Id: 20 | Results: 6
2026-10-03 18:15:39 | READ | Song | Fetching data connected to Song with Id: 21 | Results: 4
2026-10-03 18:15:39 | READ | Song | Fetching data connected to Song with Id: 22 | Results: 6
2026-10-03 18:15:39 | READ | Song | Fetching data connected to Song with Id: 23 | Results: 6
2026-10-03 18:15:39 | READ | Song | Fetching data connected to Song with Id: 24 | Results: 6
2026-10-03 18:15:39 | READ | Song | Fetching data connected to Song with Id: 25 | Results: 6
2026-10-03 18:15:39 | READ | Song | Fetching data connected to Song with Id: 26 | Results: 6
2026-10-03 18:15:39 | READ | Song | Fetching data connected to Song with Id: 27 | Results: 6
2026-10-03 18:15:39 | READ | Song | Fetching data connected to Song with Id: 49 | Results: 4
2026-10-03 18:15:39 | READ | Song | Fetching all songs.
2026-10-03 18:15:39 | READ | Song | Fetching data connected to Song with Id: 1 | Results: 6
2026-10-03 18:15:39 | READ | Song | Fetching data connected to Song with Id: 2 | Results: 6
2026-10-03 18:15:39 | READ | Song | Fetching data connected to Song with Id: 3 | Results: 6
2026-10-03 18:15:39 | READ | Song | Fetching data connected to Song with Id: 4 | Results: 6
2026-10-03 18:15:39 | READ | Song | Fetching data connected to Song with Id: 5 | Results: 6
2026-10-03 18:15:39 | READ | Song | Fetching data connected to Song with Id: 6 | Results: 4
2026-10-03 18:15:39 | READ | Song | Fetching data connected to Song with Id: 7 | Results: 4
2026-10-03 18:15:39 | READ | Song | Fetching data connected to Song with Id: 8 | Results: 8
2026-10-03 18:15:39 | READ | Song | Fetching data connected to Song with Id: 9 | Results: 6
2026-10-03 18:15:39 | READ | Song | Fetching data connected to Song with Id: 10 | Results: 6
2026-10-03 18:15:39 | READ | Song | Fetching data connected to Song with Id: 11 | Results: 6
2026-10-03 18:15:39 | READ | Song | Fetching data connected to Song with Id: 12 | Results: 6
2026-10-03 18:15:39 | READ | Song | Fetching data connected to Song with Id: 13 | Results: 6
2026-10-03 18:15:39 | READ | Song | Fetching data connected to Song with Id: 14 | Results: 6
2026-10-03 18:15:39 | READ | Song | Fetching data connected to Song with Id: 15 | Results: 6
2026-10-03 18:15:39 | READ | Song | Fetching data connected to Song with Id: 16 | Results: 6
2026-10-03 18:15:39 | READ | Song | Fetching data connected to Song with Id: 17 | Results: 6
2026-10-03 18:15:39 | READ | Song | Fetching data connected to Song with Id: 18 | Results: 6
2026-10-03 18:15:39 | READ | Song | Fetching data connected to Song with Id: 19 | Results: 4
2026-10-03 18:15:39 | READ | Song | Fetching data connected to Song with Id: 20 | Results: 6
2026-10-03 18:15:39 | READ | Song | Fetching data connected to Song with Id: 21 | Results: 4
2026-10-03 18:15:39 | READ | Song | Fetching data connected to Song with Id: 22 | Results: 6
2026-10-03 18:15:39 | READ | Song | Fetching data connected to Song with Id: 23 | Results: 6
2026-10-03 18:15:39 | READ | Song | Fetching data connected to Song with Id: 24 | Results: 6
2026-10-03 18:15:39 | READ | Song | Fetching data connected to Song with Id: 25 | Results: 6
2026-10-03 18:15:39 | READ | Song | Fetching data connected to Song with Id: 26 | Results: 6
2026-10-03 18:15:39 | READ | Song | Fetching data connected to Song with Id: 27 | Results: 6
2026-10-03 18:15:39 | READ | Song | Fetching data connected to Song with Id: 49 | Results: 4
2026-10-03 18:15:39 | READ | Song | Fetching all songs.
2026-10-03 18:15:39 | READ | Song | Fetching data connected to Song with Id: 1 | Results: 6
2026-10-03 18:15:39 | READ | Song | Fetching data connected to Song with Id: 2 | Results: 6
2026-10-03 18:15:39 | READ | Song | Fetching data connected to Song with Id: 3 | Results: 6
2026-10-03 18:15:39 | READ | Song | Fetching data connected to Song with Id: 4 | Results: 6
2026-10-03 18:15:39 | READ | Song | Fetching data connected to Song with Id: 5 | Results: 6
2026-10-03 18:15:39 | READ | Song | Fetching data connected to Song with Id: 6 | Results: 4
2026-10-03 18:15:39 | READ | Song | Fetching data connected to Song with Id: 7 | Results: 4
2026-10-03 18:15:39 | READ | Song | Fetching data connected to Song with Id: 8 | Results: 8
2026-10-03 18:15:39 | READ | Song | Fetching data connected to Song with Id: 9 | Results: 6
2026-10-03 18:15:39 | READ | Song | Fetching data connected to Song with Id: 10 | Results: 6
2026-10-03 18:15:39 | READ | Song | Fetching data connected to Song with Id: 11 | Results: 6
2026-10-03 18:15:39 | READ | Song | Fetching data connected to Song with Id: 12 | Results: 6
2026-10-03 18:15:39 | READ | Song | Fetching data connected to Song with Id: 13 | Results: 6
2026-10-03 18:15:39 | READ | Song | Fetching data connected to Song with Id: 14 | Results: 6
2026-10-03 18:15:39 | READ | Song | Fetching data connected to Song with Id: 15 | Results: 6
2026-10-03 18:15:39 | READ | Song | Fetching data connected to Song with Id: 16 | Results: 6
2026-10-03 18:15:39 | READ | Song | Fetching data connected to Song with Id: 17 | Results: 6
2026-10-03 18:15:39 | READ | Song | Fetching data connected to Song with Id: 18 | Results: 6
2026-10-03 18:15:39 | READ | Song | Fetching data connected to Song with Id: 19 | Results: 4
2026-10-03 18:15:39 | READ | Song | Fetching data connected to Song with Id: 20 | Results: 6
2026-10-03 18:15:39 | READ | Song | Fetching data connected to Song with Id: 21 | Results: 4
2026-10-03 18:15:39 | READ | Song | Fetching data connected to Song with Id: 22 | Results: 6
2026-10-03 18:15:39 | READ | Song | Fetching data connected to Song with Id: 23 | Results: 6
2026-10-03 18:15:39 | READ | Song | Fetching data connected to Song with Id: 24 | Results: 6
2026-10-03 18:15:39 | READ | Song | Fetching data connected to Song with Id: 25 | Results: 6
2026-10-03 18:15:39 | READ | Song | Fetching data connected to Song with Id: 26 | Results: 6
2026-10-03 18:15:39 | READ | Song | Fetching data connected to Song with Id: 27 | Results: 6
2026-10-03 18:15:39 | READ | Song | Fetching data connected to Song with Id: 49 | Results: 4
2026-10-03 18:15:39 | READ | Song | Fetching all songs.
2026-10-03 18:15:39 | READ | Song | Fetching data connected to Song with Id: 1 | Results: 6
2026-10-03 18:15:39 | READ | Song | Fetching data connected to Song with Id: 2 | Results: 6
2026-10-03 18:15:39 | READ | Song | Fetching data connected to Song with Id: 3 | Results: 6
2026-10-03 18:15:39 | READ | Song | Fetching data connected to Song with Id: 4 | Results: 6
2026-10-03 18:15:39 | READ | Song | Fetching data connected to Song with Id: 5 | Results: 6
2026-10-03 18:15:39 | READ | Song | Fetching data connected to Song with Id: 6 | Results: 4
2026-10-03 18:15:39 | READ | Song | Fetching data connected to Song with Id: 7 | Results: 4
2026-10-03 18:15:39 | READ | Song | Fetching data connected to Song with Id: 8 | Results: 8
2026-10-03 18:15:39 | READ | Song | Fetching data connected to Song with Id: 9 | Results: 6
2026-10-03 18:15:39 | READ | Song | Fetching data connected to Song with Id: 10 | Results: 6
2026-10-03 18:15:39 | READ | Song | Fetching data connected to Song with Id: 11 | Results: 6
2026-10-03 18:15:39 | READ | Song | Fetching data connected to Song with Id: 12 | Results: 6
2026-10-03 18:15:39 | READ | Song | Fetching data connected to Song with Id: 13 | Results: 6
2026-10-03 18:15:39 | READ | Song | Fetching data connected to Song with Id: 14 | Results: 6
2026-10-03 18:15:39 | READ | Song | Fetching data connected to Song with Id: 15 | Results: 6
2026-10-03 18:15:39 | READ | Song | Fetching data connected to Song with Id: 16 | Results: 6
2026-10-03 18:15:39 | READ | Song | Fetching data connected to Song with Id: 17 | Results: 6
2026-10-03 18:15:39 | READ | Song | Fetching data connected to Song with Id: 18 | Results: 6
2026-10-03 18:15:39 | READ | Song | Fetching data connected to Song with Id: 19 | Results: 4
2026-10-03 18:15:39 | READ | Song | Fetching data connected to Song with Id: 20 | Results: 6
2026-10-03 18:15:39 | READ | Song | Fetching data connected to Song with Id: 21 | Results: 4
2026-10-03 18:15:39 | READ | Song | Fetching data connected to Song with Id: 22 | Results: 6
2026-10-03 18:15:39 | READ | Song | Fetching data connected to Song with Id: 23 | Results: 6
2026-10-03 18:15:39 | READ | Song | Fetching data connected to Song with Id: 24 | Results: 6
2026-10-03 18:15:39 | READ | Song | Fetching data connected to Song with Id: 25 | Results: 6
2026-10-03 18:15:39 | READ | Song | Fetching data connected to Song with Id: 26 | Results: 6
2026-10-03 18:15:39 | READ | Song | Fetching data connected to Song with Id: 27 | Results: 6
2026-10-03 18:15:39 | READ | Song | Fetching data connected to Song with Id: 49 | Results: 4
2026-10-03 18:15:58 | READ | Song | Fetching all songs.
2026-10-03 18:15:58 | READ | Song | Fetching data connected to Song with Id: 1 | Results: 6
2026-10-03 18:15:58 | READ | Song | Fetching data connected to Song with Id: 2 | Results: 6
2026-10-03 18:15:58 | READ | Song | Fetching data connected to Song with Id: 3 | Results: 6
2026-10-03 18:15:58 | READ | Song | Fetching data connected to Song with Id: 4 | Results: 6
2026-10-03 18:15:58 | READ | Song | Fetching data connected to Song with Id: 5 | Results: 6
2026-10-03 18:15:58 | READ | Song | Fetching data connected to Song with Id: 6 | Results: 4
2026-10-03 18:15:58 | READ | Song | Fetching data connected to Song with Id: 7 | Results: 4
2026-10-03 18:15:58 | READ | Song | Fetching data connected to Song with Id: 8 | Results: 8
2026-10-03 18:15:58 | READ | Song | Fetching data connected to Song with Id: 9 | Results: 6
2026-10-03 18:15:58 | READ | Song | Fetching data connected to Song with Id: 10 | Results: 6
2026-10-03 18:15:58 | READ | Song | Fetching data connected to Song with Id: 11 | Results: 6
2026-10-03 18:15:58 | READ | Song | Fetching data connected to Song with Id: 12 | Results: 6
2026-10-03 18:15:58 | READ | Song | Fetching data connected to Song with Id: 13 | Results: 6
2026-10-03 18:15:58 | READ | Song | Fetching data connected to Song with Id: 14 | Results: 6
2026-10-03 18:15:58 | READ | Song | Fetching data connected to Song with Id: 15 | Results: 6
2026-10-03 18:15:58 | READ | Song | Fetching data connected to Song with Id: 16 | Results: 6
2026-10-03 18:15:58 | READ | Song | Fetching data connected to Song with Id: 17 | Results: 6
2026-10-03 18:15:58 | READ | Song | Fetching data connected to Song with Id: 18 | Results: 6
2026-10-03 18:15:58 | READ | Song | Fetching data connected to Song with Id: 19 | Results: 4
2026-10-03 18:15:58 | READ | Song | Fetching data connected to Song with Id: 20 | Results: 6
2026-10-03 18:15:58 | READ | Song | Fetching data connected to Song with Id: 21 | Results: 4
2026-10-03 18:15:58 | READ | Song | Fetching data connected to Song with Id: 22 | Results: 6
2026-10-03 18:15:58 | READ | Song | Fetching data connected to Song with Id: 23 | Results: 6
2026-10-03 18:15:58 | READ | Song | Fetching data connected to Song with Id: 24 | Results: 6
2026-10-03 18:15:58 | READ | Song | Fetching data connected to Song with Id: 25 | Results: 6
2026-10-03 18:15:58 | READ | Song | Fetching data connected to Song with Id: 26 | Results: 6
2026-10-03 18:15:58 | READ | Song | Fetching data connected to Song with Id: 27 | Results: 6
2026-10-03 18:15:58 | READ | Song | Fetching data connected to Song with Id: 49 | Results: 4
2026-10-03 18:15:58 | READ | Song | Fetching all songs.
2026-10-03 18:15:58 | READ | Song | Fetching data connected to Song with Id: 1 | Results: 6
2026-10-03 18:15:58 | READ | Song | Fetching data connected to Song with Id: 2 | Results: 6
2026-10-03 18:15:58 | READ | Song | Fetching data connected to Song with Id: 3 | Results: 6
2026-10-03 18:15:58 | READ | Song | Fetching data connected to Song with Id: 4 | Results: 6
2026-10-03 18:15:58 | READ | Song | Fetching data connected to Song with Id: 5 | Results: 6
2026-10-03 18:15:58 | READ | Song | Fetching data connected to Song with Id: 6 | Results: 4
2026-10-03 18:15:58 | READ | Song | Fetching data connected to Song with Id: 7 | Results: 4
2026-10-03 18:15:58 | READ | Song | Fetching data connected to Song with Id: 8 | Results: 8
2026-10-03 18:15:58 | READ | Song | Fetching data connected to Song with Id: 9 | Results: 6
2026-10-03 18:15:58 | READ | Song | Fetching data connected to Song with Id: 10 | Results: 6
2026-10-03 18:15:58 | READ | Song | Fetching data connected to Song with Id: 11 | Results: 6
2026-10-03 18:15:58 | READ | Song | Fetching data connected to Song with Id: 12 | Results: 6
2026-10-03 18:15:58 | READ | Song | Fetching data connected to Song with Id: 13 | Results: 6
2026-10-03 18:15:58 | READ | Song | Fetching data connected to Song with Id: 14 | Results: 6
2026-10-03 18:15:58 | READ | Song | Fetching data connected to Song with Id: 15 | Results: 6
2026-10-03 18:15:58 | READ | Song | Fetching data connected to Song with Id: 16 | Results: 6
2026-10-03 18:15:58 | READ | Song | Fetching data connected to Song with Id: 17 | Results: 6
2026-10-03 18:15:58 | READ | Song | Fetching data connected to Song with Id: 18 | Results: 6
2026-10-03 18:15:58 | READ | Song | Fetching data connected to Song with Id: 19 | Results: 4
2026-10-03 18:15:58 | READ | Song | Fetching data connected to Song with Id: 20 | Results: 6
2026-10-03 18:15:58 | READ | Song | Fetching data connected to Song with Id: 21 | Results: 4
2026-10-03 18:15:58 | READ | Song | Fetching data connected to Song with Id: 22 | Results: 6
2026-10-03 18:15:58 | READ | Song | Fetching data connected to Song with Id: 23 | Results: 6
2026-10-03 18:15:58 | READ | Song | Fetching data connected to Song with Id: 24 | Results: 6
2026-10-03 18:15:58 | READ | Song | Fetching data connected to Song with Id: 25 | Results: 6
2026-10-03 18:15:58 | READ | Song | Fetching data connected to Song with Id: 26 | Results: 6
2026-10-03 18:15:58 | READ | Song | Fetching data connected to Song with Id: 27 | Results: 6
2026-10-03 18:15:58 | READ | Song | Fetching data connected to Song with Id: 49 | Results: 4
2026-10-03 18:16:03 | READ | Song | Fetching all songs.
2026-10-03 18:16:03 | READ | Song | Fetching data connected to Song with Id: 1 | Results: 6
2026-10-03 18:16:03 | READ | Song | Fetching data connected to Song with Id: 2 | Results: 6
2026-10-03 18:16:03 | READ | Song | Fetching data connected to Song with Id: 3 | Results: 6
2026-10-03 18:16:03 | READ | Song | Fetching data connected to Song with Id: 4 | Results: 6
2026-10-03 18:16:03 | READ | Song | Fetching data connected to Song with Id: 5 | Results: 6
2026-10-03 18:16:03 | READ | Song | Fetching data connected to Song with Id: 6 | Results: 4
2026-10-03 18:16:03 | READ | Song | Fetching data connected to Song with Id: 7 | Results: 4
2026-10-03 18:16:03 | READ | Song | Fetching data connected to Song with Id: 8 | Results: 8
2026-10-03 18:16:03 | READ | Song | Fetching data connected to Song with Id: 9 | Results: 6
2026-10-03 18:16:03 | READ | Song | Fetching data connected to Song with Id: 10 | Results: 6
2026-10-03 18:16:03 | READ | Song | Fetching data connected to Song with Id: 11 | Results: 6
2026-10-03 18:16:03 | READ | Song | Fetching data connected to Song with Id: 12 | Results: 6
2026-10-03 18:16:03 | READ | Song | Fetching data connected to Song with Id: 13 | Results: 6
2026-10-03 18:16:03 | READ | Song | Fetching data connected to Song with Id: 14 | Results: 6
2026-10-03 18:16:03 | READ | Song | Fetching data connected to Song with Id: 15 | Results: 6
2026-10-03 18:16:03 | READ | Song | Fetching data connected to Song with Id: 16 | Results: 6
2026-10-03 18:16:03 | READ | Song | Fetching data connected to Song with Id: 17 | Results: 6
2026-10-03 18:16:03 | READ | Song | Fetching data connected to Song with Id: 18 | Results: 6
2026-10-03 18:16:03 | READ | Song | Fetching data connected to Song with Id: 19 | Results: 4
2026-10-03 18:16:03 | READ | Song | Fetching data connected to Song with Id: 20 | Results: 6
2026-10-03 18:16:03 | READ | Song | Fetching data connected to Song with Id: 21 | Results: 4
2026-10-03 18:16:03 | READ | Song | Fetching data connected to Song with Id: 22 | Results: 6
2026-10-03 18:16:03 | READ | Song | Fetching data connected to Song with Id: 23 | Results: 6
2026-10-03 18:16:03 | READ | Song | Fetching data connected to Song with Id: 24 | Results: 6
2026-10-03 18:16:03 | READ | Song | Fetching data connected to Song with Id: 25 | Results: 6
2026-10-03 18:16:03 | READ | Song | Fetching data connected to Song with Id: 26 | Results: 6
2026-10-03 18:16:03 | READ | Song | Fetching data connected to Song with Id: 27 | Results: 6
2026-10-03 18:16:03 | READ | Song | Fetching data connected to Song with Id: 49 | Results: 4
2026-10-03 18:16:09 | READ | Song | Fetching all songs.
2026-10-03 18:16:09 | READ | Song | Fetching data connected to Song with Id: 1 | Results: 6
2026-10-03 18:16:09 | READ | Song | Fetching data connected to Song with Id: 2 | Results: 6
2026-10-03 18:16:09 | READ | Song | Fetching data connected to Song with Id: 3 | Results: 6
2026-10-03 18:16:09 | READ | Song | Fetching data connected to Song with Id: 4 | Results: 6
2026-10-03 18:16:09 | READ | Song | Fetching data connected to Song with Id: 5 | Results: 6
2026-10-03 18:16:09 | READ | Song | Fetching data connected to Song with Id: 6 | Results: 4
2026-10-03 18:16:09 | READ | Song | Fetching data connected to Song with Id: 7 | Results: 4
2026-10-03 18:16:09 | READ | Song | Fetching data connected to Song with Id: 8 | Results: 8
2026-10-03 18:16:09 | READ | Song | Fetching data connected to Song with Id: 9 | Results: 6
2026-10-03 18:16:09 | READ | Song | Fetching data connected to Song with Id: 10 | Results: 6
2026-10-03 18:16:09 | READ | Song | Fetching data connected to Song with Id: 11 | Results: 6
2026-10-03 18:16:09 | READ | Song | Fetching data connected to Song with Id: 12 | Results: 6
2026-10-03 18:16:09 | READ | Song | Fetching data connected to Song with Id: 13 | Results: 6
2026-10-03 18:16:09 | READ | Song | Fetching data connected to Song with Id: 14 | Results: 6
2026-10-03 18:16:09 | READ | Song | Fetching data connected to Song with Id: 15 | Results: 6
2026-10-03 18:16:09 | READ | Song | Fetching data connected to Song with Id: 16 | Results: 6
2026-10-03 18:16:09 | READ | Song | Fetching data connected to Song with Id: 17 | Results: 6
2026-10-03 18:16:09 | READ | Song | Fetching data connected to Song with Id: 18 | Results: 6
2026-10-03 18:16:09 | READ | Song | Fetching data connected to Song with Id: 19 | Results: 4
2026-10-03 18:16:09 | READ | Song | Fetching data connected to Song with Id: 20 | Results: 6
2026-10-03 18:16:09 | READ | Song | Fetching data connected to Song with Id: 21 | Results: 4
2026-10-03 18:16:09 | READ | Song | Fetching data connected to Song with Id: 22 | Results: 6
2026-10-03 18:16:09 | READ | Song | Fetching data connected to Song with Id: 23 | Results: 6
2026-10-03 18:16:09 | READ | Song | Fetching data connected to Song with Id: 24 | Results: 6
2026-10-03 18:16:09 | READ | Song | Fetching data connected to Song with Id: 25 | Results: 6
2026-10-03 18:16:09 | READ | Song | Fetching data connected to Song with Id: 26 | Results: 6
2026-10-03 18:16:09 | READ | Song | Fetching data connected to Song with Id: 27 | Results: 6
2026-10-03 18:16:09 | READ | Song | Fetching data connected to Song with Id: 49 | Results: 4
2026-10-03 18:16:11 | READ | Song | Fetching all songs.
2026-10-03 18:16:11 | READ | Song | Fetching data connected to Song with Id: 1 | Results: 6
2026-10-03 18:16:11 | READ | Song | Fetching data connected to Song with Id: 2 | Results: 6
2026-10-03 18:16:11 | READ | Song | Fetching data connected to Song with Id: 3 | Results: 6
2026-10-03 18:16:11 | READ | Song | Fetching data connected to Song with Id: 4 | Results: 6
2026-10-03 18:16:11 | READ | Song | Fetching data connected to Song with Id: 5 | Results: 6
2026-10-03 18:16:11 | READ | Song | Fetching data connected to Song with Id: 6 | Results: 4
2026-10-03 18:16:11 | READ | Song | Fetching data connected to Song with Id: 7 | Results: 4
2026-10-03 18:16:11 | READ | Song | Fetching data connected to Song with Id: 8 | Results: 8
2026-10-03 18:16:11 | READ | Song | Fetching data connected to Song with Id: 9 | Results: 6
2026-10-03 18:16:11 | READ | Song | Fetching data connected to Song with Id: 10 | Results: 6
2026-10-03 18:16:11 | READ | Song | Fetching data connected to Song with Id: 11 | Results: 6
2026-10-03 18:16:11 | READ | Song | Fetching data connected to Song with Id: 12 | Results: 6
2026-10-03 18:16:11 | READ | Song | Fetching data connected to Song with Id: 13 | Results: 6
2026-10-03 18:16:11 | READ | Song | Fetching data connected to Song with Id: 14 | Results: 6
2026-10-03 18:16:11 | READ | Song | Fetching data connected to Song with Id: 15 | Results: 6
2026-10-03 18:16:11 | READ | Song | Fetching data connected to Song with Id: 16 | Results: 6
2026-10-03 18:16:11 | READ | Song | Fetching data connected to Song with Id: 17 | Results: 6
2026-10-03 18:16:11 | READ | Song | Fetching data connected to Song with Id: 18 | Results: 6
2026-10-03 18:16:11 | READ | Song | Fetching data connected to Song with Id: 19 | Results: 4
2026-10-03 18:16:11 | READ | Song | Fetching data connected to Song with Id: 20 | Results: 6
2026-10-03 18:16:11 | READ | Song | Fetching data connected to Song with Id: 21 | Results: 4
2026-10-03 18:16:11 | READ | Song | Fetching data connected to Song with Id: 22 | Results: 6
2026-10-03 18:16:11 | READ | Song | Fetching data connected to Song with Id: 23 | Results: 6
2026-10-03 18:16:11 | READ | Song | Fetching data connected to Song with Id: 24 | Results: 6
2026-10-03 18:16:11 | READ | Song | Fetching data connected to Song with Id: 25 | Results: 6
2026-10-03 18:16:11 | READ | Song | Fetching data connected to Song with Id: 26 | Results: 6
2026-10-03 18:16:11 | READ | Song | Fetching data connected to Song with Id: 27 | Results: 6
2026-10-03 18:16:11 | READ | Song | Fetching data connected to Song with Id: 49 | Results: 4
2026-10-03 18:16:15 | READ | Song | Fetching all songs.
2026-10-03 18:16:15 | READ | Song | Fetching data connected to Song with Id: 1 | Results: 6
2026-10-03 18:16:15 | READ | Song | Fetching data connected to Song with Id: 2 | Results: 6
2026-10-03 18:16:15 | READ | Song | Fetching data connected to Song with Id: 3 | Results: 6
2026-10-03 18:16:15 | READ | Song | Fetching data connected to Song with Id: 4 | Results: 6
2026-10-03 18:16:15 | READ | Song | Fetching data connected to Song with Id: 5 | Results: 6
2026-10-03 18:16:15 | READ | Song | Fetching data connected to Song with Id: 6 | Results: 4
2026-10-03 18:16:15 | READ | Song | Fetching data connected to Song with Id: 7 | Results: 4
2026-10-03 18:16:15 | READ | Song | Fetching data connected to Song with Id: 8 | Results: 8
2026-10-03 18:16:15 | READ | Song | Fetching data connected to Song with Id: 9 | Results: 6
2026-10-03 18:16:15 | READ | Song | Fetching data connected to Song with Id: 10 | Results: 6
2026-10-03 18:16:15 | READ | Song | Fetching data connected to Song with Id: 11 | Results: 6
2026-10-03 18:16:15 | READ | Song | Fetching data connected to Song with Id: 12 | Results: 6
2026-10-03 18:16:15 | READ | Song | Fetching data connected to Song with Id: 13 | Results: 6
2026-10-03 18:16:15 | READ | Song | Fetching data connected to Song with Id: 14 | Results: 6
2026-10-03 18:16:15 | READ | Song | Fetching data connected to Song with Id: 15 | Results: 6
2026-10-03 18:16:15 | READ | Song | Fetching data connected to Song with Id: 16 | Results: 6
2026-10-03 18:16:15 | READ | Song | Fetching data connected to Song with Id: 17 | Results: 6
2026-10-03 18:16:15 | READ | Song | Fetching data connected to Song with Id: 18 | Results: 6
2026-10-03 18:16:15 | READ | Song | Fetching data connected to Song with Id: 19 | Results: 4
2026-10-03 18:16:15 | READ | Song | Fetching data connected to Song with Id: 20 | Results: 6
2026-10-03 18:16:15 | READ | Song | Fetching data connected to Song with Id: 21 | Results: 4
2026-10-03 18:16:15 | READ | Song | Fetching data connected to Song with Id: 22 | Results: 6
2026-10-03 18:16:15 | READ | Song | Fetching data connected to Song with Id: 23 | Results: 6
2026-10-03 18:16:15 | READ | Song | Fetching data connected to Song with Id: 24 | Results: 6
2026-10-03 18:16:15 | READ | Song | Fetching data connected to Song with Id: 25 | Results: 6
2026-10-03 18:16:15 | READ | Song | Fetching data connected to Song with Id: 26 | Results: 6
2026-10-03 18:16:15 | READ | Song | Fetching data connected to Song with Id: 27 | Results: 6
2026-10-03 18:16:15 | READ | Song | Fetching data connected to Song with Id: 49 | Results: 4
2026-10-03 18:16:17 | READ | Song | Fetching all songs.
2026-10-03 18:16:17 | READ | Song | Fetching data connected to Song with Id: 1 | Results: 6
2026-10-03 18:16:17 | READ | Song | Fetching data connected to Song with Id: 2 | Results: 6
2026-10-03 18:16:17 | READ | Song | Fetching data connected to Song with Id: 3 | Results: 6
2026-10-03 18:16:17 | READ | Song | Fetching data connected to Song with Id: 4 | Results: 6
2026-10-03 18:16:17 | READ | Song | Fetching data connected to Song with Id: 5 | Results: 6
2026-10-03 18:16:17 | READ | Song | Fetching data connected to Song with Id: 6 | Results: 4
2026-10-03 18:16:17 | READ | Song | Fetching data connected to Song with Id: 7 | Results: 4
2026-10-03 18:16:17 | READ | Song | Fetching data connected to Song with Id: 8 | Results: 8
2026-10-03 18:16:17 | READ | Song | Fetching data connected to Song with Id: 9 | Results: 6
2026-10-03 18:16:17 | READ | Song | Fetching data connected to Song with Id: 10 | Results: 6
2026-10-03 18:16:17 | READ | Song | Fetching data connected to Song with Id: 11 | Results: 6
2026-10-03 18:16:17 | READ | Song | Fetching data connected to Song with Id: 12 | Results: 6
2026-10-03 18:16:17 | READ | Song | Fetching data connected to Song with Id: 13 | Results: 6
2026-10-03 18:16:17 | READ | Song | Fetching data connected to Song with Id: 14 | Results: 6
2026-10-03 18:16:17 | READ | Song | Fetching data connected to Song with Id: 15 | Results: 6
2026-10-03 18:16:17 | READ | Song | Fetching data connected to Song with Id: 16 | Results: 6
2026-10-03 18:16:17 | READ | Song | Fetching data connected to Song with Id: 17 | Results: 6
2026-10-03 18:16:17 | READ | Song | Fetching data connected to Song with Id: 18 | Results: 6
2026-10-03 18:16:17 | READ | Song | Fetching data connected to Song with Id: 19 | Results: 4
2026-10-03 18:16:17 | READ | Song | Fetching data connected to Song with Id: 20 | Results: 6
2026-10-03 18:16:18 | READ | Song | Fetching data connected to Song with Id: 21 | Results: 4
2026-10-03 18:16:18 | READ | Song | Fetching data connected to Song with Id: 22 | Results: 6
2026-10-03 18:16:18 | READ | Song | Fetching data connected to Song with Id: 23 | Results: 6
2026-10-03 18:16:18 | READ | Song | Fetching data connected to Song with Id: 24 | Results: 6
2026-10-03 18:16:18 | READ | Song | Fetching data connected to Song with Id: 25 | Results: 6
2026-10-03 18:16:18 | READ | Song | Fetching data connected to Song with Id: 26 | Results: 6
2026-10-03 18:16:18 | READ | Song | Fetching data connected to Song with Id: 27 | Results: 6
2026-10-03 18:16:18 | READ | Song | Fetching data connected to Song with Id: 49 | Results: 4
2026-10-03 18:16:24 | READ | Song | Fetching all songs.
2026-10-03 18:16:24 | READ | Song | Fetching data connected to Song with Id: 1 | Results: 6
2026-10-03 18:16:24 | READ | Song | Fetching data connected to Song with Id: 2 | Results: 6
2026-10-03 18:16:24 | READ | Song | Fetching data connected to Song with Id: 3 | Results: 6
2026-10-03 18:16:24 | READ | Song | Fetching data connected to Song with Id: 4 | Results: 6
2026-10-03 18:16:24 | READ | Song | Fetching data connected to Song with Id: 5 | Results: 6
2026-10-03 18:16:24 | READ | Song | Fetching data connected to Song with Id: 6 | Results: 4
2026-10-03 18:16:24 | READ | Song | Fetching data connected to Song with Id: 7 | Results: 4
2026-10-03 18:16:24 | READ | Song | Fetching data connected to Song with Id: 8 | Results: 8
2026-10-03 18:16:24 | READ | Song | Fetching data connected to Song with Id: 9 | Results: 6
2026-10-03 18:16:24 | READ | Song | Fetching data connected to Song with Id: 10 | Results: 6
2026-10-03 18:16:24 | READ | Song | Fetching data connected to Song with Id: 11 | Results: 6
2026-10-03 18:16:24 | READ | Song | Fetching data connected to Song with Id: 12 | Results: 6
2026-10-03 18:16:24 | READ | Song | Fetching data connected to Song with Id: 13 | Results: 6
2026-10-03 18:16:24 | READ | Song | Fetching data connected to Song with Id: 14 | Results: 6
2026-10-03 18:16:24 | READ | Song | Fetching data connected to Song with Id: 15 | Results: 6
2026-10-03 18:16:24 | READ | Song | Fetching data connected to Song with Id: 16 | Results: 6
2026-10-03 18:16:24 | READ | Song | Fetching data connected to Song with Id: 17 | Results: 6
2026-10-03 18:16:24 | READ | Song | Fetching data connected to Song with Id: 18 | Results: 6
2026-10-03 18:16:24 | READ | Song | Fetching data connected to Song with Id: 19 | Results: 4
2026-10-03 18:16:25 | READ | Song | Fetching data connected to Song with Id: 20 | Results: 6
2026-10-03 18:16:25 | READ | Song | Fetching data connected to Song with Id: 21 | Results: 4
2026-10-03 18:16:25 | READ | Song | Fetching data connected to Song with Id: 22 | Results: 6
2026-10-03 18:16:25 | READ | Song | Fetching data connected to Song with Id: 23 | Results: 6
2026-10-03 18:16:25 | READ | Song | Fetching data connected to Song with Id: 24 | Results: 6
2026-10-03 18:16:25 | READ | Song | Fetching data connected to Song with Id: 25 | Results: 6
2026-10-03 18:16:25 | READ | Song | Fetching data connected to Song with Id: 26 | Results: 6
2026-10-03 18:16:25 | READ | Song | Fetching data connected to Song with Id: 27 | Results: 6
2026-10-03 18:16:25 | READ | Song | Fetching data connected to Song with Id: 49 | Results: 4
2026-10-03 18:18:12 | READ | Song | Fetching all songs.
2026-10-03 18:18:12 | READ | Song | Fetching data connected to Song with Id: 1 | Results: 6
2026-10-03 18:18:12 | READ | Song | Fetching data connected to Song with Id: 2 | Results: 6
2026-10-03 18:18:12 | READ | Song | Fetching data connected to Song with Id: 3 | Results: 6
2026-10-03 18:18:12 | READ | Song | Fetching data connected to Song with Id: 4 | Results: 6
2026-10-03 18:18:12 | READ | Song | Fetching data connected to Song with Id: 5 | Results: 6
2026-10-03 18:18:12 | READ | Song | Fetching data connected to Song with Id: 6 | Results: 4
2026-10-03 18:18:12 | READ | Song | Fetching data connected to Song with Id: 7 | Results: 4
2026-10-03 18:18:12 | READ | Song | Fetching data connected to Song with Id: 8 | Results: 8
2026-10-03 18:18:12 | READ | Song | Fetching data connected to Song with Id: 9 | Results: 6
2026-10-03 18:18:12 | READ | Song | Fetching data connected to Song with Id: 10 | Results: 6
2026-10-03 18:18:12 | READ | Song | Fetching data connected to Song with Id: 11 | Results: 6
2026-10-03 18:18:12 | READ | Song | Fetching data connected to Song with Id: 12 | Results: 6
2026-10-03 18:18:12 | READ | Song | Fetching data connected to Song with Id: 13 | Results: 6
2026-10-03 18:18:12 | READ | Song | Fetching data connected to Song with Id: 14 | Results: 6
2026-10-03 18:18:12 | READ | Song | Fetching data connected to Song with Id: 15 | Results: 6
2026-10-03 18:18:12 | READ | Song | Fetching data connected to Song with Id: 16 | Results: 6
2026-10-03 18:18:12 | READ | Song | Fetching data connected to Song with Id: 17 | Results: 6
2026-10-03 18:18:12 | READ | Song | Fetching data connected to Song with Id: 18 | Results: 6
2026-10-03 18:18:12 | READ | Song | Fetching data connected to Song with Id: 19 | Results: 4
2026-10-03 18:18:12 | READ | Song | Fetching data connected to Song with Id: 20 | Results: 6
2026-10-03 18:18:12 | READ | Song | Fetching data connected to Song with Id: 21 | Results: 4
2026-10-03 18:18:12 | READ | Song | Fetching data connected to Song with Id: 22 | Results: 6
2026-10-03 18:18:12 | READ | Song | Fetching data connected to Song with Id: 23 | Results: 6
2026-10-03 18:18:12 | READ | Song | Fetching data connected to Song with Id: 24 | Results: 6
2026-10-03 18:18:12 | READ | Song | Fetching data connected to Song with Id: 25 | Results: 6
2026-10-03 18:18:12 | READ | Song | Fetching data connected to Song with Id: 26 | Results: 6
2026-10-03 18:18:12 | READ | Song | Fetching data connected to Song with Id: 27 | Results: 6
2026-10-03 18:18:12 | READ | Song | Fetching data connected to Song with Id: 49 | Results: 4
2026-10-03 18:18:12 | READ | Song | Fetching all songs.
2026-10-03 18:18:12 | READ | Song | Fetching data connected to Song with Id: 1 | Results: 6
2026-10-03 18:18:12 | READ | Song | Fetching data connected to Song with Id: 2 | Results: 6
2026-10-03 18:18:12 | READ | Song | Fetching data connected to Song with Id: 3 | Results: 6
2026-10-03 18:18:12 | READ | Song | Fetching data connected to Song with Id: 4 | Results: 6
2026-10-03 18:18:12 | READ | Song | Fetching data connected to Song with Id: 5 | Results: 6
2026-10-03 18:18:12 | READ | Song | Fetching data connected to Song with Id: 6 | Results: 4
2026-10-03 18:18:12 | READ | Song | Fetching data connected to Song with Id: 7 | Results: 4
2026-10-03 18:18:12 | READ | Song | Fetching data connected to Song with Id: 8 | Results: 8
2026-10-03 18:18:12 | READ | Song | Fetching data connected to Song with Id: 9 | Results: 6
2026-10-03 18:18:12 | READ | Song | Fetching data connected to Song with Id: 10 | Results: 6
2026-10-03 18:18:12 | READ | Song | Fetching data connected to Song with Id: 11 | Results: 6
2026-10-03 18:18:12 | READ | Song | Fetching data connected to Song with Id: 12 | Results: 6
2026-10-03 18:18:12 | READ | Song | Fetching data connected to Song with Id: 13 | Results: 6
2026-10-03 18:18:12 | READ | Song | Fetching data connected to Song with Id: 14 | Results: 6
2026-10-03 18:18:12 | READ | Song | Fetching data connected to Song with Id: 15 | Results: 6
2026-10-03 18:18:12 | READ | Song | Fetching data connected to Song with Id: 16 | Results: 6
2026-10-03 18:18:12 | READ | Song | Fetching data connected to Song with Id: 17 | Results: 6
2026-10-03 18:18:12 | READ | Song | Fetching data connected to Song with Id: 18 | Results: 6
2026-10-03 18:18:12 | READ | Song | Fetching data connected to Song with Id: 19 | Results: 4
2026-10-03 18:18:12 | READ | Song | Fetching data connected to Song with Id: 20 | Results: 6
2026-10-03 18:18:12 | READ | Song | Fetching data connected to Song with Id: 21 | Results: 4
2026-10-03 18:18:12 | READ | Song | Fetching data connected to Song with Id: 22 | Results: 6
2026-10-03 18:18:12 | READ | Song | Fetching data connected to Song with Id: 23 | Results: 6
2026-10-03 18:18:12 | READ | Song | Fetching data connected to Song with Id: 24 | Results: 6
2026-10-03 18:18:12 | READ | Song | Fetching data connected to Song with Id: 25 | Results: 6
2026-10-03 18:18:12 | READ | Song | Fetching data connected to Song with Id: 26 | Results: 6
2026-10-03 18:18:12 | READ | Song | Fetching data connected to Song with Id: 27 | Results: 6
2026-10-03 18:18:12 | READ | Song | Fetching data connected to Song with Id: 49 | Results: 4
2026-10-03 18:18:14 | READ | Song | Fetching all songs.
2026-10-03 18:18:14 | READ | Song | Fetching data connected to Song with Id: 1 | Results: 6
2026-10-03 18:18:14 | READ | Song | Fetching data connected to Song with Id: 2 | Results: 6
2026-10-03 18:18:14 | READ | Song | Fetching data connected to Song with Id: 3 | Results: 6
2026-10-03 18:18:14 | READ | Song | Fetching data connected to Song with Id: 4 | Results: 6
2026-10-03 18:18:14 | READ | Song | Fetching data connected to Song with Id: 5 | Results: 6
2026-10-03 18:18:14 | READ | Song | Fetching data connected to Song with Id: 6 | Results: 4
2026-10-03 18:18:14 | READ | Song | Fetching data connected to Song with Id: 7 | Results: 4
2026-10-03 18:18:14 | READ | Song | Fetching data connected to Song with Id: 8 | Results: 8
2026-10-03 18:18:14 | READ | Song | Fetching data connected to Song with Id: 9 | Results: 6
2026-10-03 18:18:14 | READ | Song | Fetching data connected to Song with Id: 10 | Results: 6
2026-10-03 18:18:14 | READ | Song | Fetching data connected to Song with Id: 11 | Results: 6
2026-10-03 18:18:14 | READ | Song | Fetching data connected to Song with Id: 12 | Results: 6
2026-10-03 18:18:14 | READ | Song | Fetching data connected to Song with Id: 13 | Results: 6
2026-10-03 18:18:14 | READ | Song | Fetching data connected to Song with Id: 14 | Results: 6
2026-10-03 18:18:14 | READ | Song | Fetching data connected to Song with Id: 15 | Results: 6
2026-10-03 18:18:14 | READ | Song | Fetching data connected to Song with Id: 16 | Results: 6
2026-10-03 18:18:14 | READ | Song | Fetching data connected to Song with Id: 17 | Results: 6
2026-10-03 18:18:14 | READ | Song | Fetching data connected to Song with Id: 18 | Results: 6
2026-10-03 18:18:14 | READ | Song | Fetching data connected to Song with Id: 19 | Results: 4
2026-10-03 18:18:14 | READ | Song | Fetching data connected to Song with Id: 20 | Results: 6
2026-10-03 18:18:14 | READ | Song | Fetching data connected to Song with Id: 21 | Results: 4
2026-10-03 18:18:14 | READ | Song | Fetching data connected to Song with Id: 22 | Results: 6
2026-10-03 18:18:14 | READ | Song | Fetching data connected to Song with Id: 23 | Results: 6
2026-10-03 18:18:14 | READ | Song | Fetching data connected to Song with Id: 24 | Results: 6
2026-10-03 18:18:14 | READ | Song | Fetching data connected to Song with Id: 25 | Results: 6
2026-10-03 18:18:14 | READ | Song | Fetching data connected to Song with Id: 26 | Results: 6
2026-10-03 18:18:14 | READ | Song | Fetching data connected to Song with Id: 27 | Results: 6
2026-10-03 18:18:14 | READ | Song | Fetching data connected to Song with Id: 49 | Results: 4
2026-10-03 18:18:15 | READ | Song | Fetching all songs.
2026-10-03 18:18:15 | READ | Song | Fetching data connected to Song with Id: 1 | Results: 6
2026-10-03 18:18:15 | READ | Song | Fetching data connected to Song with Id: 2 | Results: 6
2026-10-03 18:18:15 | READ | Song | Fetching data connected to Song with Id: 3 | Results: 6
2026-10-03 18:18:15 | READ | Song | Fetching data connected to Song with Id: 4 | Results: 6
2026-10-03 18:18:15 | READ | Song | Fetching data connected to Song with Id: 5 | Results: 6
2026-10-03 18:18:15 | READ | Song | Fetching data connected to Song with Id: 6 | Results: 4
2026-10-03 18:18:15 | READ | Song | Fetching data connected to Song with Id: 7 | Results: 4
2026-10-03 18:18:15 | READ | Song | Fetching data connected to Song with Id: 8 | Results: 8
2026-10-03 18:18:15 | READ | Song | Fetching data connected to Song with Id: 9 | Results: 6
2026-10-03 18:18:15 | READ | Song | Fetching data connected to Song with Id: 10 | Results: 6
2026-10-03 18:18:15 | READ | Song | Fetching data connected to Song with Id: 11 | Results: 6
2026-10-03 18:18:15 | READ | Song | Fetching data connected to Song with Id: 12 | Results: 6
2026-10-03 18:18:15 | READ | Song | Fetching data connected to Song with Id: 13 | Results: 6
2026-10-03 18:18:15 | READ | Song | Fetching data connected to Song with Id: 14 | Results: 6
2026-10-03 18:18:15 | READ | Song | Fetching data connected to Song with Id: 15 | Results: 6
2026-10-03 18:18:15 | READ | Song | Fetching data connected to Song with Id: 16 | Results: 6
2026-10-03 18:18:15 | READ | Song | Fetching data connected to Song with Id: 17 | Results: 6
2026-10-03 18:18:15 | READ | Song | Fetching data connected to Song with Id: 18 | Results: 6
2026-10-03 18:18:15 | READ | Song | Fetching data connected to Song with Id: 19 | Results: 4
2026-10-03 18:18:15 | READ | Song | Fetching data connected to Song with Id: 20 | Results: 6
2026-10-03 18:18:15 | READ | Song | Fetching data connected to Song with Id: 21 | Results: 4
2026-10-03 18:18:15 | READ | Song | Fetching data connected to Song with Id: 22 | Results: 6
2026-10-03 18:18:15 | READ | Song | Fetching data connected to Song with Id: 23 | Results: 6
2026-10-03 18:18:15 | READ | Song | Fetching data connected to Song with Id: 24 | Results: 6
2026-10-03 18:18:15 | READ | Song | Fetching data connected to Song with Id: 25 | Results: 6
2026-10-03 18:18:15 | READ | Song | Fetching data connected to Song with Id: 26 | Results: 6
2026-10-03 18:18:15 | READ | Song | Fetching data connected to Song with Id: 27 | Results: 6
2026-10-03 18:18:15 | READ | Song | Fetching data connected to Song with Id: 49 | Results: 4
2026-10-03 18:18:16 | READ | Song | Fetching all songs.
2026-10-03 18:18:16 | READ | Song | Fetching data connected to Song with Id: 1 | Results: 6
2026-10-03 18:18:16 | READ | Song | Fetching data connected to Song with Id: 2 | Results: 6
2026-10-03 18:18:16 | READ | Song | Fetching data connected to Song with Id: 3 | Results: 6
2026-10-03 18:18:16 | READ | Song | Fetching data connected to Song with Id: 4 | Results: 6
2026-10-03 18:18:16 | READ | Song | Fetching data connected to Song with Id: 5 | Results: 6
2026-10-03 18:18:16 | READ | Song | Fetching data connected to Song with Id: 6 | Results: 4
2026-10-03 18:18:16 | READ | Song | Fetching data connected to Song with Id: 7 | Results: 4
2026-10-03 18:18:16 | READ | Song | Fetching data connected to Song with Id: 8 | Results: 8
2026-10-03 18:18:16 | READ | Song | Fetching data connected to Song with Id: 9 | Results: 6
2026-10-03 18:18:16 | READ | Song | Fetching data connected to Song with Id: 10 | Results: 6
2026-10-03 18:18:16 | READ | Song | Fetching data connected to Song with Id: 11 | Results: 6
2026-10-03 18:18:16 | READ | Song | Fetching data connected to Song with Id: 12 | Results: 6
2026-10-03 18:18:16 | READ | Song | Fetching data connected to Song with Id: 13 | Results: 6
2026-10-03 18:18:16 | READ | Song | Fetching data connected to Song with Id: 14 | Results: 6
2026-10-03 18:18:16 | READ | Song | Fetching data connected to Song with Id: 15 | Results: 6
2026-10-03 18:18:16 | READ | Song | Fetching data connected to Song with Id: 16 | Results: 6
2026-10-03 18:18:16 | READ | Song | Fetching data connected to Song with Id: 17 | Results: 6
2026-10-03 18:18:16 | READ | Song | Fetching data connected to Song with Id: 18 | Results: 6
2026-10-03 18:18:16 | READ | Song | Fetching data connected to Song with Id: 19 | Results: 4
2026-10-03 18:18:16 | READ | Song | Fetching data connected to Song with Id: 20 | Results: 6
2026-10-03 18:18:16 | READ | Song | Fetching data connected to Song with Id: 21 | Results: 4
2026-10-03 18:18:16 | READ | Song | Fetching data connected to Song with Id: 22 | Results: 6
2026-10-03 18:18:16 | READ | Song | Fetching data connected to Song with Id: 23 | Results: 6
2026-10-03 18:18:16 | READ | Song | Fetching data connected to Song with Id: 24 | Results: 6
2026-10-03 18:18:16 | READ | Song | Fetching data connected to Song with Id: 25 | Results: 6
2026-10-03 18:18:16 | READ | Song | Fetching data connected to Song with Id: 26 | Results: 6
2026-10-03 18:18:16 | READ | Song | Fetching data connected to Song with Id: 27 | Results: 6
2026-10-03 18:18:16 | READ | Song | Fetching data connected to Song with Id: 49 | Results: 4
2026-10-03 18:18:17 | READ | Song | Fetching all songs.
2026-10-03 18:18:17 | READ | Song | Fetching data connected to Song with Id: 1 | Results: 6
2026-10-03 18:18:17 | READ | Song | Fetching data connected to Song with Id: 2 | Results: 6
2026-10-03 18:18:17 | READ | Song | Fetching data connected to Song with Id: 3 | Results: 6
2026-10-03 18:18:17 | READ | Song | Fetching data connected to Song with Id: 4 | Results: 6
2026-10-03 18:18:17 | READ | Song | Fetching data connected to Song with Id: 5 | Results: 6
2026-10-03 18:18:17 | READ | Song | Fetching data connected to Song with Id: 6 | Results: 4
2026-10-03 18:18:17 | READ | Song | Fetching data connected to Song with Id: 7 | Results: 4
2026-10-03 18:18:17 | READ | Song | Fetching data connected to Song with Id: 8 | Results: 8
2026-10-03 18:18:17 | READ | Song | Fetching data connected to Song with Id: 9 | Results: 6
2026-10-03 18:18:17 | READ | Song | Fetching data connected to Song with Id: 10 | Results: 6
2026-10-03 18:18:17 | READ | Song | Fetching data connected to Song with Id: 11 | Results: 6
2026-10-03 18:18:17 | READ | Song | Fetching data connected to Song with Id: 12 | Results: 6
2026-10-03 18:18:17 | READ | Song | Fetching data connected to Song with Id: 13 | Results: 6
2026-10-03 18:18:17 | READ | Song | Fetching data connected to Song with Id: 14 | Results: 6
2026-10-03 18:18:17 | READ | Song | Fetching data connected to Song with Id: 15 | Results: 6
2026-10-03 18:18:17 | READ | Song | Fetching data connected to Song with Id: 16 | Results: 6
2026-10-03 18:18:17 | READ | Song | Fetching data connected to Song with Id: 17 | Results: 6
2026-10-03 18:18:17 | READ | Song | Fetching data connected to Song with Id: 18 | Results: 6
2026-10-03 18:18:17 | READ | Song | Fetching data connected to Song with Id: 19 | Results: 4
2026-10-03 18:18:17 | READ | Song | Fetching data connected to Song with Id: 20 | Results: 6
2026-10-03 18:18:17 | READ | Song | Fetching data connected to Song with Id: 21 | Results: 4
2026-10-03 18:18:17 | READ | Song | Fetching data connected to Song with Id: 22 | Results: 6
2026-10-03 18:18:17 | READ | Song | Fetching data connected to Song with Id: 23 | Results: 6
2026-10-03 18:18:17 | READ | Song | Fetching data connected to Song with Id: 24 | Results: 6
2026-10-03 18:18:17 | READ | Song | Fetching data connected to Song with Id: 25 | Results: 6
2026-10-03 18:18:17 | READ | Song | Fetching data connected to Song with Id: 26 | Results: 6
2026-10-03 18:18:17 | READ | Song | Fetching data connected to Song with Id: 27 | Results: 6
2026-10-03 18:18:17 | READ | Song | Fetching data connected to Song with Id: 49 | Results: 4
2026-10-03 18:18:32 | READ | Song | Fetching all songs.
2026-10-03 18:18:32 | READ | Song | Fetching data connected to Song with Id: 1 | Results: 6
2026-10-03 18:18:32 | READ | Song | Fetching data connected to Song with Id: 2 | Results: 6
2026-10-03 18:18:32 | READ | Song | Fetching data connected to Song with Id: 3 | Results: 6
2026-10-03 18:18:32 | READ | Song | Fetching data connected to Song with Id: 4 | Results: 6
2026-10-03 18:18:32 | READ | Song | Fetching data connected to Song with Id: 5 | Results: 6
2026-10-03 18:18:32 | READ | Song | Fetching data connected to Song with Id: 6 | Results: 4
2026-10-03 18:18:32 | READ | Song | Fetching data connected to Song with Id: 7 | Results: 4
2026-10-03 18:18:32 | READ | Song | Fetching data connected to Song with Id: 8 | Results: 8
2026-10-03 18:18:32 | READ | Song | Fetching data connected to Song with Id: 9 | Results: 6
2026-10-03 18:18:32 | READ | Song | Fetching data connected to Song with Id: 10 | Results: 6
2026-10-03 18:18:32 | READ | Song | Fetching data connected to Song with Id: 11 | Results: 6
2026-10-03 18:18:32 | READ | Song | Fetching data connected to Song with Id: 12 | Results: 6
2026-10-03 18:18:32 | READ | Song | Fetching data connected to Song with Id: 13 | Results: 6
2026-10-03 18:18:32 | READ | Song | Fetching data connected to Song with Id: 14 | Results: 6
2026-10-03 18:18:32 | READ | Song | Fetching data connected to Song with Id: 15 | Results: 6
2026-10-03 18:18:32 | READ | Song | Fetching data connected to Song with Id: 16 | Results: 6
2026-10-03 18:18:32 | READ | Song | Fetching data connected to Song with Id: 17 | Results: 6
2026-10-03 18:18:32 | READ | Song | Fetching data connected to Song with Id: 18 | Results: 6
2026-10-03 18:18:32 | READ | Song | Fetching data connected to Song with Id: 19 | Results: 4
2026-10-03 18:18:32 | READ | Song | Fetching data connected to Song with Id: 20 | Results: 6
2026-10-03 18:18:32 | READ | Song | Fetching data connected to Song with Id: 21 | Results: 4
2026-10-03 18:18:32 | READ | Song | Fetching data connected to Song with Id: 22 | Results: 6
2026-10-03 18:18:32 | READ | Song | Fetching data connected to Song with Id: 23 | Results: 6
2026-10-03 18:18:32 | READ | Song | Fetching data connected to Song with Id: 24 | Results: 6
2026-10-03 18:18:32 | READ | Song | Fetching data connected to Song with Id: 25 | Results: 6
2026-10-03 18:18:32 | READ | Song | Fetching data connected to Song with Id: 26 | Results: 6
2026-10-03 18:18:32 | READ | Song | Fetching data connected to Song with Id: 27 | Results: 6
2026-10-03 18:18:32 | READ | Song | Fetching data connected to Song with Id: 49 | Results: 4
2026-10-03 18:18:32 | READ | Song | Fetching all songs.
2026-10-03 18:18:32 | READ | Song | Fetching data connected to Song with Id: 1 | Results: 6
2026-10-03 18:18:32 | READ | Song | Fetching data connected to Song with Id: 2 | Results: 6
2026-10-03 18:18:32 | READ | Song | Fetching data connected to Song with Id: 3 | Results: 6
2026-10-03 18:18:32 | READ | Song | Fetching data connected to Song with Id: 4 | Results: 6
2026-10-03 18:18:32 | READ | Song | Fetching data connected to Song with Id: 5 | Results: 6
2026-10-03 18:18:32 | READ | Song | Fetching data connected to Song with Id: 6 | Results: 4
2026-10-03 18:18:32 | READ | Song | Fetching data connected to Song with Id: 7 | Results: 4
2026-10-03 18:18:32 | READ | Song | Fetching data connected to Song with Id: 8 | Results: 8
2026-10-03 18:18:32 | READ | Song | Fetching data connected to Song with Id: 9 | Results: 6
2026-10-03 18:18:32 | READ | Song | Fetching data connected to Song with Id: 10 | Results: 6
2026-10-03 18:18:32 | READ | Song | Fetching data connected to Song with Id: 11 | Results: 6
2026-10-03 18:18:33 | READ | Song | Fetching data connected to Song with Id: 12 | Results: 6
2026-10-03 18:18:33 | READ | Song | Fetching data connected to Song with Id: 13 | Results: 6
2026-10-03 18:18:33 | READ | Song | Fetching data connected to Song with Id: 14 | Results: 6
2026-10-03 18:18:33 | READ | Song | Fetching data connected to Song with Id: 15 | Results: 6
2026-10-03 18:18:33 | READ | Song | Fetching data connected to Song with Id: 16 | Results: 6
2026-10-03 18:18:33 | READ | Song | Fetching data connected to Song with Id: 17 | Results: 6
2026-10-03 18:18:33 | READ | Song | Fetching data connected to Song with Id: 18 | Results: 6
2026-10-03 18:18:33 | READ | Song | Fetching data connected to Song with Id: 19 | Results: 4
2026-10-03 18:18:33 | READ | Song | Fetching data connected to Song with Id: 20 | Results: 6
2026-10-03 18:18:33 | READ | Song | Fetching data connected to Song with Id: 21 | Results: 4
2026-10-03 18:18:33 | READ | Song | Fetching data connected to Song with Id: 22 | Results: 6
2026-10-03 18:18:33 | READ | Song | Fetching data connected to Song with Id: 23 | Results: 6
2026-10-03 18:18:33 | READ | Song | Fetching data connected to Song with Id: 24 | Results: 6
2026-10-03 18:18:33 | READ | Song | Fetching data connected to Song with Id: 25 | Results: 6
2026-10-03 18:18:33 | READ | Song | Fetching data connected to Song with Id: 26 | Results: 6
2026-10-03 18:18:33 | READ | Song | Fetching data connected to Song with Id: 27 | Results: 6
2026-10-03 18:18:33 | READ | Song | Fetching data connected to Song with Id: 49 | Results: 4
2026-10-03 18:18:34 | READ | Song | Fetching all songs.
2026-10-03 18:18:34 | READ | Song | Fetching data connected to Song with Id: 1 | Results: 6
2026-10-03 18:18:34 | READ | Song | Fetching data connected to Song with Id: 2 | Results: 6
2026-10-03 18:18:34 | READ | Song | Fetching data connected to Song with Id: 3 | Results: 6
2026-10-03 18:18:34 | READ | Song | Fetching data connected to Song with Id: 4 | Results: 6
2026-10-03 18:18:34 | READ | Song | Fetching data connected to Song with Id: 5 | Results: 6
2026-10-03 18:18:34 | READ | Song | Fetching data connected to Song with Id: 6 | Results: 4
2026-10-03 18:18:34 | READ | Song | Fetching data connected to Song with Id: 7 | Results: 4
2026-10-03 18:18:34 | READ | Song | Fetching data connected to Song with Id: 8 | Results: 8
2026-10-03 18:18:34 | READ | Song | Fetching data connected to Song with Id: 9 | Results: 6
2026-10-03 18:18:34 | READ | Song | Fetching data connected to Song with Id: 10 | Results: 6
2026-10-03 18:18:34 | READ | Song | Fetching data connected to Song with Id: 11 | Results: 6
2026-10-03 18:18:34 | READ | Song | Fetching data connected to Song with Id: 12 | Results: 6
2026-10-03 18:18:34 | READ | Song | Fetching data connected to Song with Id: 13 | Results: 6
2026-10-03 18:18:34 | READ | Song | Fetching data connected to Song with Id: 14 | Results: 6
2026-10-03 18:18:34 | READ | Song | Fetching data connected to Song with Id: 15 | Results: 6
2026-10-03 18:18:34 | READ | Song | Fetching data connected to Song with Id: 16 | Results: 6
2026-10-03 18:18:34 | READ | Song | Fetching data connected to Song with Id: 17 | Results: 6
2026-10-03 18:18:34 | READ | Song | Fetching data connected to Song with Id: 18 | Results: 6
2026-10-03 18:18:34 | READ | Song | Fetching data connected to Song with Id: 19 | Results: 4
2026-10-03 18:18:34 | READ | Song | Fetching data connected to Song with Id: 20 | Results: 6
2026-10-03 18:18:34 | READ | Song | Fetching data connected to Song with Id: 21 | Results: 4
2026-10-03 18:18:34 | READ | Song | Fetching data connected to Song with Id: 22 | Results: 6
2026-10-03 18:18:34 | READ | Song | Fetching data connected to Song with Id: 23 | Results: 6
2026-10-03 18:18:34 | READ | Song | Fetching data connected to Song with Id: 24 | Results: 6
2026-10-03 18:18:34 | READ | Song | Fetching data connected to Song with Id: 25 | Results: 6
2026-10-03 18:18:34 | READ | Song | Fetching data connected to Song with Id: 26 | Results: 6
2026-10-03 18:18:34 | READ | Song | Fetching data connected to Song with Id: 27 | Results: 6
2026-10-03 18:18:34 | READ | Song | Fetching data connected to Song with Id: 49 | Results: 4
2026-10-03 18:18:35 | READ | Song | Fetching all songs.
2026-10-03 18:18:35 | READ | Song | Fetching data connected to Song with Id: 1 | Results: 6
2026-10-03 18:18:35 | READ | Song | Fetching data connected to Song with Id: 2 | Results: 6
2026-10-03 18:18:35 | READ | Song | Fetching data connected to Song with Id: 3 | Results: 6
2026-10-03 18:18:35 | READ | Song | Fetching data connected to Song with Id: 4 | Results: 6
2026-10-03 18:18:35 | READ | Song | Fetching data connected to Song with Id: 5 | Results: 6
2026-10-03 18:18:35 | READ | Song | Fetching data connected to Song with Id: 6 | Results: 4
2026-10-03 18:18:35 | READ | Song | Fetching data connected to Song with Id: 7 | Results: 4
2026-10-03 18:18:35 | READ | Song | Fetching data connected to Song with Id: 8 | Results: 8
2026-10-03 18:18:35 | READ | Song | Fetching data connected to Song with Id: 9 | Results: 6
2026-10-03 18:18:35 | READ | Song | Fetching data connected to Song with Id: 10 | Results: 6
2026-10-03 18:18:35 | READ | Song | Fetching data connected to Song with Id: 11 | Results: 6
2026-10-03 18:18:35 | READ | Song | Fetching data connected to Song with Id: 12 | Results: 6
2026-10-03 18:18:35 | READ | Song | Fetching data connected to Song with Id: 13 | Results: 6
2026-10-03 18:18:35 | READ | Song | Fetching data connected to Song with Id: 14 | Results: 6
2026-10-03 18:18:35 | READ | Song | Fetching data connected to Song with Id: 15 | Results: 6
2026-10-03 18:18:35 | READ | Song | Fetching data connected to Song with Id: 16 | Results: 6
2026-10-03 18:18:35 | READ | Song | Fetching data connected to Song with Id: 17 | Results: 6
2026-10-03 18:18:35 | READ | Song | Fetching data connected to Song with Id: 18 | Results: 6
2026-10-03 18:18:35 | READ | Song | Fetching data connected to Song with Id: 19 | Results: 4
2026-10-03 18:18:35 | READ | Song | Fetching data connected to Song with Id: 20 | Results: 6
2026-10-03 18:18:35 | READ | Song | Fetching data connected to Song with Id: 21 | Results: 4
2026-10-03 18:18:35 | READ | Song | Fetching data connected to Song with Id: 22 | Results: 6
2026-10-03 18:18:35 | READ | Song | Fetching data connected to Song with Id: 23 | Results: 6
2026-10-03 18:18:35 | READ | Song | Fetching data connected to Song with Id: 24 | Results: 6
2026-10-03 18:18:35 | READ | Song | Fetching data connected to Song with Id: 25 | Results: 6
2026-10-03 18:18:35 | READ | Song | Fetching data connected to Song with Id: 26 | Results: 6
2026-10-03 18:18:35 | READ | Song | Fetching data connected to Song with Id: 27 | Results: 6
2026-10-03 18:18:35 | READ | Song | Fetching data connected to Song with Id: 49 | Results: 4
2026-10-03 18:18:36 | READ | Song | Fetching all songs.
2026-10-03 18:18:36 | READ | Song | Fetching data connected to Song with Id: 1 | Results: 6
2026-10-03 18:18:36 | READ | Song | Fetching data connected to Song with Id: 2 | Results: 6
2026-10-03 18:18:36 | READ | Song | Fetching data connected to Song with Id: 3 | Results: 6
2026-10-03 18:18:36 | READ | Song | Fetching data connected to Song with Id: 4 | Results: 6
2026-10-03 18:18:36 | READ | Song | Fetching data connected to Song with Id: 5 | Results: 6
2026-10-03 18:18:36 | READ | Song | Fetching data connected to Song with Id: 6 | Results: 4
2026-10-03 18:18:36 | READ | Song | Fetching data connected to Song with Id: 7 | Results: 4
2026-10-03 18:18:36 | READ | Song | Fetching data connected to Song with Id: 8 | Results: 8
2026-10-03 18:18:36 | READ | Song | Fetching data connected to Song with Id: 9 | Results: 6
2026-10-03 18:18:36 | READ | Song | Fetching data connected to Song with Id: 10 | Results: 6
2026-10-03 18:18:36 | READ | Song | Fetching data connected to Song with Id: 11 | Results: 6
2026-10-03 18:18:36 | READ | Song | Fetching data connected to Song with Id: 12 | Results: 6
2026-10-03 18:18:36 | READ | Song | Fetching data connected to Song with Id: 13 | Results: 6
2026-10-03 18:18:36 | READ | Song | Fetching data connected to Song with Id: 14 | Results: 6
2026-10-03 18:18:36 | READ | Song | Fetching data connected to Song with Id: 15 | Results: 6
2026-10-03 18:18:36 | READ | Song | Fetching data connected to Song with Id: 16 | Results: 6
2026-10-03 18:18:36 | READ | Song | Fetching data connected to Song with Id: 17 | Results: 6
2026-10-03 18:18:36 | READ | Song | Fetching data connected to Song with Id: 18 | Results: 6
2026-10-03 18:18:36 | READ | Song | Fetching data connected to Song with Id: 19 | Results: 4
2026-10-03 18:18:36 | READ | Song | Fetching data connected to Song with Id: 20 | Results: 6
2026-10-03 18:18:36 | READ | Song | Fetching data connected to Song with Id: 21 | Results: 4
2026-10-03 18:18:36 | READ | Song | Fetching data connected to Song with Id: 22 | Results: 6
2026-10-03 18:18:36 | READ | Song | Fetching data connected to Song with Id: 23 | Results: 6
2026-10-03 18:18:36 | READ | Song | Fetching data connected to Song with Id: 24 | Results: 6
2026-10-03 18:18:36 | READ | Song | Fetching data connected to Song with Id: 25 | Results: 6
2026-10-03 18:18:36 | READ | Song | Fetching data connected to Song with Id: 26 | Results: 6
2026-10-03 18:18:36 | READ | Song | Fetching data connected to Song with Id: 27 | Results: 6
2026-10-03 18:18:36 | READ | Song | Fetching data connected to Song with Id: 49 | Results: 4
2026-10-03 18:18:36 | READ | Song | Fetching all songs.
2026-10-03 18:18:36 | READ | Song | Fetching data connected to Song with Id: 1 | Results: 6
2026-10-03 18:18:36 | READ | Song | Fetching data connected to Song with Id: 2 | Results: 6
2026-10-03 18:18:36 | READ | Song | Fetching data connected to Song with Id: 3 | Results: 6
2026-10-03 18:18:36 | READ | Song | Fetching data connected to Song with Id: 4 | Results: 6
2026-10-03 18:18:36 | READ | Song | Fetching data connected to Song with Id: 5 | Results: 6
2026-10-03 18:18:36 | READ | Song | Fetching data connected to Song with Id: 6 | Results: 4
2026-10-03 18:18:36 | READ | Song | Fetching data connected to Song with Id: 7 | Results: 4
2026-10-03 18:18:36 | READ | Song | Fetching data connected to Song with Id: 8 | Results: 8
2026-10-03 18:18:36 | READ | Song | Fetching data connected to Song with Id: 9 | Results: 6
2026-10-03 18:18:36 | READ | Song | Fetching data connected to Song with Id: 10 | Results: 6
2026-10-03 18:18:36 | READ | Song | Fetching data connected to Song with Id: 11 | Results: 6
2026-10-03 18:18:36 | READ | Song | Fetching data connected to Song with Id: 12 | Results: 6
2026-10-03 18:18:36 | READ | Song | Fetching data connected to Song with Id: 13 | Results: 6
2026-10-03 18:18:36 | READ | Song | Fetching data connected to Song with Id: 14 | Results: 6
2026-10-03 18:18:36 | READ | Song | Fetching data connected to Song with Id: 15 | Results: 6
2026-10-03 18:18:36 | READ | Song | Fetching data connected to Song with Id: 16 | Results: 6
2026-10-03 18:18:36 | READ | Song | Fetching data connected to Song with Id: 17 | Results: 6
2026-10-03 18:18:36 | READ | Song | Fetching data connected to Song with Id: 18 | Results: 6
2026-10-03 18:18:36 | READ | Song | Fetching data connected to Song with Id: 19 | Results: 4
2026-10-03 18:18:36 | READ | Song | Fetching data connected to Song with Id: 20 | Results: 6
2026-10-03 18:18:36 | READ | Song | Fetching data connected to Song with Id: 21 | Results: 4
2026-10-03 18:18:36 | READ | Song | Fetching data connected to Song with Id: 22 | Results: 6
2026-10-03 18:18:36 | READ | Song | Fetching data connected to Song with Id: 23 | Results: 6
2026-10-03 18:18:36 | READ | Song | Fetching data connected to Song with Id: 24 | Results: 6
2026-10-03 18:18:36 | READ | Song | Fetching data connected to Song with Id: 25 | Results: 6
2026-10-03 18:18:36 | READ | Song | Fetching data connected to Song with Id: 26 | Results: 6
2026-10-03 18:18:36 | READ | Song | Fetching data connected to Song with Id: 27 | Results: 6
2026-10-03 18:18:36 | READ | Song | Fetching data connected to Song with Id: 49 | Results: 4
2026-10-03 18:18:36 | READ | Song | Fetching all songs.
2026-10-03 18:18:36 | READ | Song | Fetching data connected to Song with Id: 1 | Results: 6
2026-10-03 18:18:37 | READ | Song | Fetching data connected to Song with Id: 2 | Results: 6
2026-10-03 18:18:37 | READ | Song | Fetching data connected to Song with Id: 3 | Results: 6
2026-10-03 18:18:37 | READ | Song | Fetching data connected to Song with Id: 4 | Results: 6
2026-10-03 18:18:37 | READ | Song | Fetching data connected to Song with Id: 5 | Results: 6
2026-10-03 18:18:37 | READ | Song | Fetching data connected to Song with Id: 6 | Results: 4
2026-10-03 18:18:37 | READ | Song | Fetching data connected to Song with Id: 7 | Results: 4
2026-10-03 18:18:37 | READ | Song | Fetching data connected to Song with Id: 8 | Results: 8
2026-10-03 18:18:37 | READ | Song | Fetching data connected to Song with Id: 9 | Results: 6
2026-10-03 18:18:37 | READ | Song | Fetching data connected to Song with Id: 10 | Results: 6
2026-10-03 18:18:37 | READ | Song | Fetching data connected to Song with Id: 11 | Results: 6
2026-10-03 18:18:37 | READ | Song | Fetching data connected to Song with Id: 12 | Results: 6
2026-10-03 18:18:37 | READ | Song | Fetching data connected to Song with Id: 13 | Results: 6
2026-10-03 18:18:37 | READ | Song | Fetching data connected to Song with Id: 14 | Results: 6
2026-10-03 18:18:37 | READ | Song | Fetching data connected to Song with Id: 15 | Results: 6
2026-10-03 18:18:37 | READ | Song | Fetching data connected to Song with Id: 16 | Results: 6
2026-10-03 18:18:37 | READ | Song | Fetching data connected to Song with Id: 17 | Results: 6
2026-10-03 18:18:37 | READ | Song | Fetching data connected to Song with Id: 18 | Results: 6
2026-10-03 18:18:37 | READ | Song | Fetching data connected to Song with Id: 19 | Results: 4
2026-10-03 18:18:37 | READ | Song | Fetching data connected to Song with Id: 20 | Results: 6
2026-10-03 18:18:37 | READ | Song | Fetching data connected to Song with Id: 21 | Results: 4
2026-10-03 18:18:37 | READ | Song | Fetching data connected to Song with Id: 22 | Results: 6
2026-10-03 18:18:37 | READ | Song | Fetching data connected to Song with Id: 23 | Results: 6
2026-10-03 18:18:37 | READ | Song | Fetching data connected to Song with Id: 24 | Results: 6
2026-10-03 18:18:37 | READ | Song | Fetching data connected to Song with Id: 25 | Results: 6
2026-10-03 18:18:37 | READ | Song | Fetching data connected to Song with Id: 26 | Results: 6
2026-10-03 18:18:37 | READ | Song | Fetching data connected to Song with Id: 27 | Results: 6
2026-10-03 18:18:37 | READ | Song | Fetching data connected to Song with Id: 49 | Results: 4
2026-10-03 18:18:37 | READ | Song | Fetching all songs.
2026-10-03 18:18:37 | READ | Song | Fetching data connected to Song with Id: 1 | Results: 6
2026-10-03 18:18:37 | READ | Song | Fetching data connected to Song with Id: 2 | Results: 6
2026-10-03 18:18:37 | READ | Song | Fetching data connected to Song with Id: 3 | Results: 6
2026-10-03 18:18:37 | READ | Song | Fetching data connected to Song with Id: 4 | Results: 6
2026-10-03 18:18:37 | READ | Song | Fetching data connected to Song with Id: 5 | Results: 6
2026-10-03 18:18:37 | READ | Song | Fetching data connected to Song with Id: 6 | Results: 4
2026-10-03 18:18:37 | READ | Song | Fetching data connected to Song with Id: 7 | Results: 4
2026-10-03 18:18:37 | READ | Song | Fetching data connected to Song with Id: 8 | Results: 8
2026-10-03 18:18:37 | READ | Song | Fetching data connected to Song with Id: 9 | Results: 6
2026-10-03 18:18:37 | READ | Song | Fetching data connected to Song with Id: 10 | Results: 6
2026-10-03 18:18:37 | READ | Song | Fetching data connected to Song with Id: 11 | Results: 6
2026-10-03 18:18:37 | READ | Song | Fetching data connected to Song with Id: 12 | Results: 6
2026-10-03 18:18:37 | READ | Song | Fetching data connected to Song with Id: 13 | Results: 6
2026-10-03 18:18:37 | READ | Song | Fetching data connected to Song with Id: 14 | Results: 6
2026-10-03 18:18:37 | READ | Song | Fetching data connected to Song with Id: 15 | Results: 6
2026-10-03 18:18:37 | READ | Song | Fetching data connected to Song with Id: 16 | Results: 6
2026-10-03 18:18:37 | READ | Song | Fetching data connected to Song with Id: 17 | Results: 6
2026-10-03 18:18:37 | READ | Song | Fetching data connected to Song with Id: 18 | Results: 6
2026-10-03 18:18:37 | READ | Song | Fetching data connected to Song with Id: 19 | Results: 4
2026-10-03 18:18:37 | READ | Song | Fetching data connected to Song with Id: 20 | Results: 6
2026-10-03 18:18:37 | READ | Song | Fetching data connected to Song with Id: 21 | Results: 4
2026-10-03 18:18:37 | READ | Song | Fetching data connected to Song with Id: 22 | Results: 6
2026-10-03 18:18:37 | READ | Song | Fetching data connected to Song with Id: 23 | Results: 6
2026-10-03 18:18:37 | READ | Song | Fetching data connected to Song with Id: 24 | Results: 6
2026-10-03 18:18:37 | READ | Song | Fetching data connected to Song with Id: 25 | Results: 6
2026-10-03 18:18:37 | READ | Song | Fetching data connected to Song with Id: 26 | Results: 6
2026-10-03 18:18:37 | READ | Song | Fetching data connected to Song with Id: 27 | Results: 6
2026-10-03 18:18:37 | READ | Song | Fetching data connected to Song with Id: 49 | Results: 4
2026-10-03 18:18:39 | READ | Song | Fetching all songs.
2026-10-03 18:18:39 | READ | Song | Fetching data connected to Song with Id: 1 | Results: 6
2026-10-03 18:18:39 | READ | Song | Fetching data connected to Song with Id: 2 | Results: 6
2026-10-03 18:18:39 | READ | Song | Fetching data connected to Song with Id: 3 | Results: 6
2026-10-03 18:18:39 | READ | Song | Fetching data connected to Song with Id: 4 | Results: 6
2026-10-03 18:18:39 | READ | Song | Fetching data connected to Song with Id: 5 | Results: 6
2026-10-03 18:18:39 | READ | Song | Fetching data connected to Song with Id: 6 | Results: 4
2026-10-03 18:18:39 | READ | Song | Fetching data connected to Song with Id: 7 | Results: 4
2026-10-03 18:18:39 | READ | Song | Fetching data connected to Song with Id: 8 | Results: 8
2026-10-03 18:18:39 | READ | Song | Fetching data connected to Song with Id: 9 | Results: 6
2026-10-03 18:18:39 | READ | Song | Fetching data connected to Song with Id: 10 | Results: 6
2026-10-03 18:18:39 | READ | Song | Fetching data connected to Song with Id: 11 | Results: 6
2026-10-03 18:18:39 | READ | Song | Fetching data connected to Song with Id: 12 | Results: 6
2026-10-03 18:18:39 | READ | Song | Fetching data connected to Song with Id: 13 | Results: 6
2026-10-03 18:18:39 | READ | Song | Fetching data connected to Song with Id: 14 | Results: 6
2026-10-03 18:18:39 | READ | Song | Fetching data connected to Song with Id: 15 | Results: 6
2026-10-03 18:18:39 | READ | Song | Fetching data connected to Song with Id: 16 | Results: 6
2026-10-03 18:18:39 | READ | Song | Fetching data connected to Song with Id: 17 | Results: 6
2026-10-03 18:18:39 | READ | Song | Fetching data connected to Song with Id: 18 | Results: 6
2026-10-03 18:18:39 | READ | Song | Fetching data connected to Song with Id: 19 | Results: 4
2026-10-03 18:18:39 | READ | Song | Fetching data connected to Song with Id: 20 | Results: 6
2026-10-03 18:18:39 | READ | Song | Fetching data connected to Song with Id: 21 | Results: 4
2026-10-03 18:18:39 | READ | Song | Fetching data connected to Song with Id: 22 | Results: 6
2026-10-03 18:18:39 | READ | Song | Fetching data connected to Song with Id: 23 | Results: 6
2026-10-03 18:18:39 | READ | Song | Fetching data connected to Song with Id: 24 | Results: 6
2026-10-03 18:18:39 | READ | Song | Fetching data connected to Song with Id: 25 | Results: 6
2026-10-03 18:18:39 | READ | Song | Fetching data connected to Song with Id: 26 | Results: 6
2026-10-03 18:18:39 | READ | Song | Fetching data connected to Song with Id: 27 | Results: 6
2026-10-03 18:18:39 | READ | Song | Fetching data connected to Song with Id: 49 | Results: 4
2026-10-03 18:18:39 | READ | Song | Fetching all songs.
2026-10-03 18:18:39 | READ | Song | Fetching data connected to Song with Id: 1 | Results: 6
2026-10-03 18:18:39 | READ | Song | Fetching data connected to Song with Id: 2 | Results: 6
2026-10-03 18:18:39 | READ | Song | Fetching data connected to Song with Id: 3 | Results: 6
2026-10-03 18:18:39 | READ | Song | Fetching data connected to Song with Id: 4 | Results: 6
2026-10-03 18:18:39 | READ | Song | Fetching data connected to Song with Id: 5 | Results: 6
2026-10-03 18:18:39 | READ | Song | Fetching data connected to Song with Id: 6 | Results: 4
2026-10-03 18:18:39 | READ | Song | Fetching data connected to Song with Id: 7 | Results: 4
2026-10-03 18:18:39 | READ | Song | Fetching data connected to Song with Id: 8 | Results: 8
2026-10-03 18:18:39 | READ | Song | Fetching data connected to Song with Id: 9 | Results: 6
2026-10-03 18:18:39 | READ | Song | Fetching data connected to Song with Id: 10 | Results: 6
2026-10-03 18:18:39 | READ | Song | Fetching data connected to Song with Id: 11 | Results: 6
2026-10-03 18:18:39 | READ | Song | Fetching data connected to Song with Id: 12 | Results: 6
2026-10-03 18:18:39 | READ | Song | Fetching data connected to Song with Id: 13 | Results: 6
2026-10-03 18:18:39 | READ | Song | Fetching data connected to Song with Id: 14 | Results: 6
2026-10-03 18:18:39 | READ | Song | Fetching data connected to Song with Id: 15 | Results: 6
2026-10-03 18:18:39 | READ | Song | Fetching data connected to Song with Id: 16 | Results: 6
2026-10-03 18:18:39 | READ | Song | Fetching data connected to Song with Id: 17 | Results: 6
2026-10-03 18:18:39 | READ | Song | Fetching data connected to Song with Id: 18 | Results: 6
2026-10-03 18:18:39 | READ | Song | Fetching data connected to Song with Id: 19 | Results: 4
2026-10-03 18:18:39 | READ | Song | Fetching data connected to Song with Id: 20 | Results: 6
2026-10-03 18:18:39 | READ | Song | Fetching data connected to Song with Id: 21 | Results: 4
2026-10-03 18:18:39 | READ | Song | Fetching data connected to Song with Id: 22 | Results: 6
2026-10-03 18:18:39 | READ | Song | Fetching data connected to Song with Id: 23 | Results: 6
2026-10-03 18:18:39 | READ | Song | Fetching data connected to Song with Id: 24 | Results: 6
2026-10-03 18:18:39 | READ | Song | Fetching data connected to Song with Id: 25 | Results: 6
2026-10-03 18:18:39 | READ | Song | Fetching data connected to Song with Id: 26 | Results: 6
2026-10-03 18:18:39 | READ | Song | Fetching data connected to Song with Id: 27 | Results: 6
2026-10-03 18:18:39 | READ | Song | Fetching data connected to Song with Id: 49 | Results: 4
2026-10-03 18:18:39 | READ | Song | Fetching all songs.
2026-10-03 18:18:39 | READ | Song | Fetching data connected to Song with Id: 1 | Results: 6
2026-10-03 18:18:39 | READ | Song | Fetching data connected to Song with Id: 2 | Results: 6
2026-10-03 18:18:39 | READ | Song | Fetching data connected to Song with Id: 3 | Results: 6
2026-10-03 18:18:39 | READ | Song | Fetching data connected to Song with Id: 4 | Results: 6
2026-10-03 18:18:39 | READ | Song | Fetching data connected to Song with Id: 5 | Results: 6
2026-10-03 18:18:39 | READ | Song | Fetching data connected to Song with Id: 6 | Results: 4
2026-10-03 18:18:39 | READ | Song | Fetching data connected to Song with Id: 7 | Results: 4
2026-10-03 18:18:39 | READ | Song | Fetching data connected to Song with Id: 8 | Results: 8
2026-10-03 18:18:39 | READ | Song | Fetching data connected to Song with Id: 9 | Results: 6
2026-10-03 18:18:39 | READ | Song | Fetching data connected to Song with Id: 10 | Results: 6
2026-10-03 18:18:39 | READ | Song | Fetching data connected to Song with Id: 11 | Results: 6
2026-10-03 18:18:39 | READ | Song | Fetching data connected to Song with Id: 12 | Results: 6
2026-10-03 18:18:39 | READ | Song | Fetching data connected to Song with Id: 13 | Results: 6
2026-10-03 18:18:39 | READ | Song | Fetching data connected to Song with Id: 14 | Results: 6
2026-10-03 18:18:39 | READ | Song | Fetching data connected to Song with Id: 15 | Results: 6
2026-10-03 18:18:39 | READ | Song | Fetching data connected to Song with Id: 16 | Results: 6
2026-10-03 18:18:39 | READ | Song | Fetching data connected to Song with Id: 17 | Results: 6
2026-10-03 18:18:39 | READ | Song | Fetching data connected to Song with Id: 18 | Results: 6
2026-10-03 18:18:39 | READ | Song | Fetching data connected to Song with Id: 19 | Results: 4
2026-10-03 18:18:39 | READ | Song | Fetching data connected to Song with Id: 20 | Results: 6
2026-10-03 18:18:39 | READ | Song | Fetching data connected to Song with Id: 21 | Results: 4
2026-10-03 18:18:39 | READ | Song | Fetching data connected to Song with Id: 22 | Results: 6
2026-10-03 18:18:39 | READ | Song | Fetching data connected to Song with Id: 23 | Results: 6
2026-10-03 18:18:39 | READ | Song | Fetching data connected to Song with Id: 24 | Results: 6
2026-10-03 18:18:39 | READ | Song | Fetching data connected to Song with Id: 25 | Results: 6
2026-10-03 18:18:39 | READ | Song | Fetching data connected to Song with Id: 26 | Results: 6
2026-10-03 18:18:39 | READ | Song | Fetching data connected to Song with Id: 27 | Results: 6
2026-10-03 18:18:39 | READ | Song | Fetching data connected to Song with Id: 49 | Results: 4
2026-10-03 18:18:39 | READ | Song | Fetching all songs.
2026-10-03 18:18:39 | READ | Song | Fetching data connected to Song with Id: 1 | Results: 6
2026-10-03 18:18:39 | READ | Song | Fetching data connected to Song with Id: 2 | Results: 6
2026-10-03 18:18:39 | READ | Song | Fetching data connected to Song with Id: 3 | Results: 6
2026-10-03 18:18:39 | READ | Song | Fetching data connected to Song with Id: 4 | Results: 6
2026-10-03 18:18:39 | READ | Song | Fetching data connected to Song with Id: 5 | Results: 6
2026-10-03 18:18:39 | READ | Song | Fetching data connected to Song with Id: 6 | Results: 4
2026-10-03 18:18:39 | READ | Song | Fetching data connected to Song with Id: 7 | Results: 4
2026-10-03 18:18:39 | READ | Song | Fetching data connected to Song with Id: 8 | Results: 8
2026-10-03 18:18:39 | READ | Song | Fetching data connected to Song with Id: 9 | Results: 6
2026-10-03 18:18:39 | READ | Song | Fetching data connected to Song with Id: 10 | Results: 6
2026-10-03 18:18:39 | READ | Song | Fetching data connected to Song with Id: 11 | Results: 6
2026-10-03 18:18:39 | READ | Song | Fetching data connected to Song with Id: 12 | Results: 6
2026-10-03 18:18:39 | READ | Song | Fetching data connected to Song with Id: 13 | Results: 6
2026-10-03 18:18:39 | READ | Song | Fetching data connected to Song with Id: 14 | Results: 6
2026-10-03 18:18:39 | READ | Song | Fetching data connected to Song with Id: 15 | Results: 6
2026-10-03 18:18:39 | READ | Song | Fetching data connected to Song with Id: 16 | Results: 6
2026-10-03 18:18:39 | READ | Song | Fetching data connected to Song with Id: 17 | Results: 6
2026-10-03 18:18:39 | READ | Song | Fetching data connected to Song with Id: 18 | Results: 6
2026-10-03 18:18:39 | READ | Song | Fetching data connected to Song with Id: 19 | Results: 4
2026-10-03 18:18:39 | READ | Song | Fetching data connected to Song with Id: 20 | Results: 6
2026-10-03 18:18:39 | READ | Song | Fetching data connected to Song with Id: 21 | Results: 4
2026-10-03 18:18:39 | READ | Song | Fetching data connected to Song with Id: 22 | Results: 6
2026-10-03 18:18:39 | READ | Song | Fetching data connected to Song with Id: 23 | Results: 6
2026-10-03 18:18:39 | READ | Song | Fetching data connected to Song with Id: 24 | Results: 6
2026-10-03 18:18:39 | READ | Song | Fetching data connected to Song with Id: 25 | Results: 6
2026-10-03 18:18:39 | READ | Song | Fetching data connected to Song with Id: 26 | Results: 6
2026-10-03 18:18:39 | READ | Song | Fetching data connected to Song with Id: 27 | Results: 6
2026-10-03 18:18:39 | READ | Song | Fetching data connected to Song with Id: 49 | Results: 4
2026-10-03 18:18:45 | READ | Song | Fetching all songs.
2026-10-03 18:18:45 | READ | Song | Fetching data connected to Song with Id: 1 | Results: 6
2026-10-03 18:18:45 | READ | Song | Fetching data connected to Song with Id: 2 | Results: 6
2026-10-03 18:18:45 | READ | Song | Fetching data connected to Song with Id: 3 | Results: 6
2026-10-03 18:18:45 | READ | Song | Fetching data connected to Song with Id: 4 | Results: 6
2026-10-03 18:18:45 | READ | Song | Fetching data connected to Song with Id: 5 | Results: 6
2026-10-03 18:18:45 | READ | Song | Fetching data connected to Song with Id: 6 | Results: 4
2026-10-03 18:18:45 | READ | Song | Fetching data connected to Song with Id: 7 | Results: 4
2026-10-03 18:18:45 | READ | Song | Fetching data connected to Song with Id: 8 | Results: 8
2026-10-03 18:18:45 | READ | Song | Fetching data connected to Song with Id: 9 | Results: 6
2026-10-03 18:18:45 | READ | Song | Fetching data connected to Song with Id: 10 | Results: 6
2026-10-03 18:18:45 | READ | Song | Fetching data connected to Song with Id: 11 | Results: 6
2026-10-03 18:18:45 | READ | Song | Fetching data connected to Song with Id: 12 | Results: 6
2026-10-03 18:18:45 | READ | Song | Fetching data connected to Song with Id: 13 | Results: 6
2026-10-03 18:18:45 | READ | Song | Fetching data connected to Song with Id: 14 | Results: 6
2026-10-03 18:18:45 | READ | Song | Fetching data connected to Song with Id: 15 | Results: 6
2026-10-03 18:18:45 | READ | Song | Fetching data connected to Song with Id: 16 | Results: 6
2026-10-03 18:18:46 | READ | Song | Fetching data connected to Song with Id: 17 | Results: 6
2026-10-03 18:18:46 | READ | Song | Fetching data connected to Song with Id: 18 | Results: 6
2026-10-03 18:18:46 | READ | Song | Fetching data connected to Song with Id: 19 | Results: 4
2026-10-03 18:18:46 | READ | Song | Fetching data connected to Song with Id: 20 | Results: 6
2026-10-03 18:18:46 | READ | Song | Fetching data connected to Song with Id: 21 | Results: 4
2026-10-03 18:18:46 | READ | Song | Fetching data connected to Song with Id: 22 | Results: 6
2026-10-03 18:18:46 | READ | Song | Fetching data connected to Song with Id: 23 | Results: 6
2026-10-03 18:18:46 | READ | Song | Fetching data connected to Song with Id: 24 | Results: 6
2026-10-03 18:18:46 | READ | Song | Fetching data connected to Song with Id: 25 | Results: 6
2026-10-03 18:18:46 | READ | Song | Fetching data connected to Song with Id: 26 | Results: 6
2026-10-03 18:18:46 | READ | Song | Fetching data connected to Song with Id: 27 | Results: 6
2026-10-03 18:18:46 | READ | Song | Fetching data connected to Song with Id: 49 | Results: 4
2026-10-03 18:18:46 | READ | Song | Fetching all songs.
2026-10-03 18:18:46 | READ | Song | Fetching data connected to Song with Id: 1 | Results: 6
2026-10-03 18:18:46 | READ | Song | Fetching data connected to Song with Id: 2 | Results: 6
2026-10-03 18:18:46 | READ | Song | Fetching data connected to Song with Id: 3 | Results: 6
2026-10-03 18:18:46 | READ | Song | Fetching data connected to Song with Id: 4 | Results: 6
2026-10-03 18:18:46 | READ | Song | Fetching data connected to Song with Id: 5 | Results: 6
2026-10-03 18:18:46 | READ | Song | Fetching data connected to Song with Id: 6 | Results: 4
2026-10-03 18:18:46 | READ | Song | Fetching data connected to Song with Id: 7 | Results: 4
2026-10-03 18:18:46 | READ | Song | Fetching data connected to Song with Id: 8 | Results: 8
2026-10-03 18:18:46 | READ | Song | Fetching data connected to Song with Id: 9 | Results: 6
2026-10-03 18:18:46 | READ | Song | Fetching data connected to Song with Id: 10 | Results: 6
2026-10-03 18:18:46 | READ | Song | Fetching data connected to Song with Id: 11 | Results: 6
2026-10-03 18:18:46 | READ | Song | Fetching data connected to Song with Id: 12 | Results: 6
2026-10-03 18:18:46 | READ | Song | Fetching data connected to Song with Id: 13 | Results: 6
2026-10-03 18:18:46 | READ | Song | Fetching data connected to Song with Id: 14 | Results: 6
2026-10-03 18:18:46 | READ | Song | Fetching data connected to Song with Id: 15 | Results: 6
2026-10-03 18:18:46 | READ | Song | Fetching data connected to Song with Id: 16 | Results: 6
2026-10-03 18:18:46 | READ | Song | Fetching data connected to Song with Id: 17 | Results: 6
2026-10-03 18:18:46 | READ | Song | Fetching data connected to Song with Id: 18 | Results: 6
2026-10-03 18:18:46 | READ | Song | Fetching data connected to Song with Id: 19 | Results: 4
2026-10-03 18:18:46 | READ | Song | Fetching data connected to Song with Id: 20 | Results: 6
2026-10-03 18:18:46 | READ | Song | Fetching data connected to Song with Id: 21 | Results: 4
2026-10-03 18:18:46 | READ | Song | Fetching data connected to Song with Id: 22 | Results: 6
2026-10-03 18:18:46 | READ | Song | Fetching data connected to Song with Id: 23 | Results: 6
2026-10-03 18:18:46 | READ | Song | Fetching data connected to Song with Id: 24 | Results: 6
2026-10-03 18:18:46 | READ | Song | Fetching data connected to Song with Id: 25 | Results: 6
2026-10-03 18:18:46 | READ | Song | Fetching data connected to Song with Id: 26 | Results: 6
2026-10-03 18:18:46 | READ | Song | Fetching data connected to Song with Id: 27 | Results: 6
2026-10-03 18:18:46 | READ | Song | Fetching data connected to Song with Id: 49 | Results: 4
2026-10-03 18:18:46 | READ | Song | Fetching all songs.
2026-10-03 18:18:46 | READ | Song | Fetching data connected to Song with Id: 1 | Results: 6
2026-10-03 18:18:46 | READ | Song | Fetching data connected to Song with Id: 2 | Results: 6
2026-10-03 18:18:46 | READ | Song | Fetching data connected to Song with Id: 3 | Results: 6
2026-10-03 18:18:46 | READ | Song | Fetching data connected to Song with Id: 4 | Results: 6
2026-10-03 18:18:46 | READ | Song | Fetching data connected to Song with Id: 5 | Results: 6
2026-10-03 18:18:46 | READ | Song | Fetching data connected to Song with Id: 6 | Results: 4
2026-10-03 18:18:46 | READ | Song | Fetching data connected to Song with Id: 7 | Results: 4
2026-10-03 18:18:46 | READ | Song | Fetching data connected to Song with Id: 8 | Results: 8
2026-10-03 18:18:46 | READ | Song | Fetching data connected to Song with Id: 9 | Results: 6
2026-10-03 18:18:46 | READ | Song | Fetching data connected to Song with Id: 10 | Results: 6
2026-10-03 18:18:46 | READ | Song | Fetching data connected to Song with Id: 11 | Results: 6
2026-10-03 18:18:46 | READ | Song | Fetching data connected to Song with Id: 12 | Results: 6
2026-10-03 18:18:46 | READ | Song | Fetching data connected to Song with Id: 13 | Results: 6
2026-10-03 18:18:46 | READ | Song | Fetching data connected to Song with Id: 14 | Results: 6
2026-10-03 18:18:46 | READ | Song | Fetching data connected to Song with Id: 15 | Results: 6
2026-10-03 18:18:46 | READ | Song | Fetching data connected to Song with Id: 16 | Results: 6
2026-10-03 18:18:46 | READ | Song | Fetching data connected to Song with Id: 17 | Results: 6
2026-10-03 18:18:46 | READ | Song | Fetching data connected to Song with Id: 18 | Results: 6
2026-10-03 18:18:46 | READ | Song | Fetching data connected to Song with Id: 19 | Results: 4
2026-10-03 18:18:46 | READ | Song | Fetching data connected to Song with Id: 20 | Results: 6
2026-10-03 18:18:46 | READ | Song | Fetching data connected to Song with Id: 21 | Results: 4
2026-10-03 18:18:46 | READ | Song | Fetching data connected to Song with Id: 22 | Results: 6
2026-10-03 18:18:46 | READ | Song | Fetching data connected to Song with Id: 23 | Results: 6
2026-10-03 18:18:46 | READ | Song | Fetching data connected to Song with Id: 24 | Results: 6
2026-10-03 18:18:46 | READ | Song | Fetching data connected to Song with Id: 25 | Results: 6
2026-10-03 18:18:46 | READ | Song | Fetching data connected to Song with Id: 26 | Results: 6
2026-10-03 18:18:46 | READ | Song | Fetching data connected to Song with Id: 27 | Results: 6
2026-10-03 18:18:46 | READ | Song | Fetching data connected to Song with Id: 49 | Results: 4
2026-10-03 18:18:49 | READ | Song | Fetching all songs.
2026-10-03 18:18:49 | READ | Song | Fetching data connected to Song with Id: 1 | Results: 6
2026-10-03 18:18:49 | READ | Song | Fetching data connected to Song with Id: 2 | Results: 6
2026-10-03 18:18:49 | READ | Song | Fetching data connected to Song with Id: 3 | Results: 6
2026-10-03 18:18:49 | READ | Song | Fetching data connected to Song with Id: 4 | Results: 6
2026-10-03 18:18:49 | READ | Song | Fetching data connected to Song with Id: 5 | Results: 6
2026-10-03 18:18:49 | READ | Song | Fetching data connected to Song with Id: 6 | Results: 4
2026-10-03 18:18:49 | READ | Song | Fetching data connected to Song with Id: 7 | Results: 4
2026-10-03 18:18:49 | READ | Song | Fetching data connected to Song with Id: 8 | Results: 8
2026-10-03 18:18:49 | READ | Song | Fetching data connected to Song with Id: 9 | Results: 6
2026-10-03 18:18:49 | READ | Song | Fetching data connected to Song with Id: 10 | Results: 6
2026-10-03 18:18:49 | READ | Song | Fetching data connected to Song with Id: 11 | Results: 6
2026-10-03 18:18:49 | READ | Song | Fetching data connected to Song with Id: 12 | Results: 6
2026-10-03 18:18:49 | READ | Song | Fetching data connected to Song with Id: 13 | Results: 6
2026-10-03 18:18:49 | READ | Song | Fetching data connected to Song with Id: 14 | Results: 6
2026-10-03 18:18:49 | READ | Song | Fetching data connected to Song with Id: 15 | Results: 6
2026-10-03 18:18:49 | READ | Song | Fetching data connected to Song with Id: 16 | Results: 6
2026-10-03 18:18:49 | READ | Song | Fetching data connected to Song with Id: 17 | Results: 6
2026-10-03 18:18:49 | READ | Song | Fetching data connected to Song with Id: 18 | Results: 6
2026-10-03 18:18:49 | READ | Song | Fetching data connected to Song with Id: 19 | Results: 4
2026-10-03 18:18:49 | READ | Song | Fetching data connected to Song with Id: 20 | Results: 6
2026-10-03 18:18:49 | READ | Song | Fetching data connected to Song with Id: 21 | Results: 4
2026-10-03 18:18:49 | READ | Song | Fetching data connected to Song with Id: 22 | Results: 6
2026-10-03 18:18:49 | READ | Song | Fetching data connected to Song with Id: 23 | Results: 6
2026-10-03 18:18:49 | READ | Song | Fetching data connected to Song with Id: 24 | Results: 6
2026-10-03 18:18:49 | READ | Song | Fetching data connected to Song with Id: 25 | Results: 6
2026-10-03 18:18:49 | READ | Song | Fetching data connected to Song with Id: 26 | Results: 6
2026-10-03 18:18:49 | READ | Song | Fetching data connected to Song with Id: 27 | Results: 6
2026-10-03 18:18:49 | READ | Song | Fetching data connected to Song with Id: 49 | Results: 4
2026-10-03 18:18:51 | READ | Song | Fetching all songs.
2026-10-03 18:18:51 | READ | Song | Fetching data connected to Song with Id: 1 | Results: 6
2026-10-03 18:18:51 | READ | Song | Fetching data connected to Song with Id: 2 | Results: 6
2026-10-03 18:18:51 | READ | Song | Fetching data connected to Song with Id: 3 | Results: 6
2026-10-03 18:18:51 | READ | Song | Fetching data connected to Song with Id: 4 | Results: 6
2026-10-03 18:18:51 | READ | Song | Fetching data connected to Song with Id: 5 | Results: 6
2026-10-03 18:18:51 | READ | Song | Fetching data connected to Song with Id: 6 | Results: 4
2026-10-03 18:18:51 | READ | Song | Fetching data connected to Song with Id: 7 | Results: 4
2026-10-03 18:18:51 | READ | Song | Fetching data connected to Song with Id: 8 | Results: 8
2026-10-03 18:18:51 | READ | Song | Fetching data connected to Song with Id: 9 | Results: 6
2026-10-03 18:18:51 | READ | Song | Fetching data connected to Song with Id: 10 | Results: 6
2026-10-03 18:18:51 | READ | Song | Fetching data connected to Song with Id: 11 | Results: 6
2026-10-03 18:18:51 | READ | Song | Fetching data connected to Song with Id: 12 | Results: 6
2026-10-03 18:18:51 | READ | Song | Fetching data connected to Song with Id: 13 | Results: 6
2026-10-03 18:18:51 | READ | Song | Fetching data connected to Song with Id: 14 | Results: 6
2026-10-03 18:18:51 | READ | Song | Fetching data connected to Song with Id: 15 | Results: 6
2026-10-03 18:18:51 | READ | Song | Fetching data connected to Song with Id: 16 | Results: 6
2026-10-03 18:18:51 | READ | Song | Fetching data connected to Song with Id: 17 | Results: 6
2026-10-03 18:18:51 | READ | Song | Fetching data connected to Song with Id: 18 | Results: 6
2026-10-03 18:18:51 | READ | Song | Fetching data connected to Song with Id: 19 | Results: 4
2026-10-03 18:18:51 | READ | Song | Fetching data connected to Song with Id: 20 | Results: 6
2026-10-03 18:18:51 | READ | Song | Fetching data connected to Song with Id: 21 | Results: 4
2026-10-03 18:18:51 | READ | Song | Fetching data connected to Song with Id: 22 | Results: 6
2026-10-03 18:18:51 | READ | Song | Fetching data connected to Song with Id: 23 | Results: 6
2026-10-03 18:18:51 | READ | Song | Fetching data connected to Song with Id: 24 | Results: 6
2026-10-03 18:18:51 | READ | Song | Fetching data connected to Song with Id: 25 | Results: 6
2026-10-03 18:18:51 | READ | Song | Fetching data connected to Song with Id: 26 | Results: 6
2026-10-03 18:18:51 | READ | Song | Fetching data connected to Song with Id: 27 | Results: 6
2026-10-03 18:18:51 | READ | Song | Fetching data connected to Song with Id: 49 | Results: 4
2026-10-03 18:18:52 | READ | Song | Fetching all songs.
2026-10-03 18:18:52 | READ | Song | Fetching data connected to Song with Id: 1 | Results: 6
2026-10-03 18:18:52 | READ | Song | Fetching data connected to Song with Id: 2 | Results: 6
2026-10-03 18:18:52 | READ | Song | Fetching data connected to Song with Id: 3 | Results: 6
2026-10-03 18:18:52 | READ | Song | Fetching data connected to Song with Id: 4 | Results: 6
2026-10-03 18:18:52 | READ | Song | Fetching data connected to Song with Id: 5 | Results: 6
2026-10-03 18:18:52 | READ | Song | Fetching data connected to Song with Id: 6 | Results: 4
2026-10-03 18:18:52 | READ | Song | Fetching data connected to Song with Id: 7 | Results: 4
2026-10-03 18:18:52 | READ | Song | Fetching data connected to Song with Id: 8 | Results: 8
2026-10-03 18:18:52 | READ | Song | Fetching data connected to Song with Id: 9 | Results: 6
2026-10-03 18:18:52 | READ | Song | Fetching data connected to Song with Id: 10 | Results: 6
2026-10-03 18:18:52 | READ | Song | Fetching data connected to Song with Id: 11 | Results: 6
2026-10-03 18:18:52 | READ | Song | Fetching data connected to Song with Id: 12 | Results: 6
2026-10-03 18:18:52 | READ | Song | Fetching data connected to Song with Id: 13 | Results: 6
2026-10-03 18:18:52 | READ | Song | Fetching data connected to Song with Id: 14 | Results: 6
2026-10-03 18:18:52 | READ | Song | Fetching data connected to Song with Id: 15 | Results: 6
2026-10-03 18:18:52 | READ | Song | Fetching data connected to Song with Id: 16 | Results: 6
2026-10-03 18:18:52 | READ | Song | Fetching data connected to Song with Id: 17 | Results: 6
2026-10-03 18:18:52 | READ | Song | Fetching data connected to Song with Id: 18 | Results: 6
2026-10-03 18:18:52 | READ | Song | Fetching data connected to Song with Id: 19 | Results: 4
2026-10-03 18:18:52 | READ | Song | Fetching data connected to Song with Id: 20 | Results: 6
2026-10-03 18:18:52 | READ | Song | Fetching data connected to Song with Id: 21 | Results: 4
2026-10-03 18:18:52 | READ | Song | Fetching data connected to Song with Id: 22 | Results: 6
2026-10-03 18:18:52 | READ | Song | Fetching data connected to Song with Id: 23 | Results: 6
2026-10-03 18:18:52 | READ | Song | Fetching data connected to Song with Id: 24 | Results: 6
2026-10-03 18:18:52 | READ | Song | Fetching data connected to Song with Id: 25 | Results: 6
2026-10-03 18:18:52 | READ | Song | Fetching data connected to Song with Id: 26 | Results: 6
2026-10-03 18:18:52 | READ | Song | Fetching data connected to Song with Id: 27 | Results: 6
2026-10-03 18:18:52 | READ | Song | Fetching data connected to Song with Id: 49 | Results: 4
2026-10-03 18:18:53 | READ | Song | Fetching all songs.
2026-10-03 18:18:53 | READ | Song | Fetching data connected to Song with Id: 1 | Results: 6
2026-10-03 18:18:53 | READ | Song | Fetching data connected to Song with Id: 2 | Results: 6
2026-10-03 18:18:53 | READ | Song | Fetching data connected to Song with Id: 3 | Results: 6
2026-10-03 18:18:53 | READ | Song | Fetching data connected to Song with Id: 4 | Results: 6
2026-10-03 18:18:53 | READ | Song | Fetching data connected to Song with Id: 5 | Results: 6
2026-10-03 18:18:53 | READ | Song | Fetching data connected to Song with Id: 6 | Results: 4
2026-10-03 18:18:53 | READ | Song | Fetching data connected to Song with Id: 7 | Results: 4
2026-10-03 18:18:53 | READ | Song | Fetching data connected to Song with Id: 8 | Results: 8
2026-10-03 18:18:53 | READ | Song | Fetching data connected to Song with Id: 9 | Results: 6
2026-10-03 18:18:53 | READ | Song | Fetching data connected to Song with Id: 10 | Results: 6
2026-10-03 18:18:53 | READ | Song | Fetching data connected to Song with Id: 11 | Results: 6
2026-10-03 18:18:53 | READ | Song | Fetching data connected to Song with Id: 12 | Results: 6
2026-10-03 18:18:53 | READ | Song | Fetching data connected to Song with Id: 13 | Results: 6
2026-10-03 18:18:53 | READ | Song | Fetching data connected to Song with Id: 14 | Results: 6
2026-10-03 18:18:53 | READ | Song | Fetching data connected to Song with Id: 15 | Results: 6
2026-10-03 18:18:53 | READ | Song | Fetching data connected to Song with Id: 16 | Results: 6
2026-10-03 18:18:53 | READ | Song | Fetching data connected to Song with Id: 17 | Results: 6
2026-10-03 18:18:53 | READ | Song | Fetching data connected to Song with Id: 18 | Results: 6
2026-10-03 18:18:53 | READ | Song | Fetching data connected to Song with Id: 19 | Results: 4
2026-10-03 18:18:53 | READ | Song | Fetching data connected to Song with Id: 20 | Results: 6
2026-10-03 18:18:53 | READ | Song | Fetching data connected to Song with Id: 21 | Results: 4
2026-10-03 18:18:53 | READ | Song | Fetching data connected to Song with Id: 22 | Results: 6
2026-10-03 18:18:53 | READ | Song | Fetching data connected to Song with Id: 23 | Results: 6
2026-10-03 18:18:53 | READ | Song | Fetching data connected to Song with Id: 24 | Results: 6
2026-10-03 18:18:53 | READ | Song | Fetching data connected to Song with Id: 25 | Results: 6
2026-10-03 18:18:53 | READ | Song | Fetching data connected to Song with Id: 26 | Results: 6
2026-10-03 18:18:53 | READ | Song | Fetching data connected to Song with Id: 27 | Results: 6
2026-10-03 18:18:53 | READ | Song | Fetching data connected to Song with Id: 49 | Results: 4
2026-10-03 18:18:53 | READ | Song | Fetching all songs.
2026-10-03 18:18:53 | READ | Song | Fetching data connected to Song with Id: 1 | Results: 6
2026-10-03 18:18:53 | READ | Song | Fetching data connected to Song with Id: 2 | Results: 6
2026-10-03 18:18:53 | READ | Song | Fetching data connected to Song with Id: 3 | Results: 6
2026-10-03 18:18:53 | READ | Song | Fetching data connected to Song with Id: 4 | Results: 6
2026-10-03 18:18:53 | READ | Song | Fetching data connected to Song with Id: 5 | Results: 6
2026-10-03 18:18:53 | READ | Song | Fetching data connected to Song with Id: 6 | Results: 4
2026-10-03 18:18:53 | READ | Song | Fetching data connected to Song with Id: 7 | Results: 4
2026-10-03 18:18:53 | READ | Song | Fetching data connected to Song with Id: 8 | Results: 8
2026-10-03 18:18:53 | READ | Song | Fetching data connected to Song with Id: 9 | Results: 6
2026-10-03 18:18:53 | READ | Song | Fetching data connected to Song with Id: 10 | Results: 6
2026-10-03 18:18:53 | READ | Song | Fetching data connected to Song with Id: 11 | Results: 6
2026-10-03 18:18:53 | READ | Song | Fetching data connected to Song with Id: 12 | Results: 6
2026-10-03 18:18:53 | READ | Song | Fetching data connected to Song with Id: 13 | Results: 6
2026-10-03 18:18:53 | READ | Song | Fetching data connected to Song with Id: 14 | Results: 6
2026-10-03 18:18:53 | READ | Song | Fetching data connected to Song with Id: 15 | Results: 6
2026-10-03 18:18:53 | READ | Song | Fetching data connected to Song with Id: 16 | Results: 6
2026-10-03 18:18:53 | READ | Song | Fetching data connected to Song with Id: 17 | Results: 6
2026-10-03 18:18:53 | READ | Song | Fetching data connected to Song with Id: 18 | Results: 6
2026-10-03 18:18:53 | READ | Song | Fetching data connected to Song with Id: 19 | Results: 4
2026-10-03 18:18:53 | READ | Song | Fetching data connected to Song with Id: 20 | Results: 6
2026-10-03 18:18:53 | READ | Song | Fetching data connected to Song with Id: 21 | Results: 4
2026-10-03 18:18:53 | READ | Song | Fetching data connected to Song with Id: 22 | Results: 6
2026-10-03 18:18:53 | READ | Song | Fetching data connected to Song with Id: 23 | Results: 6
2026-10-03 18:18:53 | READ | Song | Fetching data connected to Song with Id: 24 | Results: 6
2026-10-03 18:18:53 | READ | Song | Fetching data connected to Song with Id: 25 | Results: 6
2026-10-03 18:18:53 | READ | Song | Fetching data connected to Song with Id: 26 | Results: 6
2026-10-03 18:18:53 | READ | Song | Fetching data connected to Song with Id: 27 | Results: 6
2026-10-03 18:18:53 | READ | Song | Fetching data connected to Song with Id: 49 | Results: 4
2026-10-03 18:18:55 | READ | Song | Fetching all songs.
2026-10-03 18:18:55 | READ | Song | Fetching data connected to Song with Id: 1 | Results: 6
2026-10-03 18:18:55 | READ | Song | Fetching data connected to Song with Id: 2 | Results: 6
2026-10-03 18:18:55 | READ | Song | Fetching data connected to Song with Id: 3 | Results: 6
2026-10-03 18:18:55 | READ | Song | Fetching data connected to Song with Id: 4 | Results: 6
2026-10-03 18:18:55 | READ | Song | Fetching data connected to Song with Id: 5 | Results: 6
2026-10-03 18:18:55 | READ | Song | Fetching data connected to Song with Id: 6 | Results: 4
2026-10-03 18:18:55 | READ | Song | Fetching data connected to Song with Id: 7 | Results: 4
2026-10-03 18:18:55 | READ | Song | Fetching data connected to Song with Id: 8 | Results: 8
2026-10-03 18:18:55 | READ | Song | Fetching data connected to Song with Id: 9 | Results: 6
2026-10-03 18:18:55 | READ | Song | Fetching data connected to Song with Id: 10 | Results: 6
2026-10-03 18:18:55 | READ | Song | Fetching data connected to Song with Id: 11 | Results: 6
2026-10-03 18:18:55 | READ | Song | Fetching data connected to Song with Id: 12 | Results: 6
2026-10-03 18:18:55 | READ | Song | Fetching data connected to Song with Id: 13 | Results: 6
2026-10-03 18:18:55 | READ | Song | Fetching data connected to Song with Id: 14 | Results: 6
2026-10-03 18:18:55 | READ | Song | Fetching data connected to Song with Id: 15 | Results: 6
2026-10-03 18:18:55 | READ | Song | Fetching data connected to Song with Id: 16 | Results: 6
2026-10-03 18:18:55 | READ | Song | Fetching data connected to Song with Id: 17 | Results: 6
2026-10-03 18:18:55 | READ | Song | Fetching data connected to Song with Id: 18 | Results: 6
2026-10-03 18:18:55 | READ | Song | Fetching data connected to Song with Id: 19 | Results: 4
2026-10-03 18:18:55 | READ | Song | Fetching data connected to Song with Id: 20 | Results: 6
2026-10-03 18:18:55 | READ | Song | Fetching data connected to Song with Id: 21 | Results: 4
2026-10-03 18:18:55 | READ | Song | Fetching data connected to Song with Id: 22 | Results: 6
2026-10-03 18:18:55 | READ | Song | Fetching data connected to Song with Id: 23 | Results: 6
2026-10-03 18:18:55 | READ | Song | Fetching data connected to Song with Id: 24 | Results: 6
2026-10-03 18:18:55 | READ | Song | Fetching data connected to Song with Id: 25 | Results: 6
2026-10-03 18:18:56 | READ | Song | Fetching data connected to Song with Id: 26 | Results: 6
2026-10-03 18:18:56 | READ | Song | Fetching data connected to Song with Id: 27 | Results: 6
2026-10-03 18:18:56 | READ | Song | Fetching data connected to Song with Id: 49 | Results: 4
2026-10-03 18:27:02 | READ | Song | Fetching all songs.
2026-10-03 18:27:02 | READ | Song | Fetching data connected to Song with Id: 1 | Results: 6
2026-10-03 18:27:02 | READ | Song | Fetching data connected to Song with Id: 2 | Results: 6
2026-10-03 18:27:02 | READ | Song | Fetching data connected to Song with Id: 3 | Results: 6
2026-10-03 18:27:02 | READ | Song | Fetching data connected to Song with Id: 4 | Results: 6
2026-10-03 18:27:02 | READ | Song | Fetching data connected to Song with Id: 5 | Results: 6
2026-10-03 18:27:02 | READ | Song | Fetching data connected to Song with Id: 6 | Results: 4
2026-10-03 18:27:02 | READ | Song | Fetching data connected to Song with Id: 7 | Results: 4
2026-10-03 18:27:02 | READ | Song | Fetching data connected to Song with Id: 8 | Results: 8
2026-10-03 18:27:02 | READ | Song | Fetching data connected to Song with Id: 9 | Results: 6
2026-10-03 18:27:02 | READ | Song | Fetching data connected to Song with Id: 10 | Results: 6
2026-10-03 18:27:02 | READ | Song | Fetching data connected to Song with Id: 11 | Results: 6
2026-10-03 18:27:02 | READ | Song | Fetching data connected to Song with Id: 12 | Results: 6
2026-10-03 18:27:02 | READ | Song | Fetching data connected to Song with Id: 13 | Results: 6
2026-10-03 18:27:02 | READ | Song | Fetching data connected to Song with Id: 14 | Results: 6
2026-10-03 18:27:02 | READ | Song | Fetching data connected to Song with Id: 15 | Results: 6
2026-10-03 18:27:02 | READ | Song | Fetching data connected to Song with Id: 16 | Results: 6
2026-10-03 18:27:02 | READ | Song | Fetching data connected to Song with Id: 17 | Results: 6
2026-10-03 18:27:02 | READ | Song | Fetching data connected to Song with Id: 18 | Results: 6
2026-10-03 18:27:02 | READ | Song | Fetching data connected to Song with Id: 19 | Results: 4
2026-10-03 18:27:02 | READ | Song | Fetching data connected to Song with Id: 20 | Results: 6
2026-10-03 18:27:02 | READ | Song | Fetching data connected to Song with Id: 21 | Results: 4
2026-10-03 18:27:02 | READ | Song | Fetching data connected to Song with Id: 22 | Results: 6
2026-10-03 18:27:02 | READ | Song | Fetching data connected to Song with Id: 23 | Results: 6
2026-10-03 18:27:02 | READ | Song | Fetching data connected to Song with Id: 24 | Results: 6
2026-10-03 18:27:02 | READ | Song | Fetching data connected to Song with Id: 25 | Results: 6
2026-10-03 18:27:02 | READ | Song | Fetching data connected to Song with Id: 26 | Results: 6
2026-10-03 18:27:02 | READ | Song | Fetching data connected to Song with Id: 27 | Results: 6
2026-10-03 18:27:02 | READ | Song | Fetching data connected to Song with Id: 49 | Results: 4
2026-10-03 18:27:02 | READ | Song | Fetching all songs.
2026-10-03 18:27:02 | READ | Song | Fetching data connected to Song with Id: 1 | Results: 6
2026-10-03 18:27:02 | READ | Song | Fetching data connected to Song with Id: 2 | Results: 6
2026-10-03 18:27:02 | READ | Song | Fetching data connected to Song with Id: 3 | Results: 6
2026-10-03 18:27:02 | READ | Song | Fetching data connected to Song with Id: 4 | Results: 6
2026-10-03 18:27:02 | READ | Song | Fetching data connected to Song with Id: 5 | Results: 6
2026-10-03 18:27:02 | READ | Song | Fetching data connected to Song with Id: 6 | Results: 4
2026-10-03 18:27:02 | READ | Song | Fetching data connected to Song with Id: 7 | Results: 4
2026-10-03 18:27:02 | READ | Song | Fetching data connected to Song with Id: 8 | Results: 8
2026-10-03 18:27:02 | READ | Song | Fetching data connected to Song with Id: 9 | Results: 6
2026-10-03 18:27:02 | READ | Song | Fetching data connected to Song with Id: 10 | Results: 6
2026-10-03 18:27:02 | READ | Song | Fetching data connected to Song with Id: 11 | Results: 6
2026-10-03 18:27:02 | READ | Song | Fetching data connected to Song with Id: 12 | Results: 6
2026-10-03 18:27:02 | READ | Song | Fetching data connected to Song with Id: 13 | Results: 6
2026-10-03 18:27:02 | READ | Song | Fetching data connected to Song with Id: 14 | Results: 6
2026-10-03 18:27:02 | READ | Song | Fetching data connected to Song with Id: 15 | Results: 6
2026-10-03 18:27:02 | READ | Song | Fetching data connected to Song with Id: 16 | Results: 6
2026-10-03 18:27:02 | READ | Song | Fetching data connected to Song with Id: 17 | Results: 6
2026-10-03 18:27:02 | READ | Song | Fetching data connected to Song with Id: 18 | Results: 6
2026-10-03 18:27:02 | READ | Song | Fetching data connected to Song with Id: 19 | Results: 4
2026-10-03 18:27:02 | READ | Song | Fetching data connected to Song with Id: 20 | Results: 6
2026-10-03 18:27:02 | READ | Song | Fetching data connected to Song with Id: 21 | Results: 4
2026-10-03 18:27:02 | READ | Song | Fetching data connected to Song with Id: 22 | Results: 6
2026-10-03 18:27:02 | READ | Song | Fetching data connected to Song with Id: 23 | Results: 6
2026-10-03 18:27:02 | READ | Song | Fetching data connected to Song with Id: 24 | Results: 6
2026-10-03 18:27:02 | READ | Song | Fetching data connected to Song with Id: 25 | Results: 6
2026-10-03 18:27:02 | READ | Song | Fetching data connected to Song with Id: 26 | Results: 6
2026-10-03 18:27:02 | READ | Song | Fetching data connected to Song with Id: 27 | Results: 6
2026-10-03 18:27:02 | READ | Song | Fetching data connected to Song with Id: 49 | Results: 4
2026-10-03 18:27:02 | READ | Song | Fetching all songs.
2026-10-03 18:27:02 | READ | Song | Fetching data connected to Song with Id: 1 | Results: 6
2026-10-03 18:27:02 | READ | Song | Fetching data connected to Song with Id: 2 | Results: 6
2026-10-03 18:27:02 | READ | Song | Fetching data connected to Song with Id: 3 | Results: 6
2026-10-03 18:27:02 | READ | Song | Fetching data connected to Song with Id: 4 | Results: 6
2026-10-03 18:27:02 | READ | Song | Fetching data connected to Song with Id: 5 | Results: 6
2026-10-03 18:27:02 | READ | Song | Fetching data connected to Song with Id: 6 | Results: 4
2026-10-03 18:27:02 | READ | Song | Fetching data connected to Song with Id: 7 | Results: 4
2026-10-03 18:27:02 | READ | Song | Fetching data connected to Song with Id: 8 | Results: 8
2026-10-03 18:27:02 | READ | Song | Fetching data connected to Song with Id: 9 | Results: 6
2026-10-03 18:27:02 | READ | Song | Fetching data connected to Song with Id: 10 | Results: 6
2026-10-03 18:27:02 | READ | Song | Fetching data connected to Song with Id: 11 | Results: 6
2026-10-03 18:27:02 | READ | Song | Fetching data connected to Song with Id: 12 | Results: 6
2026-10-03 18:27:02 | READ | Song | Fetching data connected to Song with Id: 13 | Results: 6
2026-10-03 18:27:02 | READ | Song | Fetching data connected to Song with Id: 14 | Results: 6
2026-10-03 18:27:02 | READ | Song | Fetching data connected to Song with Id: 15 | Results: 6
2026-10-03 18:27:02 | READ | Song | Fetching data connected to Song with Id: 16 | Results: 6
2026-10-03 18:27:02 | READ | Song | Fetching data connected to Song with Id: 17 | Results: 6
2026-10-03 18:27:02 | READ | Song | Fetching data connected to Song with Id: 18 | Results: 6
2026-10-03 18:27:02 | READ | Song | Fetching data connected to Song with Id: 19 | Results: 4
2026-10-03 18:27:02 | READ | Song | Fetching data connected to Song with Id: 20 | Results: 6
2026-10-03 18:27:02 | READ | Song | Fetching data connected to Song with Id: 21 | Results: 4
2026-10-03 18:27:02 | READ | Song | Fetching data connected to Song with Id: 22 | Results: 6
2026-10-03 18:27:02 | READ | Song | Fetching data connected to Song with Id: 23 | Results: 6
2026-10-03 18:27:02 | READ | Song | Fetching data connected to Song with Id: 24 | Results: 6
2026-10-03 18:27:02 | READ | Song | Fetching data connected to Song with Id: 25 | Results: 6
2026-10-03 18:27:02 | READ | Song | Fetching data connected to Song with Id: 26 | Results: 6
2026-10-03 18:27:02 | READ | Song | Fetching data connected to Song with Id: 27 | Results: 6
2026-10-03 18:27:02 | READ | Song | Fetching data connected to Song with Id: 49 | Results: 4
2026-10-03 18:27:02 | READ | Song | Fetching all songs.
2026-10-03 18:27:02 | READ | Song | Fetching data connected to Song with Id: 1 | Results: 6
2026-10-03 18:27:02 | READ | Song | Fetching data connected to Song with Id: 2 | Results: 6
2026-10-03 18:27:02 | READ | Song | Fetching data connected to Song with Id: 3 | Results: 6
2026-10-03 18:27:02 | READ | Song | Fetching data connected to Song with Id: 4 | Results: 6
2026-10-03 18:27:02 | READ | Song | Fetching data connected to Song with Id: 5 | Results: 6
2026-10-03 18:27:02 | READ | Song | Fetching data connected to Song with Id: 6 | Results: 4
2026-10-03 18:27:02 | READ | Song | Fetching data connected to Song with Id: 7 | Results: 4
2026-10-03 18:27:02 | READ | Song | Fetching data connected to Song with Id: 8 | Results: 8
2026-10-03 18:27:02 | READ | Song | Fetching data connected to Song with Id: 9 | Results: 6
2026-10-03 18:27:02 | READ | Song | Fetching data connected to Song with Id: 10 | Results: 6
2026-10-03 18:27:02 | READ | Song | Fetching data connected to Song with Id: 11 | Results: 6
2026-10-03 18:27:02 | READ | Song | Fetching data connected to Song with Id: 12 | Results: 6
2026-10-03 18:27:02 | READ | Song | Fetching data connected to Song with Id: 13 | Results: 6
2026-10-03 18:27:02 | READ | Song | Fetching data connected to Song with Id: 14 | Results: 6
2026-10-03 18:27:02 | READ | Song | Fetching data connected to Song with Id: 15 | Results: 6
2026-10-03 18:27:02 | READ | Song | Fetching data connected to Song with Id: 16 | Results: 6
2026-10-03 18:27:03 | READ | Song | Fetching data connected to Song with Id: 17 | Results: 6
2026-10-03 18:27:03 | READ | Song | Fetching data connected to Song with Id: 18 | Results: 6
2026-10-03 18:27:03 | READ | Song | Fetching data connected to Song with Id: 19 | Results: 4
2026-10-03 18:27:03 | READ | Song | Fetching data connected to Song with Id: 20 | Results: 6
2026-10-03 18:27:03 | READ | Song | Fetching data connected to Song with Id: 21 | Results: 4
2026-10-03 18:27:03 | READ | Song | Fetching data connected to Song with Id: 22 | Results: 6
2026-10-03 18:27:03 | READ | Song | Fetching data connected to Song with Id: 23 | Results: 6
2026-10-03 18:27:03 | READ | Song | Fetching data connected to Song with Id: 24 | Results: 6
2026-10-03 18:27:03 | READ | Song | Fetching data connected to Song with Id: 25 | Results: 6
2026-10-03 18:27:03 | READ | Song | Fetching data connected to Song with Id: 26 | Results: 6
2026-10-03 18:27:03 | READ | Song | Fetching data connected to Song with Id: 27 | Results: 6
2026-10-03 18:27:03 | READ | Song | Fetching data connected to Song with Id: 49 | Results: 4
2026-10-03 18:27:03 | READ | Song | Fetching all songs.
2026-10-03 18:27:03 | READ | Song | Fetching data connected to Song with Id: 1 | Results: 6
2026-10-03 18:27:03 | READ | Song | Fetching data connected to Song with Id: 2 | Results: 6
2026-10-03 18:27:03 | READ | Song | Fetching data connected to Song with Id: 3 | Results: 6
2026-10-03 18:27:03 | READ | Song | Fetching data connected to Song with Id: 4 | Results: 6
2026-10-03 18:27:03 | READ | Song | Fetching data connected to Song with Id: 5 | Results: 6
2026-10-03 18:27:03 | READ | Song | Fetching data connected to Song with Id: 6 | Results: 4
2026-10-03 18:27:03 | READ | Song | Fetching data connected to Song with Id: 7 | Results: 4
2026-10-03 18:27:03 | READ | Song | Fetching data connected to Song with Id: 8 | Results: 8
2026-10-03 18:27:03 | READ | Song | Fetching data connected to Song with Id: 9 | Results: 6
2026-10-03 18:27:03 | READ | Song | Fetching data connected to Song with Id: 10 | Results: 6
2026-10-03 18:27:03 | READ | Song | Fetching data connected to Song with Id: 11 | Results: 6
2026-10-03 18:27:03 | READ | Song | Fetching data connected to Song with Id: 12 | Results: 6
2026-10-03 18:27:03 | READ | Song | Fetching data connected to Song with Id: 13 | Results: 6
2026-10-03 18:27:03 | READ | Song | Fetching data connected to Song with Id: 14 | Results: 6
2026-10-03 18:27:03 | READ | Song | Fetching data connected to Song with Id: 15 | Results: 6
2026-10-03 18:27:03 | READ | Song | Fetching data connected to Song with Id: 16 | Results: 6
2026-10-03 18:27:03 | READ | Song | Fetching data connected to Song with Id: 17 | Results: 6
2026-10-03 18:27:03 | READ | Song | Fetching data connected to Song with Id: 18 | Results: 6
2026-10-03 18:27:03 | READ | Song | Fetching data connected to Song with Id: 19 | Results: 4
2026-10-03 18:27:03 | READ | Song | Fetching data connected to Song with Id: 20 | Results: 6
2026-10-03 18:27:03 | READ | Song | Fetching data connected to Song with Id: 21 | Results: 4
2026-10-03 18:27:03 | READ | Song | Fetching data connected to Song with Id: 22 | Results: 6
2026-10-03 18:27:03 | READ | Song | Fetching data connected to Song with Id: 23 | Results: 6
2026-10-03 18:27:03 | READ | Song | Fetching data connected to Song with Id: 24 | Results: 6
2026-10-03 18:27:03 | READ | Song | Fetching data connected to Song with Id: 25 | Results: 6
2026-10-03 18:27:03 | READ | Song | Fetching data connected to Song with Id: 26 | Results: 6
2026-10-03 18:27:03 | READ | Song | Fetching data connected to Song with Id: 27 | Results: 6
2026-10-03 18:27:03 | READ | Song | Fetching data connected to Song with Id: 49 | Results: 4
2026-10-03 18:27:03 | READ | Song | Fetching all songs.
2026-10-03 18:27:03 | READ | Song | Fetching data connected to Song with Id: 1 | Results: 6
2026-10-03 18:27:03 | READ | Song | Fetching data connected to Song with Id: 2 | Results: 6
2026-10-03 18:27:03 | READ | Song | Fetching data connected to Song with Id: 3 | Results: 6
2026-10-03 18:27:03 | READ | Song | Fetching data connected to Song with Id: 4 | Results: 6
2026-10-03 18:27:03 | READ | Song | Fetching data connected to Song with Id: 5 | Results: 6
2026-10-03 18:27:03 | READ | Song | Fetching data connected to Song with Id: 6 | Results: 4
2026-10-03 18:27:03 | READ | Song | Fetching data connected to Song with Id: 7 | Results: 4
2026-10-03 18:27:03 | READ | Song | Fetching data connected to Song with Id: 8 | Results: 8
2026-10-03 18:27:03 | READ | Song | Fetching data connected to Song with Id: 9 | Results: 6
2026-10-03 18:27:03 | READ | Song | Fetching data connected to Song with Id: 10 | Results: 6
2026-10-03 18:27:03 | READ | Song | Fetching data connected to Song with Id: 11 | Results: 6
2026-10-03 18:27:03 | READ | Song | Fetching data connected to Song with Id: 12 | Results: 6
2026-10-03 18:27:03 | READ | Song | Fetching data connected to Song with Id: 13 | Results: 6
2026-10-03 18:27:03 | READ | Song | Fetching data connected to Song with Id: 14 | Results: 6
2026-10-03 18:27:03 | READ | Song | Fetching data connected to Song with Id: 15 | Results: 6
2026-10-03 18:27:03 | READ | Song | Fetching data connected to Song with Id: 16 | Results: 6
2026-10-03 18:27:03 | READ | Song | Fetching data connected to Song with Id: 17 | Results: 6
2026-10-03 18:27:03 | READ | Song | Fetching data connected to Song with Id: 18 | Results: 6
2026-10-03 18:27:03 | READ | Song | Fetching data connected to Song with Id: 19 | Results: 4
2026-10-03 18:27:03 | READ | Song | Fetching data connected to Song with Id: 20 | Results: 6
2026-10-03 18:27:03 | READ | Song | Fetching data connected to Song with Id: 21 | Results: 4
2026-10-03 18:27:03 | READ | Song | Fetching data connected to Song with Id: 22 | Results: 6
2026-10-03 18:27:03 | READ | Song | Fetching data connected to Song with Id: 23 | Results: 6
2026-10-03 18:27:03 | READ | Song | Fetching data connected to Song with Id: 24 | Results: 6
2026-10-03 18:27:03 | READ | Song | Fetching data connected to Song with Id: 25 | Results: 6
2026-10-03 18:27:03 | READ | Song | Fetching data connected to Song with Id: 26 | Results: 6
2026-10-03 18:27:03 | READ | Song | Fetching data connected to Song with Id: 27 | Results: 6
2026-10-03 18:27:03 | READ | Song | Fetching data connected to Song with Id: 49 | Results: 4
2026-10-03 18:27:03 | READ | Song | Fetching all songs.
2026-10-03 18:27:03 | READ | Song | Fetching data connected to Song with Id: 1 | Results: 6
2026-10-03 18:27:03 | READ | Song | Fetching data connected to Song with Id: 2 | Results: 6
2026-10-03 18:27:03 | READ | Song | Fetching data connected to Song with Id: 3 | Results: 6
2026-10-03 18:27:03 | READ | Song | Fetching data connected to Song with Id: 4 | Results: 6
2026-10-03 18:27:03 | READ | Song | Fetching data connected to Song with Id: 5 | Results: 6
2026-10-03 18:27:03 | READ | Song | Fetching data connected to Song with Id: 6 | Results: 4
2026-10-03 18:27:03 | READ | Song | Fetching data connected to Song with Id: 7 | Results: 4
2026-10-03 18:27:03 | READ | Song | Fetching data connected to Song with Id: 8 | Results: 8
2026-10-03 18:27:03 | READ | Song | Fetching data connected to Song with Id: 9 | Results: 6
2026-10-03 18:27:03 | READ | Song | Fetching data connected to Song with Id: 10 | Results: 6
2026-10-03 18:27:03 | READ | Song | Fetching data connected to Song with Id: 11 | Results: 6
2026-10-03 18:27:03 | READ | Song | Fetching data connected to Song with Id: 12 | Results: 6
2026-10-03 18:27:03 | READ | Song | Fetching data connected to Song with Id: 13 | Results: 6
2026-10-03 18:27:03 | READ | Song | Fetching data connected to Song with Id: 14 | Results: 6
2026-10-03 18:27:03 | READ | Song | Fetching data connected to Song with Id: 15 | Results: 6
2026-10-03 18:27:03 | READ | Song | Fetching data connected to Song with Id: 16 | Results: 6
2026-10-03 18:27:03 | READ | Song | Fetching data connected to Song with Id: 17 | Results: 6
2026-10-03 18:27:03 | READ | Song | Fetching data connected to Song with Id: 18 | Results: 6
2026-10-03 18:27:03 | READ | Song | Fetching data connected to Song with Id: 19 | Results: 4
2026-10-03 18:27:03 | READ | Song | Fetching data connected to Song with Id: 20 | Results: 6
2026-10-03 18:27:03 | READ | Song | Fetching data connected to Song with Id: 21 | Results: 4
2026-10-03 18:27:03 | READ | Song | Fetching data connected to Song with Id: 22 | Results: 6
2026-10-03 18:27:03 | READ | Song | Fetching data connected to Song with Id: 23 | Results: 6
2026-10-03 18:27:03 | READ | Song | Fetching data connected to Song with Id: 24 | Results: 6
2026-10-03 18:27:03 | READ | Song | Fetching data connected to Song with Id: 25 | Results: 6
2026-10-03 18:27:03 | READ | Song | Fetching data connected to Song with Id: 26 | Results: 6
2026-10-03 18:27:03 | READ | Song | Fetching data connected to Song with Id: 27 | Results: 6
2026-10-03 18:27:03 | READ | Song | Fetching data connected to Song with Id: 49 | Results: 4
2026-10-03 18:27:04 | READ | Song | Fetching all songs.
2026-10-03 18:27:04 | READ | Song | Fetching data connected to Song with Id: 1 | Results: 6
2026-10-03 18:27:04 | READ | Song | Fetching data connected to Song with Id: 2 | Results: 6
2026-10-03 18:27:04 | READ | Song | Fetching data connected to Song with Id: 3 | Results: 6
2026-10-03 18:27:04 | READ | Song | Fetching data connected to Song with Id: 4 | Results: 6
2026-10-03 18:27:04 | READ | Song | Fetching data connected to Song with Id: 5 | Results: 6
2026-10-03 18:27:04 | READ | Song | Fetching data connected to Song with Id: 6 | Results: 4
2026-10-03 18:27:04 | READ | Song | Fetching data connected to Song with Id: 7 | Results: 4
2026-10-03 18:27:04 | READ | Song | Fetching data connected to Song with Id: 8 | Results: 8
2026-10-03 18:27:04 | READ | Song | Fetching data connected to Song with Id: 9 | Results: 6
2026-10-03 18:27:04 | READ | Song | Fetching data connected to Song with Id: 10 | Results: 6
2026-10-03 18:27:04 | READ | Song | Fetching data connected to Song with Id: 11 | Results: 6
2026-10-03 18:27:04 | READ | Song | Fetching data connected to Song with Id: 12 | Results: 6
2026-10-03 18:27:04 | READ | Song | Fetching data connected to Song with Id: 13 | Results: 6
2026-10-03 18:27:04 | READ | Song | Fetching data connected to Song with Id: 14 | Results: 6
2026-10-03 18:27:04 | READ | Song | Fetching data connected to Song with Id: 15 | Results: 6
2026-10-03 18:27:04 | READ | Song | Fetching data connected to Song with Id: 16 | Results: 6
2026-10-03 18:27:04 | READ | Song | Fetching data connected to Song with Id: 17 | Results: 6
2026-10-03 18:27:04 | READ | Song | Fetching data connected to Song with Id: 18 | Results: 6
2026-10-03 18:27:04 | READ | Song | Fetching data connected to Song with Id: 19 | Results: 4
2026-10-03 18:27:04 | READ | Song | Fetching data connected to Song with Id: 20 | Results: 6
2026-10-03 18:27:04 | READ | Song | Fetching data connected to Song with Id: 21 | Results: 4
2026-10-03 18:27:04 | READ | Song | Fetching data connected to Song with Id: 22 | Results: 6
2026-10-03 18:27:04 | READ | Song | Fetching data connected to Song with Id: 23 | Results: 6
2026-10-03 18:27:04 | READ | Song | Fetching data connected to Song with Id: 24 | Results: 6
2026-10-03 18:27:04 | READ | Song | Fetching data connected to Song with Id: 25 | Results: 6
2026-10-03 18:27:04 | READ | Song | Fetching data connected to Song with Id: 26 | Results: 6
2026-10-03 18:27:04 | READ | Song | Fetching data connected to Song with Id: 27 | Results: 6
2026-10-03 18:27:04 | READ | Song | Fetching data connected to Song with Id: 49 | Results: 4
2026-10-03 18:27:04 | READ | Song | Fetching all songs.
2026-10-03 18:27:04 | READ | Song | Fetching data connected to Song with Id: 1 | Results: 6
2026-10-03 18:27:04 | READ | Song | Fetching data connected to Song with Id: 2 | Results: 6
2026-10-03 18:27:04 | READ | Song | Fetching data connected to Song with Id: 3 | Results: 6
2026-10-03 18:27:04 | READ | Song | Fetching data connected to Song with Id: 4 | Results: 6
2026-10-03 18:27:04 | READ | Song | Fetching data connected to Song with Id: 5 | Results: 6
2026-10-03 18:27:04 | READ | Song | Fetching data connected to Song with Id: 6 | Results: 4
2026-10-03 18:27:04 | READ | Song | Fetching data connected to Song with Id: 7 | Results: 4
2026-10-03 18:27:04 | READ | Song | Fetching data connected to Song with Id: 8 | Results: 8
2026-10-03 18:27:04 | READ | Song | Fetching data connected to Song with Id: 9 | Results: 6
2026-10-03 18:27:04 | READ | Song | Fetching data connected to Song with Id: 10 | Results: 6
2026-10-03 18:27:04 | READ | Song | Fetching data connected to Song with Id: 11 | Results: 6
2026-10-03 18:27:04 | READ | Song | Fetching data connected to Song with Id: 12 | Results: 6
2026-10-03 18:27:04 | READ | Song | Fetching data connected to Song with Id: 13 | Results: 6
2026-10-03 18:27:04 | READ | Song | Fetching data connected to Song with Id: 14 | Results: 6
2026-10-03 18:27:04 | READ | Song | Fetching data connected to Song with Id: 15 | Results: 6
2026-10-03 18:27:04 | READ | Song | Fetching data connected to Song with Id: 16 | Results: 6
2026-10-03 18:27:04 | READ | Song | Fetching data connected to Song with Id: 17 | Results: 6
2026-10-03 18:27:04 | READ | Song | Fetching data connected to Song with Id: 18 | Results: 6
2026-10-03 18:27:04 | READ | Song | Fetching data connected to Song with Id: 19 | Results: 4
2026-10-03 18:27:04 | READ | Song | Fetching data connected to Song with Id: 20 | Results: 6
2026-10-03 18:27:04 | READ | Song | Fetching data connected to Song with Id: 21 | Results: 4
2026-10-03 18:27:04 | READ | Song | Fetching data connected to Song with Id: 22 | Results: 6
2026-10-03 18:27:04 | READ | Song | Fetching data connected to Song with Id: 23 | Results: 6
2026-10-03 18:27:04 | READ | Song | Fetching data connected to Song with Id: 24 | Results: 6
2026-10-03 18:27:04 | READ | Song | Fetching data connected to Song with Id: 25 | Results: 6
2026-10-03 18:27:04 | READ | Song | Fetching data connected to Song with Id: 26 | Results: 6
2026-10-03 18:27:04 | READ | Song | Fetching data connected to Song with Id: 27 | Results: 6
2026-10-03 18:27:04 | READ | Song | Fetching data connected to Song with Id: 49 | Results: 4
2026-10-03 18:27:06 | READ | Song | Fetching all songs.
2026-10-03 18:27:06 | READ | Song | Fetching data connected to Song with Id: 1 | Results: 6
2026-10-03 18:27:06 | READ | Song | Fetching data connected to Song with Id: 2 | Results: 6
2026-10-03 18:27:06 | READ | Song | Fetching data connected to Song with Id: 3 | Results: 6
2026-10-03 18:27:06 | READ | Song | Fetching data connected to Song with Id: 4 | Results: 6
2026-10-03 18:27:06 | READ | Song | Fetching data connected to Song with Id: 5 | Results: 6
2026-10-03 18:27:06 | READ | Song | Fetching data connected to Song with Id: 6 | Results: 4
2026-10-03 18:27:06 | READ | Song | Fetching data connected to Song with Id: 7 | Results: 4
2026-10-03 18:27:06 | READ | Song | Fetching data connected to Song with Id: 8 | Results: 8
2026-10-03 18:27:06 | READ | Song | Fetching data connected to Song with Id: 9 | Results: 6
2026-10-03 18:27:06 | READ | Song | Fetching data connected to Song with Id: 10 | Results: 6
2026-10-03 18:27:06 | READ | Song | Fetching data connected to Song with Id: 11 | Results: 6
2026-10-03 18:27:06 | READ | Song | Fetching data connected to Song with Id: 12 | Results: 6
2026-10-03 18:27:06 | READ | Song | Fetching data connected to Song with Id: 13 | Results: 6
2026-10-03 18:27:06 | READ | Song | Fetching data connected to Song with Id: 14 | Results: 6
2026-10-03 18:27:06 | READ | Song | Fetching data connected to Song with Id: 15 | Results: 6
2026-10-03 18:27:06 | READ | Song | Fetching data connected to Song with Id: 16 | Results: 6
2026-10-03 18:27:06 | READ | Song | Fetching data connected to Song with Id: 17 | Results: 6
2026-10-03 18:27:06 | READ | Song | Fetching data connected to Song with Id: 18 | Results: 6
2026-10-03 18:27:06 | READ | Song | Fetching data connected to Song with Id: 19 | Results: 4
2026-10-03 18:27:06 | READ | Song | Fetching data connected to Song with Id: 20 | Results: 6
2026-10-03 18:27:06 | READ | Song | Fetching data connected to Song with Id: 21 | Results: 4
2026-10-03 18:27:06 | READ | Song | Fetching data connected to Song with Id: 22 | Results: 6
2026-10-03 18:27:06 | READ | Song | Fetching data connected to Song with Id: 23 | Results: 6
2026-10-03 18:27:06 | READ | Song | Fetching data connected to Song with Id: 24 | Results: 6
2026-10-03 18:27:06 | READ | Song | Fetching data connected to Song with Id: 25 | Results: 6
2026-10-03 18:27:06 | READ | Song | Fetching data connected to Song with Id: 26 | Results: 6
2026-10-03 18:27:06 | READ | Song | Fetching data connected to Song with Id: 27 | Results: 6
2026-10-03 18:27:06 | READ | Song | Fetching data connected to Song with Id: 49 | Results: 4
2026-10-03 18:27:14 | READ | Song | Fetching all songs.
2026-10-03 18:27:14 | READ | Song | Fetching data connected to Song with Id: 1 | Results: 6
2026-10-03 18:27:14 | READ | Song | Fetching data connected to Song with Id: 2 | Results: 6
2026-10-03 18:27:14 | READ | Song | Fetching data connected to Song with Id: 3 | Results: 6
2026-10-03 18:27:14 | READ | Song | Fetching data connected to Song with Id: 4 | Results: 6
2026-10-03 18:27:14 | READ | Song | Fetching data connected to Song with Id: 5 | Results: 6
2026-10-03 18:27:14 | READ | Song | Fetching data connected to Song with Id: 6 | Results: 4
2026-10-03 18:27:14 | READ | Song | Fetching data connected to Song with Id: 7 | Results: 4
2026-10-03 18:27:14 | READ | Song | Fetching data connected to Song with Id: 8 | Results: 8
2026-10-03 18:27:14 | READ | Song | Fetching data connected to Song with Id: 9 | Results: 6
2026-10-03 18:27:14 | READ | Song | Fetching data connected to Song with Id: 10 | Results: 6
2026-10-03 18:27:14 | READ | Song | Fetching data connected to Song with Id: 11 | Results: 6
2026-10-03 18:27:14 | READ | Song | Fetching data connected to Song with Id: 12 | Results: 6
2026-10-03 18:27:14 | READ | Song | Fetching data connected to Song with Id: 13 | Results: 6
2026-10-03 18:27:14 | READ | Song | Fetching data connected to Song with Id: 14 | Results: 6
2026-10-03 18:27:14 | READ | Song | Fetching data connected to Song with Id: 15 | Results: 6
2026-10-03 18:27:14 | READ | Song | Fetching data connected to Song with Id: 16 | Results: 6
2026-10-03 18:27:14 | READ | Song | Fetching data connected to Song with Id: 17 | Results: 6
2026-10-03 18:27:14 | READ | Song | Fetching data connected to Song with Id: 18 | Results: 6
2026-10-03 18:27:14 | READ | Song | Fetching data connected to Song with Id: 19 | Results: 4
2026-10-03 18:27:14 | READ | Song | Fetching data connected to Song with Id: 20 | Results: 6
2026-10-03 18:27:14 | READ | Song | Fetching data connected to Song with Id: 21 | Results: 4
2026-10-03 18:27:14 | READ | Song | Fetching data connected to Song with Id: 22 | Results: 6
2026-10-03 18:27:14 | READ | Song | Fetching data connected to Song with Id: 23 | Results: 6
2026-10-03 18:27:14 | READ | Song | Fetching data connected to Song with Id: 24 | Results: 6
2026-10-03 18:27:14 | READ | Song | Fetching data connected to Song with Id: 25 | Results: 6
2026-10-03 18:27:14 | READ | Song | Fetching data connected to Song with Id: 26 | Results: 6
2026-10-03 18:27:14 | READ | Song | Fetching data connected to Song with Id: 27 | Results: 6
2026-10-03 18:27:14 | READ | Song | Fetching data connected to Song with Id: 49 | Results: 4
2026-10-03 18:27:43 | READ | Song | Fetching all songs.
2026-10-03 18:27:43 | READ | Song | Fetching data connected to Song with Id: 1 | Results: 6
2026-10-03 18:27:43 | READ | Song | Fetching data connected to Song with Id: 2 | Results: 6
2026-10-03 18:27:43 | READ | Song | Fetching data connected to Song with Id: 3 | Results: 6
2026-10-03 18:27:43 | READ | Song | Fetching data connected to Song with Id: 4 | Results: 6
2026-10-03 18:27:43 | READ | Song | Fetching data connected to Song with Id: 5 | Results: 6
2026-10-03 18:27:43 | READ | Song | Fetching data connected to Song with Id: 6 | Results: 4
2026-10-03 18:27:43 | READ | Song | Fetching data connected to Song with Id: 7 | Results: 4
2026-10-03 18:27:43 | READ | Song | Fetching data connected to Song with Id: 8 | Results: 8
2026-10-03 18:27:43 | READ | Song | Fetching data connected to Song with Id: 9 | Results: 6
2026-10-03 18:27:43 | READ | Song | Fetching data connected to Song with Id: 10 | Results: 6
2026-10-03 18:27:43 | READ | Song | Fetching data connected to Song with Id: 11 | Results: 6
2026-10-03 18:27:43 | READ | Song | Fetching data connected to Song with Id: 12 | Results: 6
2026-10-03 18:27:43 | READ | Song | Fetching data connected to Song with Id: 13 | Results: 6
2026-10-03 18:27:43 | READ | Song | Fetching data connected to Song with Id: 14 | Results: 6
2026-10-03 18:27:43 | READ | Song | Fetching data connected to Song with Id: 15 | Results: 6
2026-10-03 18:27:43 | READ | Song | Fetching data connected to Song with Id: 16 | Results: 6
2026-10-03 18:27:43 | READ | Song | Fetching data connected to Song with Id: 17 | Results: 6
2026-10-03 18:27:43 | READ | Song | Fetching data connected to Song with Id: 18 | Results: 6
2026-10-03 18:27:43 | READ | Song | Fetching data connected to Song with Id: 19 | Results: 4
2026-10-03 18:27:43 | READ | Song | Fetching data connected to Song with Id: 20 | Results: 6
2026-10-03 18:27:43 | READ | Song | Fetching data connected to Song with Id: 21 | Results: 4
2026-10-03 18:27:43 | READ | Song | Fetching data connected to Song with Id: 22 | Results: 6
2026-10-03 18:27:43 | READ | Song | Fetching data connected to Song with Id: 23 | Results: 6
2026-10-03 18:27:43 | READ | Song | Fetching data connected to Song with Id: 24 | Results: 6
2026-10-03 18:27:43 | READ | Song | Fetching data connected to Song with Id: 25 | Results: 6
2026-10-03 18:27:43 | READ | Song | Fetching data connected to Song with Id: 26 | Results: 6
2026-10-03 18:27:43 | READ | Song | Fetching data connected to Song with Id: 27 | Results: 6
2026-10-03 18:27:43 | READ | Song | Fetching data connected to Song with Id: 49 | Results: 4
2026-10-03 18:27:50 | READ | Song | Fetching all songs.
2026-10-03 18:27:50 | READ | Song | Fetching data connected to Song with Id: 1 | Results: 6
2026-10-03 18:27:50 | READ | Song | Fetching data connected to Song with Id: 2 | Results: 6
2026-10-03 18:27:50 | READ | Song | Fetching data connected to Song with Id: 3 | Results: 6
2026-10-03 18:27:50 | READ | Song | Fetching data connected to Song with Id: 4 | Results: 6
2026-10-03 18:27:50 | READ | Song | Fetching data connected to Song with Id: 5 | Results: 6
2026-10-03 18:27:50 | READ | Song | Fetching data connected to Song with Id: 6 | Results: 4
2026-10-03 18:27:50 | READ | Song | Fetching data connected to Song with Id: 7 | Results: 4
2026-10-03 18:27:50 | READ | Song | Fetching data connected to Song with Id: 8 | Results: 8
2026-10-03 18:27:50 | READ | Song | Fetching data connected to Song with Id: 9 | Results: 6
2026-10-03 18:27:50 | READ | Song | Fetching data connected to Song with Id: 10 | Results: 6
2026-10-03 18:27:50 | READ | Song | Fetching data connected to Song with Id: 11 | Results: 6
2026-10-03 18:27:50 | READ | Song | Fetching data connected to Song with Id: 12 | Results: 6
2026-10-03 18:27:50 | READ | Song | Fetching data connected to Song with Id: 13 | Results: 6
2026-10-03 18:27:50 | READ | Song | Fetching data connected to Song with Id: 14 | Results: 6
2026-10-03 18:27:50 | READ | Song | Fetching data connected to Song with Id: 15 | Results: 6
2026-10-03 18:27:50 | READ | Song | Fetching data connected to Song with Id: 16 | Results: 6
2026-10-03 18:27:50 | READ | Song | Fetching data connected to Song with Id: 17 | Results: 6
2026-10-03 18:27:50 | READ | Song | Fetching data connected to Song with Id: 18 | Results: 6
2026-10-03 18:27:50 | READ | Song | Fetching data connected to Song with Id: 19 | Results: 4
2026-10-03 18:27:50 | READ | Song | Fetching data connected to Song with Id: 20 | Results: 6
2026-10-03 18:27:50 | READ | Song | Fetching data connected to Song with Id: 21 | Results: 4
2026-10-03 18:27:50 | READ | Song | Fetching data connected to Song with Id: 22 | Results: 6
2026-10-03 18:27:50 | READ | Song | Fetching data connected to Song with Id: 23 | Results: 6
2026-10-03 18:27:50 | READ | Song | Fetching data connected to Song with Id: 24 | Results: 6
2026-10-03 18:27:50 | READ | Song | Fetching data connected to Song with Id: 25 | Results: 6
2026-10-03 18:27:50 | READ | Song | Fetching data connected to Song with Id: 26 | Results: 6
2026-10-03 18:27:50 | READ | Song | Fetching data connected to Song with Id: 27 | Results: 6
2026-10-03 18:27:50 | READ | Song | Fetching data connected to Song with Id: 49 | Results: 4
2026-10-03 18:27:50 | READ | Song | Fetching all songs.
2026-10-03 18:27:50 | READ | Song | Fetching data connected to Song with Id: 1 | Results: 6
2026-10-03 18:27:50 | READ | Song | Fetching data connected to Song with Id: 2 | Results: 6
2026-10-03 18:27:50 | READ | Song | Fetching data connected to Song with Id: 3 | Results: 6
2026-10-03 18:27:50 | READ | Song | Fetching data connected to Song with Id: 4 | Results: 6
2026-10-03 18:27:50 | READ | Song | Fetching data connected to Song with Id: 5 | Results: 6
2026-10-03 18:27:50 | READ | Song | Fetching data connected to Song with Id: 6 | Results: 4
2026-10-03 18:27:50 | READ | Song | Fetching data connected to Song with Id: 7 | Results: 4
2026-10-03 18:27:50 | READ | Song | Fetching data connected to Song with Id: 8 | Results: 8
2026-10-03 18:27:50 | READ | Song | Fetching data connected to Song with Id: 9 | Results: 6
2026-10-03 18:27:50 | READ | Song | Fetching data connected to Song with Id: 10 | Results: 6
2026-10-03 18:27:50 | READ | Song | Fetching data connected to Song with Id: 11 | Results: 6
2026-10-03 18:27:50 | READ | Song | Fetching data connected to Song with Id: 12 | Results: 6
2026-10-03 18:27:50 | READ | Song | Fetching data connected to Song with Id: 13 | Results: 6
2026-10-03 18:27:50 | READ | Song | Fetching data connected to Song with Id: 14 | Results: 6
2026-10-03 18:27:50 | READ | Song | Fetching data connected to Song with Id: 15 | Results: 6
2026-10-03 18:27:50 | READ | Song | Fetching data connected to Song with Id: 16 | Results: 6
2026-10-03 18:27:50 | READ | Song | Fetching data connected to Song with Id: 17 | Results: 6
2026-10-03 18:27:50 | READ | Song | Fetching data connected to Song with Id: 18 | Results: 6
2026-10-03 18:27:50 | READ | Song | Fetching data connected to Song with Id: 19 | Results: 4
2026-10-03 18:27:50 | READ | Song | Fetching data connected to Song with Id: 20 | Results: 6
2026-10-03 18:27:50 | READ | Song | Fetching data connected to Song with Id: 21 | Results: 4
2026-10-03 18:27:50 | READ | Song | Fetching data connected to Song with Id: 22 | Results: 6
2026-10-03 18:27:50 | READ | Song | Fetching data connected to Song with Id: 23 | Results: 6
2026-10-03 18:27:50 | READ | Song | Fetching data connected to Song with Id: 24 | Results: 6
2026-10-03 18:27:50 | READ | Song | Fetching data connected to Song with Id: 25 | Results: 6
2026-10-03 18:27:50 | READ | Song | Fetching data connected to Song with Id: 26 | Results: 6
2026-10-03 18:27:50 | READ | Song | Fetching data connected to Song with Id: 27 | Results: 6
2026-10-03 18:27:50 | READ | Song | Fetching data connected to Song with Id: 49 | Results: 4
2026-10-03 18:32:39 | READ | Song | Fetching all songs.
2026-10-03 18:32:40 | READ | Song | Fetching data connected to Song with Id: 1 | Results: 6
2026-10-03 18:32:40 | READ | Song | Fetching data connected to Song with Id: 2 | Results: 6
2026-10-03 18:32:40 | READ | Song | Fetching data connected to Song with Id: 3 | Results: 6
2026-10-03 18:32:40 | READ | Song | Fetching data connected to Song with Id: 4 | Results: 6
2026-10-03 18:32:40 | READ | Song | Fetching data connected to Song with Id: 5 | Results: 6
2026-10-03 18:32:40 | READ | Song | Fetching data connected to Song with Id: 6 | Results: 4
2026-10-03 18:32:40 | READ | Song | Fetching data connected to Song with Id: 7 | Results: 4
2026-10-03 18:32:40 | READ | Song | Fetching data connected to Song with Id: 8 | Results: 8
2026-10-03 18:32:40 | READ | Song | Fetching data connected to Song with Id: 9 | Results: 6
2026-10-03 18:32:40 | READ | Song | Fetching data connected to Song with Id: 10 | Results: 6
2026-10-03 18:32:40 | READ | Song | Fetching data connected to Song with Id: 11 | Results: 6
2026-10-03 18:32:40 | READ | Song | Fetching data connected to Song with Id: 12 | Results: 6
2026-10-03 18:32:40 | READ | Song | Fetching data connected to Song with Id: 13 | Results: 6
2026-10-03 18:32:40 | READ | Song | Fetching data connected to Song with Id: 14 | Results: 6
2026-10-03 18:32:40 | READ | Song | Fetching data connected to Song with Id: 15 | Results: 6
2026-10-03 18:32:40 | READ | Song | Fetching data connected to Song with Id: 16 | Results: 6
2026-10-03 18:32:40 | READ | Song | Fetching data connected to Song with Id: 17 | Results: 6
2026-10-03 18:32:40 | READ | Song | Fetching data connected to Song with Id: 18 | Results: 6
2026-10-03 18:32:40 | READ | Song | Fetching data connected to Song with Id: 19 | Results: 4
2026-10-03 18:32:40 | READ | Song | Fetching data connected to Song with Id: 20 | Results: 6
2026-10-03 18:32:40 | READ | Song | Fetching data connected to Song with Id: 21 | Results: 4
2026-10-03 18:32:40 | READ | Song | Fetching data connected to Song with Id: 22 | Results: 6
2026-10-03 18:32:40 | READ | Song | Fetching data connected to Song with Id: 23 | Results: 6
2026-10-03 18:32:40 | READ | Song | Fetching data connected to Song with Id: 24 | Results: 6
2026-10-03 18:32:40 | READ | Song | Fetching data connected to Song with Id: 25 | Results: 6
2026-10-03 18:32:40 | READ | Song | Fetching data connected to Song with Id: 26 | Results: 6
2026-10-03 18:32:40 | READ | Song | Fetching data connected to Song with Id: 27 | Results: 6
2026-10-03 18:32:40 | READ | Song | Fetching data connected to Song with Id: 49 | Results: 4
2026-10-03 18:37:21 | READ | Song | Fetching all songs.
2026-10-03 18:37:21 | READ | Song | Fetching data connected to Song with Id: 1 | Results: 6
2026-10-03 18:37:21 | READ | Song | Fetching data connected to Song with Id: 2 | Results: 6
2026-10-03 18:37:21 | READ | Song | Fetching data connected to Song with Id: 3 | Results: 6
2026-10-03 18:37:21 | READ | Song | Fetching data connected to Song with Id: 4 | Results: 6
2026-10-03 18:37:21 | READ | Song | Fetching data connected to Song with Id: 5 | Results: 6
2026-10-03 18:37:21 | READ | Song | Fetching data connected to Song with Id: 6 | Results: 4
2026-10-03 18:37:21 | READ | Song | Fetching data connected to Song with Id: 7 | Results: 4
2026-10-03 18:37:21 | READ | Song | Fetching data connected to Song with Id: 8 | Results: 8
2026-10-03 18:37:21 | READ | Song | Fetching data connected to Song with Id: 9 | Results: 6
2026-10-03 18:37:21 | READ | Song | Fetching data connected to Song with Id: 10 | Results: 6
2026-10-03 18:37:21 | READ | Song | Fetching data connected to Song with Id: 11 | Results: 6
2026-10-03 18:37:21 | READ | Song | Fetching data connected to Song with Id: 12 | Results: 6
2026-10-03 18:37:21 | READ | Song | Fetching data connected to Song with Id: 13 | Results: 6
2026-10-03 18:37:21 | READ | Song | Fetching data connected to Song with Id: 14 | Results: 6
2026-10-03 18:37:21 | READ | Song | Fetching data connected to Song with Id: 15 | Results: 6
2026-10-03 18:37:21 | READ | Song | Fetching data connected to Song with Id: 16 | Results: 6
2026-10-03 18:37:21 | READ | Song | Fetching data connected to Song with Id: 17 | Results: 6
2026-10-03 18:37:21 | READ | Song | Fetching data connected to Song with Id: 18 | Results: 6
2026-10-03 18:37:21 | READ | Song | Fetching data connected to Song with Id: 19 | Results: 4
2026-10-03 18:37:21 | READ | Song | Fetching data connected to Song with Id: 20 | Results: 6
2026-10-03 18:37:21 | READ | Song | Fetching data connected to Song with Id: 21 | Results: 4
2026-10-03 18:37:21 | READ | Song | Fetching data connected to Song with Id: 22 | Results: 6
2026-10-03 18:37:21 | READ | Song | Fetching data connected to Song with Id: 23 | Results: 6
2026-10-03 18:37:21 | READ | Song | Fetching data connected to Song with Id: 24 | Results: 6
2026-10-03 18:37:21 | READ | Song | Fetching data connected to Song with Id: 25 | Results: 6
2026-10-03 18:37:21 | READ | Song | Fetching data connected to Song with Id: 26 | Results: 6
2026-10-03 18:37:21 | READ | Song | Fetching data connected to Song with Id: 27 | Results: 6
2026-10-03 18:37:21 | READ | Song | Fetching data connected to Song with Id: 49 | Results: 4
2026-10-03 18:37:22 | READ | Song | Fetching all songs.
2026-10-03 18:37:22 | READ | Song | Fetching data connected to Song with Id: 1 | Results: 6
2026-10-03 18:37:22 | READ | Song | Fetching data connected to Song with Id: 2 | Results: 6
2026-10-03 18:37:22 | READ | Song | Fetching data connected to Song with Id: 3 | Results: 6
2026-10-03 18:37:22 | READ | Song | Fetching data connected to Song with Id: 4 | Results: 6
2026-10-03 18:37:22 | READ | Song | Fetching data connected to Song with Id: 5 | Results: 6
2026-10-03 18:37:22 | READ | Song | Fetching data connected to Song with Id: 6 | Results: 4
2026-10-03 18:37:22 | READ | Song | Fetching data connected to Song with Id: 7 | Results: 4
2026-10-03 18:37:22 | READ | Song | Fetching data connected to Song with Id: 8 | Results: 8
2026-10-03 18:37:22 | READ | Song | Fetching data connected to Song with Id: 9 | Results: 6
2026-10-03 18:37:22 | READ | Song | Fetching data connected to Song with Id: 10 | Results: 6
2026-10-03 18:37:22 | READ | Song | Fetching data connected to Song with Id: 11 | Results: 6
2026-10-03 18:37:22 | READ | Song | Fetching data connected to Song with Id: 12 | Results: 6
2026-10-03 18:37:22 | READ | Song | Fetching data connected to Song with Id: 13 | Results: 6
2026-10-03 18:37:22 | READ | Song | Fetching data connected to Song with Id: 14 | Results: 6
2026-10-03 18:37:22 | READ | Song | Fetching data connected to Song with Id: 15 | Results: 6
2026-10-03 18:37:22 | READ | Song | Fetching data connected to Song with Id: 16 | Results: 6
2026-10-03 18:37:22 | READ | Song | Fetching data connected to Song with Id: 17 | Results: 6
2026-10-03 18:37:22 | READ | Song | Fetching data connected to Song with Id: 18 | Results: 6
2026-10-03 18:37:22 | READ | Song | Fetching data connected to Song with Id: 19 | Results: 4
2026-10-03 18:37:22 | READ | Song | Fetching data connected to Song with Id: 20 | Results: 6
2026-10-03 18:37:22 | READ | Song | Fetching data connected to Song with Id: 21 | Results: 4
2026-10-03 18:37:22 | READ | Song | Fetching data connected to Song with Id: 22 | Results: 6
2026-10-03 18:37:22 | READ | Song | Fetching data connected to Song with Id: 23 | Results: 6
2026-10-03 18:37:22 | READ | Song | Fetching data connected to Song with Id: 24 | Results: 6
2026-10-03 18:37:22 | READ | Song | Fetching data connected to Song with Id: 25 | Results: 6
2026-10-03 18:37:22 | READ | Song | Fetching data connected to Song with Id: 26 | Results: 6
2026-10-03 18:37:22 | READ | Song | Fetching data connected to Song with Id: 27 | Results: 6
2026-10-03 18:37:22 | READ | Song | Fetching data connected to Song with Id: 49 | Results: 4
2026-10-03 18:37:22 | READ | Song | Fetching all songs.
2026-10-03 18:37:22 | READ | Song | Fetching data connected to Song with Id: 1 | Results: 6
2026-10-03 18:37:22 | READ | Song | Fetching data connected to Song with Id: 2 | Results: 6
2026-10-03 18:37:22 | READ | Song | Fetching data connected to Song with Id: 3 | Results: 6
2026-10-03 18:37:22 | READ | Song | Fetching data connected to Song with Id: 4 | Results: 6
2026-10-03 18:37:22 | READ | Song | Fetching data connected to Song with Id: 5 | Results: 6
2026-10-03 18:37:22 | READ | Song | Fetching data connected to Song with Id: 6 | Results: 4
2026-10-03 18:37:22 | READ | Song | Fetching data connected to Song with Id: 7 | Results: 4
2026-10-03 18:37:22 | READ | Song | Fetching data connected to Song with Id: 8 | Results: 8
2026-10-03 18:37:22 | READ | Song | Fetching data connected to Song with Id: 9 | Results: 6
2026-10-03 18:37:22 | READ | Song | Fetching data connected to Song with Id: 10 | Results: 6
2026-10-03 18:37:22 | READ | Song | Fetching data connected to Song with Id: 11 | Results: 6
2026-10-03 18:37:22 | READ | Song | Fetching data connected to Song with Id: 12 | Results: 6
2026-10-03 18:37:22 | READ | Song | Fetching data connected to Song with Id: 13 | Results: 6
2026-10-03 18:37:22 | READ | Song | Fetching data connected to Song with Id: 14 | Results: 6
2026-10-03 18:37:22 | READ | Song | Fetching data connected to Song with Id: 15 | Results: 6
2026-10-03 18:37:22 | READ | Song | Fetching data connected to Song with Id: 16 | Results: 6
2026-10-03 18:37:22 | READ | Song | Fetching data connected to Song with Id: 17 | Results: 6
2026-10-03 18:37:22 | READ | Song | Fetching data connected to Song with Id: 18 | Results: 6
2026-10-03 18:37:22 | READ | Song | Fetching data connected to Song with Id: 19 | Results: 4
2026-10-03 18:37:22 | READ | Song | Fetching data connected to Song with Id: 20 | Results: 6
2026-10-03 18:37:22 | READ | Song | Fetching data connected to Song with Id: 21 | Results: 4
2026-10-03 18:37:22 | READ | Song | Fetching data connected to Song with Id: 22 | Results: 6
2026-10-03 18:37:22 | READ | Song | Fetching data connected to Song with Id: 23 | Results: 6
2026-10-03 18:37:22 | READ | Song | Fetching data connected to Song with Id: 24 | Results: 6
2026-10-03 18:37:22 | READ | Song | Fetching data connected to Song with Id: 25 | Results: 6
2026-10-03 18:37:22 | READ | Song | Fetching data connected to Song with Id: 26 | Results: 6
2026-10-03 18:37:22 | READ | Song | Fetching data connected to Song with Id: 27 | Results: 6
2026-10-03 18:37:22 | READ | Song | Fetching data connected to Song with Id: 49 | Results: 4
2026-10-03 18:37:22 | READ | Song | Fetching all songs.
2026-10-03 18:37:22 | READ | Song | Fetching data connected to Song with Id: 1 | Results: 6
2026-10-03 18:37:22 | READ | Song | Fetching data connected to Song with Id: 2 | Results: 6
2026-10-03 18:37:22 | READ | Song | Fetching data connected to Song with Id: 3 | Results: 6
2026-10-03 18:37:22 | READ | Song | Fetching data connected to Song with Id: 4 | Results: 6
2026-10-03 18:37:22 | READ | Song | Fetching data connected to Song with Id: 5 | Results: 6
2026-10-03 18:37:22 | READ | Song | Fetching data connected to Song with Id: 6 | Results: 4
2026-10-03 18:37:22 | READ | Song | Fetching data connected to Song with Id: 7 | Results: 4
2026-10-03 18:37:22 | READ | Song | Fetching data connected to Song with Id: 8 | Results: 8
2026-10-03 18:37:22 | READ | Song | Fetching data connected to Song with Id: 9 | Results: 6
2026-10-03 18:37:22 | READ | Song | Fetching data connected to Song with Id: 10 | Results: 6
2026-10-03 18:37:22 | READ | Song | Fetching data connected to Song with Id: 11 | Results: 6
2026-10-03 18:37:22 | READ | Song | Fetching data connected to Song with Id: 12 | Results: 6
2026-10-03 18:37:22 | READ | Song | Fetching data connected to Song with Id: 13 | Results: 6
2026-10-03 18:37:22 | READ | Song | Fetching data connected to Song with Id: 14 | Results: 6
2026-10-03 18:37:22 | READ | Song | Fetching data connected to Song with Id: 15 | Results: 6
2026-10-03 18:37:22 | READ | Song | Fetching data connected to Song with Id: 16 | Results: 6
2026-10-03 18:37:22 | READ | Song | Fetching data connected to Song with Id: 17 | Results: 6
2026-10-03 18:37:22 | READ | Song | Fetching data connected to Song with Id: 18 | Results: 6
2026-10-03 18:37:22 | READ | Song | Fetching data connected to Song with Id: 19 | Results: 4
2026-10-03 18:37:22 | READ | Song | Fetching data connected to Song with Id: 20 | Results: 6
2026-10-03 18:37:22 | READ | Song | Fetching data connected to Song with Id: 21 | Results: 4
2026-10-03 18:37:22 | READ | Song | Fetching data connected to Song with Id: 22 | Results: 6
2026-10-03 18:37:22 | READ | Song | Fetching data connected to Song with Id: 23 | Results: 6
2026-10-03 18:37:22 | READ | Song | Fetching data connected to Song with Id: 24 | Results: 6
2026-10-03 18:37:22 | READ | Song | Fetching data connected to Song with Id: 25 | Results: 6
2026-10-03 18:37:22 | READ | Song | Fetching data connected to Song with Id: 26 | Results: 6
2026-10-03 18:37:22 | READ | Song | Fetching data connected to Song with Id: 27 | Results: 6
2026-10-03 18:37:22 | READ | Song | Fetching data connected to Song with Id: 49 | Results: 4
2026-10-03 18:37:22 | READ | Song | Fetching all songs.
2026-10-03 18:37:22 | READ | Song | Fetching data connected to Song with Id: 1 | Results: 6
2026-10-03 18:37:22 | READ | Song | Fetching data connected to Song with Id: 2 | Results: 6
2026-10-03 18:37:22 | READ | Song | Fetching data connected to Song with Id: 3 | Results: 6
2026-10-03 18:37:22 | READ | Song | Fetching data connected to Song with Id: 4 | Results: 6
2026-10-03 18:37:22 | READ | Song | Fetching data connected to Song with Id: 5 | Results: 6
2026-10-03 18:37:22 | READ | Song | Fetching data connected to Song with Id: 6 | Results: 4
2026-10-03 18:37:22 | READ | Song | Fetching data connected to Song with Id: 7 | Results: 4
2026-10-03 18:37:22 | READ | Song | Fetching data connected to Song with Id: 8 | Results: 8
2026-10-03 18:37:22 | READ | Song | Fetching data connected to Song with Id: 9 | Results: 6
2026-10-03 18:37:22 | READ | Song | Fetching data connected to Song with Id: 10 | Results: 6
2026-10-03 18:37:22 | READ | Song | Fetching data connected to Song with Id: 11 | Results: 6
2026-10-03 18:37:22 | READ | Song | Fetching data connected to Song with Id: 12 | Results: 6
2026-10-03 18:37:22 | READ | Song | Fetching data connected to Song with Id: 13 | Results: 6
2026-10-03 18:37:22 | READ | Song | Fetching data connected to Song with Id: 14 | Results: 6
2026-10-03 18:37:22 | READ | Song | Fetching data connected to Song with Id: 15 | Results: 6
2026-10-03 18:37:22 | READ | Song | Fetching data connected to Song with Id: 16 | Results: 6
2026-10-03 18:37:22 | READ | Song | Fetching data connected to Song with Id: 17 | Results: 6
2026-10-03 18:37:22 | READ | Song | Fetching data connected to Song with Id: 18 | Results: 6
2026-10-03 18:37:22 | READ | Song | Fetching data connected to Song with Id: 19 | Results: 4
2026-10-03 18:37:22 | READ | Song | Fetching data connected to Song with Id: 20 | Results: 6
2026-10-03 18:37:22 | READ | Song | Fetching data connected to Song with Id: 21 | Results: 4
2026-10-03 18:37:22 | READ | Song | Fetching data connected to Song with Id: 22 | Results: 6
2026-10-03 18:37:22 | READ | Song | Fetching data connected to Song with Id: 23 | Results: 6
2026-10-03 18:37:22 | READ | Song | Fetching data connected to Song with Id: 24 | Results: 6
2026-10-03 18:37:22 | READ | Song | Fetching data connected to Song with Id: 25 | Results: 6
2026-10-03 18:37:22 | READ | Song | Fetching data connected to Song with Id: 26 | Results: 6
2026-10-03 18:37:22 | READ | Song | Fetching data connected to Song with Id: 27 | Results: 6
2026-10-03 18:37:22 | READ | Song | Fetching data connected to Song with Id: 49 | Results: 4
2026-10-03 18:37:24 | READ | Song | Fetching all songs.
2026-10-03 18:37:24 | READ | Song | Fetching data connected to Song with Id: 1 | Results: 6
2026-10-03 18:37:24 | READ | Song | Fetching data connected to Song with Id: 2 | Results: 6
2026-10-03 18:37:24 | READ | Song | Fetching data connected to Song with Id: 3 | Results: 6
2026-10-03 18:37:24 | READ | Song | Fetching data connected to Song with Id: 4 | Results: 6
2026-10-03 18:37:24 | READ | Song | Fetching data connected to Song with Id: 5 | Results: 6
2026-10-03 18:37:24 | READ | Song | Fetching data connected to Song with Id: 6 | Results: 4
2026-10-03 18:37:24 | READ | Song | Fetching data connected to Song with Id: 7 | Results: 4
2026-10-03 18:37:24 | READ | Song | Fetching data connected to Song with Id: 8 | Results: 8
2026-10-03 18:37:24 | READ | Song | Fetching data connected to Song with Id: 9 | Results: 6
2026-10-03 18:37:24 | READ | Song | Fetching data connected to Song with Id: 10 | Results: 6
2026-10-03 18:37:24 | READ | Song | Fetching data connected to Song with Id: 11 | Results: 6
2026-10-03 18:37:24 | READ | Song | Fetching data connected to Song with Id: 12 | Results: 6
2026-10-03 18:37:24 | READ | Song | Fetching data connected to Song with Id: 13 | Results: 6
2026-10-03 18:37:24 | READ | Song | Fetching data connected to Song with Id: 14 | Results: 6
2026-10-03 18:37:24 | READ | Song | Fetching data connected to Song with Id: 15 | Results: 6
2026-10-03 18:37:24 | READ | Song | Fetching data connected to Song with Id: 16 | Results: 6
2026-10-03 18:37:24 | READ | Song | Fetching data connected to Song with Id: 17 | Results: 6
2026-10-03 18:37:24 | READ | Song | Fetching data connected to Song with Id: 18 | Results: 6
2026-10-03 18:37:24 | READ | Song | Fetching data connected to Song with Id: 19 | Results: 4
2026-10-03 18:37:24 | READ | Song | Fetching data connected to Song with Id: 20 | Results: 6
2026-10-03 18:37:24 | READ | Song | Fetching data connected to Song with Id: 21 | Results: 4
2026-10-03 18:37:24 | READ | Song | Fetching data connected to Song with Id: 22 | Results: 6
2026-10-03 18:37:24 | READ | Song | Fetching data connected to Song with Id: 23 | Results: 6
2026-10-03 18:37:24 | READ | Song | Fetching data connected to Song with Id: 24 | Results: 6
2026-10-03 18:37:24 | READ | Song | Fetching data connected to Song with Id: 25 | Results: 6
2026-10-03 18:37:24 | READ | Song | Fetching data connected to Song with Id: 26 | Results: 6
2026-10-03 18:37:24 | READ | Song | Fetching data connected to Song with Id: 27 | Results: 6
2026-10-03 18:37:24 | READ | Song | Fetching data connected to Song with Id: 49 | Results: 4
2026-10-03 18:37:26 | READ | Song | Fetching all songs.
2026-10-03 18:37:26 | READ | Song | Fetching data connected to Song with Id: 1 | Results: 6
2026-10-03 18:37:26 | READ | Song | Fetching data connected to Song with Id: 2 | Results: 6
2026-10-03 18:37:26 | READ | Song | Fetching data connected to Song with Id: 3 | Results: 6
2026-10-03 18:37:26 | READ | Song | Fetching data connected to Song with Id: 4 | Results: 6
2026-10-03 18:37:26 | READ | Song | Fetching data connected to Song with Id: 5 | Results: 6
2026-10-03 18:37:26 | READ | Song | Fetching data connected to Song with Id: 6 | Results: 4
2026-10-03 18:37:26 | READ | Song | Fetching data connected to Song with Id: 7 | Results: 4
2026-10-03 18:37:26 | READ | Song | Fetching data connected to Song with Id: 8 | Results: 8
2026-10-03 18:37:26 | READ | Song | Fetching data connected to Song with Id: 9 | Results: 6
2026-10-03 18:37:26 | READ | Song | Fetching data connected to Song with Id: 10 | Results: 6
2026-10-03 18:37:26 | READ | Song | Fetching data connected to Song with Id: 11 | Results: 6
2026-10-03 18:37:26 | READ | Song | Fetching data connected to Song with Id: 12 | Results: 6
2026-10-03 18:37:26 | READ | Song | Fetching data connected to Song with Id: 13 | Results: 6
2026-10-03 18:37:26 | READ | Song | Fetching data connected to Song with Id: 14 | Results: 6
2026-10-03 18:37:26 | READ | Song | Fetching data connected to Song with Id: 15 | Results: 6
2026-10-03 18:37:26 | READ | Song | Fetching data connected to Song with Id: 16 | Results: 6
2026-10-03 18:37:26 | READ | Song | Fetching data connected to Song with Id: 17 | Results: 6
2026-10-03 18:37:26 | READ | Song | Fetching data connected to Song with Id: 18 | Results: 6
2026-10-03 18:37:26 | READ | Song | Fetching data connected to Song with Id: 19 | Results: 4
2026-10-03 18:37:26 | READ | Song | Fetching data connected to Song with Id: 20 | Results: 6
2026-10-03 18:37:26 | READ | Song | Fetching data connected to Song with Id: 21 | Results: 4
2026-10-03 18:37:26 | READ | Song | Fetching data connected to Song with Id: 22 | Results: 6
2026-10-03 18:37:26 | READ | Song | Fetching data connected to Song with Id: 23 | Results: 6
2026-10-03 18:37:26 | READ | Song | Fetching data connected to Song with Id: 24 | Results: 6
2026-10-03 18:37:26 | READ | Song | Fetching data connected to Song with Id: 25 | Results: 6
2026-10-03 18:37:26 | READ | Song | Fetching data connected to Song with Id: 26 | Results: 6
2026-10-03 18:37:26 | READ | Song | Fetching data connected to Song with Id: 27 | Results: 6
2026-10-03 18:37:26 | READ | Song | Fetching data connected to Song with Id: 49 | Results: 4
2026-10-03 18:37:27 | READ | Song | Fetching all songs.
2026-10-03 18:37:27 | READ | Song | Fetching data connected to Song with Id: 1 | Results: 6
2026-10-03 18:37:27 | READ | Song | Fetching data connected to Song with Id: 2 | Results: 6
2026-10-03 18:37:27 | READ | Song | Fetching data connected to Song with Id: 3 | Results: 6
2026-10-03 18:37:27 | READ | Song | Fetching data connected to Song with Id: 4 | Results: 6
2026-10-03 18:37:27 | READ | Song | Fetching data connected to Song with Id: 5 | Results: 6
2026-10-03 18:37:27 | READ | Song | Fetching data connected to Song with Id: 6 | Results: 4
2026-10-03 18:37:27 | READ | Song | Fetching data connected to Song with Id: 7 | Results: 4
2026-10-03 18:37:27 | READ | Song | Fetching data connected to Song with Id: 8 | Results: 8
2026-10-03 18:37:27 | READ | Song | Fetching data connected to Song with Id: 9 | Results: 6
2026-10-03 18:37:27 | READ | Song | Fetching data connected to Song with Id: 10 | Results: 6
2026-10-03 18:37:27 | READ | Song | Fetching data connected to Song with Id: 11 | Results: 6
2026-10-03 18:37:27 | READ | Song | Fetching data connected to Song with Id: 12 | Results: 6
2026-10-03 18:37:27 | READ | Song | Fetching data connected to Song with Id: 13 | Results: 6
2026-10-03 18:37:27 | READ | Song | Fetching data connected to Song with Id: 14 | Results: 6
2026-10-03 18:37:27 | READ | Song | Fetching data connected to Song with Id: 15 | Results: 6
2026-10-03 18:37:27 | READ | Song | Fetching data connected to Song with Id: 16 | Results: 6
2026-10-03 18:37:27 | READ | Song | Fetching data connected to Song with Id: 17 | Results: 6
2026-10-03 18:37:27 | READ | Song | Fetching data connected to Song with Id: 18 | Results: 6
2026-10-03 18:37:27 | READ | Song | Fetching data connected to Song with Id: 19 | Results: 4
2026-10-03 18:37:27 | READ | Song | Fetching data connected to Song with Id: 20 | Results: 6
2026-10-03 18:37:27 | READ | Song | Fetching data connected to Song with Id: 21 | Results: 4
2026-10-03 18:37:27 | READ | Song | Fetching data connected to Song with Id: 22 | Results: 6
2026-10-03 18:37:27 | READ | Song | Fetching data connected to Song with Id: 23 | Results: 6
2026-10-03 18:37:27 | READ | Song | Fetching data connected to Song with Id: 24 | Results: 6
2026-10-03 18:37:27 | READ | Song | Fetching data connected to Song with Id: 25 | Results: 6
2026-10-03 18:37:27 | READ | Song | Fetching data connected to Song with Id: 26 | Results: 6
2026-10-03 18:37:27 | READ | Song | Fetching data connected to Song with Id: 27 | Results: 6
2026-10-03 18:37:27 | READ | Song | Fetching data connected to Song with Id: 49 | Results: 4
2026-10-03 18:37:28 | READ | Song | Fetching all songs.
2026-10-03 18:37:28 | READ | Song | Fetching data connected to Song with Id: 1 | Results: 6
2026-10-03 18:37:28 | READ | Song | Fetching data connected to Song with Id: 2 | Results: 6
2026-10-03 18:37:28 | READ | Song | Fetching data connected to Song with Id: 3 | Results: 6
2026-10-03 18:37:28 | READ | Song | Fetching data connected to Song with Id: 4 | Results: 6
2026-10-03 18:37:28 | READ | Song | Fetching data connected to Song with Id: 5 | Results: 6
2026-10-03 18:37:28 | READ | Song | Fetching data connected to Song with Id: 6 | Results: 4
2026-10-03 18:37:28 | READ | Song | Fetching data connected to Song with Id: 7 | Results: 4
2026-10-03 18:37:28 | READ | Song | Fetching data connected to Song with Id: 8 | Results: 8
2026-10-03 18:37:28 | READ | Song | Fetching data connected to Song with Id: 9 | Results: 6
2026-10-03 18:37:28 | READ | Song | Fetching data connected to Song with Id: 10 | Results: 6
2026-10-03 18:37:28 | READ | Song | Fetching data connected to Song with Id: 11 | Results: 6
2026-10-03 18:37:28 | READ | Song | Fetching data connected to Song with Id: 12 | Results: 6
2026-10-03 18:37:28 | READ | Song | Fetching data connected to Song with Id: 13 | Results: 6
2026-10-03 18:37:28 | READ | Song | Fetching data connected to Song with Id: 14 | Results: 6
2026-10-03 18:37:28 | READ | Song | Fetching data connected to Song with Id: 15 | Results: 6
2026-10-03 18:37:28 | READ | Song | Fetching data connected to Song with Id: 16 | Results: 6
2026-10-03 18:37:28 | READ | Song | Fetching data connected to Song with Id: 17 | Results: 6
2026-10-03 18:37:28 | READ | Song | Fetching data connected to Song with Id: 18 | Results: 6
2026-10-03 18:37:28 | READ | Song | Fetching data connected to Song with Id: 19 | Results: 4
2026-10-03 18:37:28 | READ | Song | Fetching data connected to Song with Id: 20 | Results: 6
2026-10-03 18:37:28 | READ | Song | Fetching data connected to Song with Id: 21 | Results: 4
2026-10-03 18:37:28 | READ | Song | Fetching data connected to Song with Id: 22 | Results: 6
2026-10-03 18:37:28 | READ | Song | Fetching data connected to Song with Id: 23 | Results: 6
2026-10-03 18:37:28 | READ | Song | Fetching data connected to Song with Id: 24 | Results: 6
2026-10-03 18:37:28 | READ | Song | Fetching data connected to Song with Id: 25 | Results: 6
2026-10-03 18:37:28 | READ | Song | Fetching data connected to Song with Id: 26 | Results: 6
2026-10-03 18:37:28 | READ | Song | Fetching data connected to Song with Id: 27 | Results: 6
2026-10-03 18:37:28 | READ | Song | Fetching data connected to Song with Id: 49 | Results: 4
2026-10-03 18:37:29 | READ | Song | Fetching all songs.
2026-10-03 18:37:29 | READ | Song | Fetching data connected to Song with Id: 1 | Results: 6
2026-10-03 18:37:29 | READ | Song | Fetching data connected to Song with Id: 2 | Results: 6
2026-10-03 18:37:29 | READ | Song | Fetching data connected to Song with Id: 3 | Results: 6
2026-10-03 18:37:29 | READ | Song | Fetching data connected to Song with Id: 4 | Results: 6
2026-10-03 18:37:29 | READ | Song | Fetching data connected to Song with Id: 5 | Results: 6
2026-10-03 18:37:29 | READ | Song | Fetching data connected to Song with Id: 6 | Results: 4
2026-10-03 18:37:29 | READ | Song | Fetching data connected to Song with Id: 7 | Results: 4
2026-10-03 18:37:29 | READ | Song | Fetching data connected to Song with Id: 8 | Results: 8
2026-10-03 18:37:29 | READ | Song | Fetching data connected to Song with Id: 9 | Results: 6
2026-10-03 18:37:29 | READ | Song | Fetching data connected to Song with Id: 10 | Results: 6
2026-10-03 18:37:29 | READ | Song | Fetching data connected to Song with Id: 11 | Results: 6
2026-10-03 18:37:29 | READ | Song | Fetching data connected to Song with Id: 12 | Results: 6
2026-10-03 18:37:29 | READ | Song | Fetching data connected to Song with Id: 13 | Results: 6
2026-10-03 18:37:29 | READ | Song | Fetching data connected to Song with Id: 14 | Results: 6
2026-10-03 18:37:29 | READ | Song | Fetching data connected to Song with Id: 15 | Results: 6
2026-10-03 18:37:29 | READ | Song | Fetching data connected to Song with Id: 16 | Results: 6
2026-10-03 18:37:29 | READ | Song | Fetching data connected to Song with Id: 17 | Results: 6
2026-10-03 18:37:29 | READ | Song | Fetching data connected to Song with Id: 18 | Results: 6
2026-10-03 18:37:29 | READ | Song | Fetching data connected to Song with Id: 19 | Results: 4
2026-10-03 18:37:29 | READ | Song | Fetching data connected to Song with Id: 20 | Results: 6
2026-10-03 18:37:29 | READ | Song | Fetching data connected to Song with Id: 21 | Results: 4
2026-10-03 18:37:29 | READ | Song | Fetching data connected to Song with Id: 22 | Results: 6
2026-10-03 18:37:29 | READ | Song | Fetching data connected to Song with Id: 23 | Results: 6
2026-10-03 18:37:29 | READ | Song | Fetching data connected to Song with Id: 24 | Results: 6
2026-10-03 18:37:29 | READ | Song | Fetching data connected to Song with Id: 25 | Results: 6
2026-10-03 18:37:29 | READ | Song | Fetching data connected to Song with Id: 26 | Results: 6
2026-10-03 18:37:29 | READ | Song | Fetching data connected to Song with Id: 27 | Results: 6
2026-10-03 18:37:29 | READ | Song | Fetching data connected to Song with Id: 49 | Results: 4
2026-10-03 18:37:30 | READ | Song | Fetching all songs.
2026-10-03 18:37:30 | READ | Song | Fetching data connected to Song with Id: 1 | Results: 6
2026-10-03 18:37:30 | READ | Song | Fetching data connected to Song with Id: 2 | Results: 6
2026-10-03 18:37:30 | READ | Song | Fetching data connected to Song with Id: 3 | Results: 6
2026-10-03 18:37:30 | READ | Song | Fetching data connected to Song with Id: 4 | Results: 6
2026-10-03 18:37:30 | READ | Song | Fetching data connected to Song with Id: 5 | Results: 6
2026-10-03 18:37:30 | READ | Song | Fetching data connected to Song with Id: 6 | Results: 4
2026-10-03 18:37:30 | READ | Song | Fetching data connected to Song with Id: 7 | Results: 4
2026-10-03 18:37:30 | READ | Song | Fetching data connected to Song with Id: 8 | Results: 8
2026-10-03 18:37:30 | READ | Song | Fetching data connected to Song with Id: 9 | Results: 6
2026-10-03 18:37:30 | READ | Song | Fetching data connected to Song with Id: 10 | Results: 6
2026-10-03 18:37:30 | READ | Song | Fetching data connected to Song with Id: 11 | Results: 6
2026-10-03 18:37:30 | READ | Song | Fetching data connected to Song with Id: 12 | Results: 6
2026-10-03 18:37:30 | READ | Song | Fetching data connected to Song with Id: 13 | Results: 6
2026-10-03 18:37:30 | READ | Song | Fetching data connected to Song with Id: 14 | Results: 6
2026-10-03 18:37:30 | READ | Song | Fetching data connected to Song with Id: 15 | Results: 6
2026-10-03 18:37:30 | READ | Song | Fetching data connected to Song with Id: 16 | Results: 6
2026-10-03 18:37:30 | READ | Song | Fetching data connected to Song with Id: 17 | Results: 6
2026-10-03 18:37:30 | READ | Song | Fetching data connected to Song with Id: 18 | Results: 6
2026-10-03 18:37:30 | READ | Song | Fetching data connected to Song with Id: 19 | Results: 4
2026-10-03 18:37:30 | READ | Song | Fetching data connected to Song with Id: 20 | Results: 6
2026-10-03 18:37:30 | READ | Song | Fetching data connected to Song with Id: 21 | Results: 4
2026-10-03 18:37:30 | READ | Song | Fetching data connected to Song with Id: 22 | Results: 6
2026-10-03 18:37:30 | READ | Song | Fetching data connected to Song with Id: 23 | Results: 6
2026-10-03 18:37:30 | READ | Song | Fetching data connected to Song with Id: 24 | Results: 6
2026-10-03 18:37:30 | READ | Song | Fetching data connected to Song with Id: 25 | Results: 6
2026-10-03 18:37:30 | READ | Song | Fetching data connected to Song with Id: 26 | Results: 6
2026-10-03 18:37:30 | READ | Song | Fetching data connected to Song with Id: 27 | Results: 6
2026-10-03 18:37:30 | READ | Song | Fetching data connected to Song with Id: 49 | Results: 4
2026-10-03 18:37:34 | READ | Song | Fetching all songs.
2026-10-03 18:37:34 | READ | Song | Fetching data connected to Song with Id: 1 | Results: 6
2026-10-03 18:37:34 | READ | Song | Fetching data connected to Song with Id: 2 | Results: 6
2026-10-03 18:37:34 | READ | Song | Fetching data connected to Song with Id: 3 | Results: 6
2026-10-03 18:37:34 | READ | Song | Fetching data connected to Song with Id: 4 | Results: 6
2026-10-03 18:37:34 | READ | Song | Fetching data connected to Song with Id: 5 | Results: 6
2026-10-03 18:37:34 | READ | Song | Fetching data connected to Song with Id: 6 | Results: 4
2026-10-03 18:37:34 | READ | Song | Fetching data connected to Song with Id: 7 | Results: 4
2026-10-03 18:37:34 | READ | Song | Fetching data connected to Song with Id: 8 | Results: 8
2026-10-03 18:37:34 | READ | Song | Fetching data connected to Song with Id: 9 | Results: 6
2026-10-03 18:37:34 | READ | Song | Fetching data connected to Song with Id: 10 | Results: 6
2026-10-03 18:37:34 | READ | Song | Fetching data connected to Song with Id: 11 | Results: 6
2026-10-03 18:37:34 | READ | Song | Fetching data connected to Song with Id: 12 | Results: 6
2026-10-03 18:37:34 | READ | Song | Fetching data connected to Song with Id: 13 | Results: 6
2026-10-03 18:37:34 | READ | Song | Fetching data connected to Song with Id: 14 | Results: 6
2026-10-03 18:37:34 | READ | Song | Fetching data connected to Song with Id: 15 | Results: 6
2026-10-03 18:37:34 | READ | Song | Fetching data connected to Song with Id: 16 | Results: 6
2026-10-03 18:37:34 | READ | Song | Fetching data connected to Song with Id: 17 | Results: 6
2026-10-03 18:37:34 | READ | Song | Fetching data connected to Song with Id: 18 | Results: 6
2026-10-03 18:37:34 | READ | Song | Fetching data connected to Song with Id: 19 | Results: 4
2026-10-03 18:37:34 | READ | Song | Fetching data connected to Song with Id: 20 | Results: 6
2026-10-03 18:37:34 | READ | Song | Fetching data connected to Song with Id: 21 | Results: 4
2026-10-03 18:37:34 | READ | Song | Fetching data connected to Song with Id: 22 | Results: 6
2026-10-03 18:37:34 | READ | Song | Fetching data connected to Song with Id: 23 | Results: 6
2026-10-03 18:37:34 | READ | Song | Fetching data connected to Song with Id: 24 | Results: 6
2026-10-03 18:37:34 | READ | Song | Fetching data connected to Song with Id: 25 | Results: 6
2026-10-03 18:37:34 | READ | Song | Fetching data connected to Song with Id: 26 | Results: 6
2026-10-03 18:37:34 | READ | Song | Fetching data connected to Song with Id: 27 | Results: 6
2026-10-03 18:37:34 | READ | Song | Fetching data connected to Song with Id: 49 | Results: 4
2026-10-03 18:37:34 | READ | Song | Fetching all songs.
2026-10-03 18:37:34 | READ | Song | Fetching data connected to Song with Id: 1 | Results: 6
2026-10-03 18:37:34 | READ | Song | Fetching data connected to Song with Id: 2 | Results: 6
2026-10-03 18:37:34 | READ | Song | Fetching data connected to Song with Id: 3 | Results: 6
2026-10-03 18:37:34 | READ | Song | Fetching data connected to Song with Id: 4 | Results: 6
2026-10-03 18:37:34 | READ | Song | Fetching data connected to Song with Id: 5 | Results: 6
2026-10-03 18:37:34 | READ | Song | Fetching data connected to Song with Id: 6 | Results: 4
2026-10-03 18:37:34 | READ | Song | Fetching data connected to Song with Id: 7 | Results: 4
2026-10-03 18:37:34 | READ | Song | Fetching data connected to Song with Id: 8 | Results: 8
2026-10-03 18:37:34 | READ | Song | Fetching data connected to Song with Id: 9 | Results: 6
2026-10-03 18:37:34 | READ | Song | Fetching data connected to Song with Id: 10 | Results: 6
2026-10-03 18:37:34 | READ | Song | Fetching data connected to Song with Id: 11 | Results: 6
2026-10-03 18:37:34 | READ | Song | Fetching data connected to Song with Id: 12 | Results: 6
2026-10-03 18:37:34 | READ | Song | Fetching data connected to Song with Id: 13 | Results: 6
2026-10-03 18:37:34 | READ | Song | Fetching data connected to Song with Id: 14 | Results: 6
2026-10-03 18:37:34 | READ | Song | Fetching data connected to Song with Id: 15 | Results: 6
2026-10-03 18:37:34 | READ | Song | Fetching data connected to Song with Id: 16 | Results: 6
2026-10-03 18:37:34 | READ | Song | Fetching data connected to Song with Id: 17 | Results: 6
2026-10-03 18:37:34 | READ | Song | Fetching data connected to Song with Id: 18 | Results: 6
2026-10-03 18:37:34 | READ | Song | Fetching data connected to Song with Id: 19 | Results: 4
2026-10-03 18:37:34 | READ | Song | Fetching data connected to Song with Id: 20 | Results: 6
2026-10-03 18:37:34 | READ | Song | Fetching data connected to Song with Id: 21 | Results: 4
2026-10-03 18:37:34 | READ | Song | Fetching data connected to Song with Id: 22 | Results: 6
2026-10-03 18:37:34 | READ | Song | Fetching data connected to Song with Id: 23 | Results: 6
2026-10-03 18:37:34 | READ | Song | Fetching data connected to Song with Id: 24 | Results: 6
2026-10-03 18:37:34 | READ | Song | Fetching data connected to Song with Id: 25 | Results: 6
2026-10-03 18:37:34 | READ | Song | Fetching data connected to Song with Id: 26 | Results: 6
2026-10-03 18:37:34 | READ | Song | Fetching data connected to Song with Id: 27 | Results: 6
2026-10-03 18:37:34 | READ | Song | Fetching data connected to Song with Id: 49 | Results: 4
2026-10-03 18:37:34 | READ | Song | Fetching all songs.
2026-10-03 18:37:34 | READ | Song | Fetching data connected to Song with Id: 1 | Results: 6
2026-10-03 18:37:34 | READ | Song | Fetching data connected to Song with Id: 2 | Results: 6
2026-10-03 18:37:34 | READ | Song | Fetching data connected to Song with Id: 3 | Results: 6
2026-10-03 18:37:34 | READ | Song | Fetching data connected to Song with Id: 4 | Results: 6
2026-10-03 18:37:34 | READ | Song | Fetching data connected to Song with Id: 5 | Results: 6
2026-10-03 18:37:34 | READ | Song | Fetching data connected to Song with Id: 6 | Results: 4
2026-10-03 18:37:34 | READ | Song | Fetching data connected to Song with Id: 7 | Results: 4
2026-10-03 18:37:34 | READ | Song | Fetching data connected to Song with Id: 8 | Results: 8
2026-10-03 18:37:34 | READ | Song | Fetching data connected to Song with Id: 9 | Results: 6
2026-10-03 18:37:34 | READ | Song | Fetching data connected to Song with Id: 10 | Results: 6
2026-10-03 18:37:34 | READ | Song | Fetching data connected to Song with Id: 11 | Results: 6
2026-10-03 18:37:34 | READ | Song | Fetching data connected to Song with Id: 12 | Results: 6
2026-10-03 18:37:34 | READ | Song | Fetching data connected to Song with Id: 13 | Results: 6
2026-10-03 18:37:34 | READ | Song | Fetching data connected to Song with Id: 14 | Results: 6
2026-10-03 18:37:34 | READ | Song | Fetching data connected to Song with Id: 15 | Results: 6
2026-10-03 18:37:34 | READ | Song | Fetching data connected to Song with Id: 16 | Results: 6
2026-10-03 18:37:34 | READ | Song | Fetching data connected to Song with Id: 17 | Results: 6
2026-10-03 18:37:34 | READ | Song | Fetching data connected to Song with Id: 18 | Results: 6
2026-10-03 18:37:34 | READ | Song | Fetching data connected to Song with Id: 19 | Results: 4
2026-10-03 18:37:34 | READ | Song | Fetching data connected to Song with Id: 20 | Results: 6
2026-10-03 18:37:34 | READ | Song | Fetching data connected to Song with Id: 21 | Results: 4
2026-10-03 18:37:34 | READ | Song | Fetching data connected to Song with Id: 22 | Results: 6
2026-10-03 18:37:34 | READ | Song | Fetching data connected to Song with Id: 23 | Results: 6
2026-10-03 18:37:34 | READ | Song | Fetching data connected to Song with Id: 24 | Results: 6
2026-10-03 18:37:34 | READ | Song | Fetching data connected to Song with Id: 25 | Results: 6
2026-10-03 18:37:34 | READ | Song | Fetching data connected to Song with Id: 26 | Results: 6
2026-10-03 18:37:34 | READ | Song | Fetching data connected to Song with Id: 27 | Results: 6
2026-10-03 18:37:34 | READ | Song | Fetching data connected to Song with Id: 49 | Results: 4
2026-10-03 18:37:34 | READ | Song | Fetching all songs.
2026-10-03 18:37:34 | READ | Song | Fetching data connected to Song with Id: 1 | Results: 6
2026-10-03 18:37:34 | READ | Song | Fetching data connected to Song with Id: 2 | Results: 6
2026-10-03 18:37:34 | READ | Song | Fetching data connected to Song with Id: 3 | Results: 6
2026-10-03 18:37:34 | READ | Song | Fetching data connected to Song with Id: 4 | Results: 6
2026-10-03 18:37:34 | READ | Song | Fetching data connected to Song with Id: 5 | Results: 6
2026-10-03 18:37:34 | READ | Song | Fetching data connected to Song with Id: 6 | Results: 4
2026-10-03 18:37:34 | READ | Song | Fetching data connected to Song with Id: 7 | Results: 4
2026-10-03 18:37:34 | READ | Song | Fetching data connected to Song with Id: 8 | Results: 8
2026-10-03 18:37:34 | READ | Song | Fetching data connected to Song with Id: 9 | Results: 6
2026-10-03 18:37:34 | READ | Song | Fetching data connected to Song with Id: 10 | Results: 6
2026-10-03 18:37:34 | READ | Song | Fetching data connected to Song with Id: 11 | Results: 6
2026-10-03 18:37:34 | READ | Song | Fetching data connected to Song with Id: 12 | Results: 6
2026-10-03 18:37:34 | READ | Song | Fetching data connected to Song with Id: 13 | Results: 6
2026-10-03 18:37:34 | READ | Song | Fetching data connected to Song with Id: 14 | Results: 6
2026-10-03 18:37:34 | READ | Song | Fetching data connected to Song with Id: 15 | Results: 6
2026-10-03 18:37:34 | READ | Song | Fetching data connected to Song with Id: 16 | Results: 6
2026-10-03 18:37:34 | READ | Song | Fetching data connected to Song with Id: 17 | Results: 6
2026-10-03 18:37:34 | READ | Song | Fetching data connected to Song with Id: 18 | Results: 6
2026-10-03 18:37:34 | READ | Song | Fetching data connected to Song with Id: 19 | Results: 4
2026-10-03 18:37:34 | READ | Song | Fetching data connected to Song with Id: 20 | Results: 6
2026-10-03 18:37:34 | READ | Song | Fetching data connected to Song with Id: 21 | Results: 4
2026-10-03 18:37:34 | READ | Song | Fetching data connected to Song with Id: 22 | Results: 6
2026-10-03 18:37:34 | READ | Song | Fetching data connected to Song with Id: 23 | Results: 6
2026-10-03 18:37:34 | READ | Song | Fetching data connected to Song with Id: 24 | Results: 6
2026-10-03 18:37:34 | READ | Song | Fetching data connected to Song with Id: 25 | Results: 6
2026-10-03 18:37:34 | READ | Song | Fetching data connected to Song with Id: 26 | Results: 6
2026-10-03 18:37:34 | READ | Song | Fetching data connected to Song with Id: 27 | Results: 6
2026-10-03 18:37:34 | READ | Song | Fetching data connected to Song with Id: 49 | Results: 4
2026-10-03 18:37:34 | READ | Song | Fetching all songs.
2026-10-03 18:37:34 | READ | Song | Fetching data connected to Song with Id: 1 | Results: 6
2026-10-03 18:37:34 | READ | Song | Fetching data connected to Song with Id: 2 | Results: 6
2026-10-03 18:37:34 | READ | Song | Fetching data connected to Song with Id: 3 | Results: 6
2026-10-03 18:37:34 | READ | Song | Fetching data connected to Song with Id: 4 | Results: 6
2026-10-03 18:37:34 | READ | Song | Fetching data connected to Song with Id: 5 | Results: 6
2026-10-03 18:37:34 | READ | Song | Fetching data connected to Song with Id: 6 | Results: 4
2026-10-03 18:37:34 | READ | Song | Fetching data connected to Song with Id: 7 | Results: 4
2026-10-03 18:37:34 | READ | Song | Fetching data connected to Song with Id: 8 | Results: 8
2026-10-03 18:37:34 | READ | Song | Fetching data connected to Song with Id: 9 | Results: 6
2026-10-03 18:37:34 | READ | Song | Fetching data connected to Song with Id: 10 | Results: 6
2026-10-03 18:37:34 | READ | Song | Fetching data connected to Song with Id: 11 | Results: 6
2026-10-03 18:37:34 | READ | Song | Fetching data connected to Song with Id: 12 | Results: 6
2026-10-03 18:37:34 | READ | Song | Fetching data connected to Song with Id: 13 | Results: 6
2026-10-03 18:37:34 | READ | Song | Fetching data connected to Song with Id: 14 | Results: 6
2026-10-03 18:37:34 | READ | Song | Fetching data connected to Song with Id: 15 | Results: 6
2026-10-03 18:37:34 | READ | Song | Fetching data connected to Song with Id: 16 | Results: 6
2026-10-03 18:37:34 | READ | Song | Fetching data connected to Song with Id: 17 | Results: 6
2026-10-03 18:37:34 | READ | Song | Fetching data connected to Song with Id: 18 | Results: 6
2026-10-03 18:37:34 | READ | Song | Fetching data connected to Song with Id: 19 | Results: 4
2026-10-03 18:37:34 | READ | Song | Fetching data connected to Song with Id: 20 | Results: 6
2026-10-03 18:37:34 | READ | Song | Fetching data connected to Song with Id: 21 | Results: 4
2026-10-03 18:37:34 | READ | Song | Fetching data connected to Song with Id: 22 | Results: 6
2026-10-03 18:37:34 | READ | Song | Fetching data connected to Song with Id: 23 | Results: 6
2026-10-03 18:37:34 | READ | Song | Fetching data connected to Song with Id: 24 | Results: 6
2026-10-03 18:37:34 | READ | Song | Fetching data connected to Song with Id: 25 | Results: 6
2026-10-03 18:37:34 | READ | Song | Fetching data connected to Song with Id: 26 | Results: 6
2026-10-03 18:37:34 | READ | Song | Fetching data connected to Song with Id: 27 | Results: 6
2026-10-03 18:37:34 | READ | Song | Fetching data connected to Song with Id: 49 | Results: 4
2026-10-03 18:37:35 | READ | Song | Fetching all songs.
2026-10-03 18:37:35 | READ | Song | Fetching data connected to Song with Id: 1 | Results: 6
2026-10-03 18:37:35 | READ | Song | Fetching data connected to Song with Id: 2 | Results: 6
2026-10-03 18:37:35 | READ | Song | Fetching data connected to Song with Id: 3 | Results: 6
2026-10-03 18:37:35 | READ | Song | Fetching data connected to Song with Id: 4 | Results: 6
2026-10-03 18:37:35 | READ | Song | Fetching data connected to Song with Id: 5 | Results: 6
2026-10-03 18:37:35 | READ | Song | Fetching data connected to Song with Id: 6 | Results: 4
2026-10-03 18:37:35 | READ | Song | Fetching data connected to Song with Id: 7 | Results: 4
2026-10-03 18:37:35 | READ | Song | Fetching data connected to Song with Id: 8 | Results: 8
2026-10-03 18:37:35 | READ | Song | Fetching data connected to Song with Id: 9 | Results: 6
2026-10-03 18:37:35 | READ | Song | Fetching data connected to Song with Id: 10 | Results: 6
2026-10-03 18:37:35 | READ | Song | Fetching data connected to Song with Id: 11 | Results: 6
2026-10-03 18:37:35 | READ | Song | Fetching data connected to Song with Id: 12 | Results: 6
2026-10-03 18:37:35 | READ | Song | Fetching data connected to Song with Id: 13 | Results: 6
2026-10-03 18:37:35 | READ | Song | Fetching data connected to Song with Id: 14 | Results: 6
2026-10-03 18:37:35 | READ | Song | Fetching data connected to Song with Id: 15 | Results: 6
2026-10-03 18:37:35 | READ | Song | Fetching data connected to Song with Id: 16 | Results: 6
2026-10-03 18:37:35 | READ | Song | Fetching data connected to Song with Id: 17 | Results: 6
2026-10-03 18:37:35 | READ | Song | Fetching data connected to Song with Id: 18 | Results: 6
2026-10-03 18:37:35 | READ | Song | Fetching data connected to Song with Id: 19 | Results: 4
2026-10-03 18:37:35 | READ | Song | Fetching data connected to Song with Id: 20 | Results: 6
2026-10-03 18:37:35 | READ | Song | Fetching data connected to Song with Id: 21 | Results: 4
2026-10-03 18:37:35 | READ | Song | Fetching data connected to Song with Id: 22 | Results: 6
2026-10-03 18:37:35 | READ | Song | Fetching data connected to Song with Id: 23 | Results: 6
2026-10-03 18:37:35 | READ | Song | Fetching data connected to Song with Id: 24 | Results: 6
2026-10-03 18:37:35 | READ | Song | Fetching data connected to Song with Id: 25 | Results: 6
2026-10-03 18:37:35 | READ | Song | Fetching data connected to Song with Id: 26 | Results: 6
2026-10-03 18:37:35 | READ | Song | Fetching data connected to Song with Id: 27 | Results: 6
2026-10-03 18:37:35 | READ | Song | Fetching data connected to Song with Id: 49 | Results: 4
2026-10-03 18:54:29 | CREATE | Song | 71 | hate that i made you love me
2026-10-03 18:54:29 | CREATE | Artist | Name: Ariana Grande | Id: 30
2026-10-03 18:54:29 | CREATE | SongArtist | SongId: 71 | ArtistId: 30 | MainArtist: True
2026-10-03 18:54:29 | CREATE | Album | Title: petal
2026-10-03 18:54:29 | CREATE | AlbumSong | AlbumId: 24 | SongId: 71
2026-10-03 18:54:29 | CREATE | Media | MediaId: 45 | SongId: 71 | ExternalId: 82-jTNka3uc
2026-10-03 18:54:29 | READ | Song | Fetching all songs.
2026-10-03 18:54:29 | READ | Song | Fetching data connected to Song with Id: 1 | Results: 6
2026-10-03 18:54:29 | READ | Song | Fetching data connected to Song with Id: 2 | Results: 6
2026-10-03 18:54:29 | READ | Song | Fetching data connected to Song with Id: 3 | Results: 6
2026-10-03 18:54:29 | READ | Song | Fetching data connected to Song with Id: 4 | Results: 6
2026-10-03 18:54:29 | READ | Song | Fetching data connected to Song with Id: 5 | Results: 6
2026-10-03 18:54:29 | READ | Song | Fetching data connected to Song with Id: 6 | Results: 4
2026-10-03 18:54:29 | READ | Song | Fetching data connected to Song with Id: 7 | Results: 4
2026-10-03 18:54:29 | READ | Song | Fetching data connected to Song with Id: 8 | Results: 8
2026-10-03 18:54:29 | READ | Song | Fetching data connected to Song with Id: 9 | Results: 6
2026-10-03 18:54:29 | READ | Song | Fetching data connected to Song with Id: 10 | Results: 6
2026-10-03 18:54:29 | READ | Song | Fetching data connected to Song with Id: 11 | Results: 6
2026-10-03 18:54:29 | READ | Song | Fetching data connected to Song with Id: 12 | Results: 6
2026-10-03 18:54:29 | READ | Song | Fetching data connected to Song with Id: 13 | Results: 6
2026-10-03 18:54:29 | READ | Song | Fetching data connected to Song with Id: 14 | Results: 6
2026-10-03 18:54:29 | READ | Song | Fetching data connected to Song with Id: 15 | Results: 6
2026-10-03 18:54:29 | READ | Song | Fetching data connected to Song with Id: 16 | Results: 6
2026-10-03 18:54:29 | READ | Song | Fetching data connected to Song with Id: 17 | Results: 6
2026-10-03 18:54:29 | READ | Song | Fetching data connected to Song with Id: 18 | Results: 6
2026-10-03 18:54:29 | READ | Song | Fetching data connected to Song with Id: 19 | Results: 4
2026-10-03 18:54:29 | READ | Song | Fetching data connected to Song with Id: 20 | Results: 6
2026-10-03 18:54:29 | READ | Song | Fetching data connected to Song with Id: 21 | Results: 4
2026-10-03 18:54:29 | READ | Song | Fetching data connected to Song with Id: 22 | Results: 6
2026-10-03 18:54:29 | READ | Song | Fetching data connected to Song with Id: 23 | Results: 6
2026-10-03 18:54:29 | READ | Song | Fetching data connected to Song with Id: 24 | Results: 6
2026-10-03 18:54:29 | READ | Song | Fetching data connected to Song with Id: 25 | Results: 6
2026-10-03 18:54:29 | READ | Song | Fetching data connected to Song with Id: 26 | Results: 6
2026-10-03 18:54:29 | READ | Song | Fetching data connected to Song with Id: 27 | Results: 6
2026-10-03 18:54:29 | READ | Song | Fetching data connected to Song with Id: 71 | Results: 6
2026-10-03 18:54:29 | READ | Song | Fetching data connected to Song with Id: 49 | Results: 4
2026-10-03 18:54:35 | READ | Song | Fetching all songs.
2026-10-03 18:54:35 | READ | Song | Fetching data connected to Song with Id: 1 | Results: 6
2026-10-03 18:54:35 | READ | Song | Fetching data connected to Song with Id: 2 | Results: 6
2026-10-03 18:54:35 | READ | Song | Fetching data connected to Song with Id: 3 | Results: 6
2026-10-03 18:54:35 | READ | Song | Fetching data connected to Song with Id: 4 | Results: 6
2026-10-03 18:54:35 | READ | Song | Fetching data connected to Song with Id: 5 | Results: 6
2026-10-03 18:54:35 | READ | Song | Fetching data connected to Song with Id: 6 | Results: 4
2026-10-03 18:54:35 | READ | Song | Fetching data connected to Song with Id: 7 | Results: 4
2026-10-03 18:54:35 | READ | Song | Fetching data connected to Song with Id: 8 | Results: 8
2026-10-03 18:54:35 | READ | Song | Fetching data connected to Song with Id: 9 | Results: 6
2026-10-03 18:54:35 | READ | Song | Fetching data connected to Song with Id: 10 | Results: 6
2026-10-03 18:54:35 | READ | Song | Fetching data connected to Song with Id: 11 | Results: 6
2026-10-03 18:54:35 | READ | Song | Fetching data connected to Song with Id: 12 | Results: 6
2026-10-03 18:54:35 | READ | Song | Fetching data connected to Song with Id: 13 | Results: 6
2026-10-03 18:54:35 | READ | Song | Fetching data connected to Song with Id: 14 | Results: 6
2026-10-03 18:54:35 | READ | Song | Fetching data connected to Song with Id: 15 | Results: 6
2026-10-03 18:54:35 | READ | Song | Fetching data connected to Song with Id: 16 | Results: 6
2026-10-03 18:54:35 | READ | Song | Fetching data connected to Song with Id: 17 | Results: 6
2026-10-03 18:54:35 | READ | Song | Fetching data connected to Song with Id: 18 | Results: 6
2026-10-03 18:54:35 | READ | Song | Fetching data connected to Song with Id: 19 | Results: 4
2026-10-03 18:54:35 | READ | Song | Fetching data connected to Song with Id: 20 | Results: 6
2026-10-03 18:54:35 | READ | Song | Fetching data connected to Song with Id: 21 | Results: 4
2026-10-03 18:54:35 | READ | Song | Fetching data connected to Song with Id: 22 | Results: 6
2026-10-03 18:54:35 | READ | Song | Fetching data connected to Song with Id: 23 | Results: 6
2026-10-03 18:54:35 | READ | Song | Fetching data connected to Song with Id: 24 | Results: 6
2026-10-03 18:54:35 | READ | Song | Fetching data connected to Song with Id: 25 | Results: 6
2026-10-03 18:54:35 | READ | Song | Fetching data connected to Song with Id: 26 | Results: 6
2026-10-03 18:54:35 | READ | Song | Fetching data connected to Song with Id: 27 | Results: 6
2026-10-03 18:54:35 | READ | Song | Fetching data connected to Song with Id: 71 | Results: 6
2026-10-03 18:54:35 | READ | Song | Fetching data connected to Song with Id: 49 | Results: 4
2026-10-03 18:54:35 | READ | Song | Fetching all songs.
2026-10-03 18:54:35 | READ | Song | Fetching data connected to Song with Id: 1 | Results: 6
2026-10-03 18:54:35 | READ | Song | Fetching data connected to Song with Id: 2 | Results: 6
2026-10-03 18:54:35 | READ | Song | Fetching data connected to Song with Id: 3 | Results: 6
2026-10-03 18:54:35 | READ | Song | Fetching data connected to Song with Id: 4 | Results: 6
2026-10-03 18:54:35 | READ | Song | Fetching data connected to Song with Id: 5 | Results: 6
2026-10-03 18:54:35 | READ | Song | Fetching data connected to Song with Id: 6 | Results: 4
2026-10-03 18:54:35 | READ | Song | Fetching data connected to Song with Id: 7 | Results: 4
2026-10-03 18:54:35 | READ | Song | Fetching data connected to Song with Id: 8 | Results: 8
2026-10-03 18:54:35 | READ | Song | Fetching data connected to Song with Id: 9 | Results: 6
2026-10-03 18:54:35 | READ | Song | Fetching data connected to Song with Id: 10 | Results: 6
2026-10-03 18:54:35 | READ | Song | Fetching data connected to Song with Id: 11 | Results: 6
2026-10-03 18:54:35 | READ | Song | Fetching data connected to Song with Id: 12 | Results: 6
2026-10-03 18:54:35 | READ | Song | Fetching data connected to Song with Id: 13 | Results: 6
2026-10-03 18:54:35 | READ | Song | Fetching data connected to Song with Id: 14 | Results: 6
2026-10-03 18:54:35 | READ | Song | Fetching data connected to Song with Id: 15 | Results: 6
2026-10-03 18:54:35 | READ | Song | Fetching data connected to Song with Id: 16 | Results: 6
2026-10-03 18:54:35 | READ | Song | Fetching data connected to Song with Id: 17 | Results: 6
2026-10-03 18:54:35 | READ | Song | Fetching data connected to Song with Id: 18 | Results: 6
2026-10-03 18:54:35 | READ | Song | Fetching data connected to Song with Id: 19 | Results: 4
2026-10-03 18:54:35 | READ | Song | Fetching data connected to Song with Id: 20 | Results: 6
2026-10-03 18:54:35 | READ | Song | Fetching data connected to Song with Id: 21 | Results: 4
2026-10-03 18:54:35 | READ | Song | Fetching data connected to Song with Id: 22 | Results: 6
2026-10-03 18:54:35 | READ | Song | Fetching data connected to Song with Id: 23 | Results: 6
2026-10-03 18:54:35 | READ | Song | Fetching data connected to Song with Id: 24 | Results: 6
2026-10-03 18:54:35 | READ | Song | Fetching data connected to Song with Id: 25 | Results: 6
2026-10-03 18:54:35 | READ | Song | Fetching data connected to Song with Id: 26 | Results: 6
2026-10-03 18:54:35 | READ | Song | Fetching data connected to Song with Id: 27 | Results: 6
2026-10-03 18:54:35 | READ | Song | Fetching data connected to Song with Id: 71 | Results: 6
2026-10-03 18:54:35 | READ | Song | Fetching data connected to Song with Id: 49 | Results: 4
2026-10-03 18:54:36 | READ | Song | Fetching all songs.
2026-10-03 18:54:36 | READ | Song | Fetching data connected to Song with Id: 1 | Results: 6
2026-10-03 18:54:36 | READ | Song | Fetching data connected to Song with Id: 2 | Results: 6
2026-10-03 18:54:36 | READ | Song | Fetching data connected to Song with Id: 3 | Results: 6
2026-10-03 18:54:36 | READ | Song | Fetching data connected to Song with Id: 4 | Results: 6
2026-10-03 18:54:36 | READ | Song | Fetching data connected to Song with Id: 5 | Results: 6
2026-10-03 18:54:36 | READ | Song | Fetching data connected to Song with Id: 6 | Results: 4
2026-10-03 18:54:36 | READ | Song | Fetching data connected to Song with Id: 7 | Results: 4
2026-10-03 18:54:36 | READ | Song | Fetching data connected to Song with Id: 8 | Results: 8
2026-10-03 18:54:36 | READ | Song | Fetching data connected to Song with Id: 9 | Results: 6
2026-10-03 18:54:36 | READ | Song | Fetching data connected to Song with Id: 10 | Results: 6
2026-10-03 18:54:36 | READ | Song | Fetching data connected to Song with Id: 11 | Results: 6
2026-10-03 18:54:36 | READ | Song | Fetching data connected to Song with Id: 12 | Results: 6
2026-10-03 18:54:36 | READ | Song | Fetching data connected to Song with Id: 13 | Results: 6
2026-10-03 18:54:36 | READ | Song | Fetching data connected to Song with Id: 14 | Results: 6
2026-10-03 18:54:36 | READ | Song | Fetching data connected to Song with Id: 15 | Results: 6
2026-10-03 18:54:36 | READ | Song | Fetching data connected to Song with Id: 16 | Results: 6
2026-10-03 18:54:36 | READ | Song | Fetching data connected to Song with Id: 17 | Results: 6
2026-10-03 18:54:36 | READ | Song | Fetching data connected to Song with Id: 18 | Results: 6
2026-10-03 18:54:36 | READ | Song | Fetching data connected to Song with Id: 19 | Results: 4
2026-10-03 18:54:36 | READ | Song | Fetching data connected to Song with Id: 20 | Results: 6
2026-10-03 18:54:36 | READ | Song | Fetching data connected to Song with Id: 21 | Results: 4
2026-10-03 18:54:36 | READ | Song | Fetching data connected to Song with Id: 22 | Results: 6
2026-10-03 18:54:36 | READ | Song | Fetching data connected to Song with Id: 23 | Results: 6
2026-10-03 18:54:36 | READ | Song | Fetching data connected to Song with Id: 24 | Results: 6
2026-10-03 18:54:36 | READ | Song | Fetching data connected to Song with Id: 25 | Results: 6
2026-10-03 18:54:36 | READ | Song | Fetching data connected to Song with Id: 26 | Results: 6
2026-10-03 18:54:36 | READ | Song | Fetching data connected to Song with Id: 27 | Results: 6
2026-10-03 18:54:36 | READ | Song | Fetching data connected to Song with Id: 71 | Results: 6
2026-10-03 18:54:36 | READ | Song | Fetching data connected to Song with Id: 49 | Results: 4
2026-10-03 18:54:36 | READ | Song | Fetching all songs.
2026-10-03 18:54:36 | READ | Song | Fetching data connected to Song with Id: 1 | Results: 6
2026-10-03 18:54:36 | READ | Song | Fetching data connected to Song with Id: 2 | Results: 6
2026-10-03 18:54:36 | READ | Song | Fetching data connected to Song with Id: 3 | Results: 6
2026-10-03 18:54:36 | READ | Song | Fetching data connected to Song with Id: 4 | Results: 6
2026-10-03 18:54:36 | READ | Song | Fetching data connected to Song with Id: 5 | Results: 6
2026-10-03 18:54:36 | READ | Song | Fetching data connected to Song with Id: 6 | Results: 4
2026-10-03 18:54:36 | READ | Song | Fetching data connected to Song with Id: 7 | Results: 4
2026-10-03 18:54:36 | READ | Song | Fetching data connected to Song with Id: 8 | Results: 8
2026-10-03 18:54:36 | READ | Song | Fetching data connected to Song with Id: 9 | Results: 6
2026-10-03 18:54:36 | READ | Song | Fetching data connected to Song with Id: 10 | Results: 6
2026-10-03 18:54:36 | READ | Song | Fetching data connected to Song with Id: 11 | Results: 6
2026-10-03 18:54:36 | READ | Song | Fetching data connected to Song with Id: 12 | Results: 6
2026-10-03 18:54:36 | READ | Song | Fetching data connected to Song with Id: 13 | Results: 6
2026-10-03 18:54:36 | READ | Song | Fetching data connected to Song with Id: 14 | Results: 6
2026-10-03 18:54:36 | READ | Song | Fetching data connected to Song with Id: 15 | Results: 6
2026-10-03 18:54:36 | READ | Song | Fetching data connected to Song with Id: 16 | Results: 6
2026-10-03 18:54:36 | READ | Song | Fetching data connected to Song with Id: 17 | Results: 6
2026-10-03 18:54:36 | READ | Song | Fetching data connected to Song with Id: 18 | Results: 6
2026-10-03 18:54:36 | READ | Song | Fetching data connected to Song with Id: 19 | Results: 4
2026-10-03 18:54:36 | READ | Song | Fetching data connected to Song with Id: 20 | Results: 6
2026-10-03 18:54:36 | READ | Song | Fetching data connected to Song with Id: 21 | Results: 4
2026-10-03 18:54:36 | READ | Song | Fetching data connected to Song with Id: 22 | Results: 6
2026-10-03 18:54:36 | READ | Song | Fetching data connected to Song with Id: 23 | Results: 6
2026-10-03 18:54:36 | READ | Song | Fetching data connected to Song with Id: 24 | Results: 6
2026-10-03 18:54:36 | READ | Song | Fetching data connected to Song with Id: 25 | Results: 6
2026-10-03 18:54:36 | READ | Song | Fetching data connected to Song with Id: 26 | Results: 6
2026-10-03 18:54:36 | READ | Song | Fetching data connected to Song with Id: 27 | Results: 6
2026-10-03 18:54:36 | READ | Song | Fetching data connected to Song with Id: 71 | Results: 6
2026-10-03 18:54:36 | READ | Song | Fetching data connected to Song with Id: 49 | Results: 4
2026-10-03 18:54:36 | READ | Song | Fetching all songs.
2026-10-03 18:54:36 | READ | Song | Fetching data connected to Song with Id: 1 | Results: 6
2026-10-03 18:54:36 | READ | Song | Fetching data connected to Song with Id: 2 | Results: 6
2026-10-03 18:54:36 | READ | Song | Fetching data connected to Song with Id: 3 | Results: 6
2026-10-03 18:54:36 | READ | Song | Fetching data connected to Song with Id: 4 | Results: 6
2026-10-03 18:54:36 | READ | Song | Fetching data connected to Song with Id: 5 | Results: 6
2026-10-03 18:54:36 | READ | Song | Fetching data connected to Song with Id: 6 | Results: 4
2026-10-03 18:54:36 | READ | Song | Fetching data connected to Song with Id: 7 | Results: 4
2026-10-03 18:54:36 | READ | Song | Fetching data connected to Song with Id: 8 | Results: 8
2026-10-03 18:54:36 | READ | Song | Fetching data connected to Song with Id: 9 | Results: 6
2026-10-03 18:54:36 | READ | Song | Fetching data connected to Song with Id: 10 | Results: 6
2026-10-03 18:54:36 | READ | Song | Fetching data connected to Song with Id: 11 | Results: 6
2026-10-03 18:54:36 | READ | Song | Fetching data connected to Song with Id: 12 | Results: 6
2026-10-03 18:54:36 | READ | Song | Fetching data connected to Song with Id: 13 | Results: 6
2026-10-03 18:54:36 | READ | Song | Fetching data connected to Song with Id: 14 | Results: 6
2026-10-03 18:54:36 | READ | Song | Fetching data connected to Song with Id: 15 | Results: 6
2026-10-03 18:54:36 | READ | Song | Fetching data connected to Song with Id: 16 | Results: 6
2026-10-03 18:54:36 | READ | Song | Fetching data connected to Song with Id: 17 | Results: 6
2026-10-03 18:54:36 | READ | Song | Fetching data connected to Song with Id: 18 | Results: 6
2026-10-03 18:54:36 | READ | Song | Fetching data connected to Song with Id: 19 | Results: 4
2026-10-03 18:54:36 | READ | Song | Fetching data connected to Song with Id: 20 | Results: 6
2026-10-03 18:54:36 | READ | Song | Fetching data connected to Song with Id: 21 | Results: 4
2026-10-03 18:54:36 | READ | Song | Fetching data connected to Song with Id: 22 | Results: 6
2026-10-03 18:54:36 | READ | Song | Fetching data connected to Song with Id: 23 | Results: 6
2026-10-03 18:54:36 | READ | Song | Fetching data connected to Song with Id: 24 | Results: 6
2026-10-03 18:54:36 | READ | Song | Fetching data connected to Song with Id: 25 | Results: 6
2026-10-03 18:54:36 | READ | Song | Fetching data connected to Song with Id: 26 | Results: 6
2026-10-03 18:54:36 | READ | Song | Fetching data connected to Song with Id: 27 | Results: 6
2026-10-03 18:54:36 | READ | Song | Fetching data connected to Song with Id: 71 | Results: 6
2026-10-03 18:54:36 | READ | Song | Fetching data connected to Song with Id: 49 | Results: 4
2026-10-03 18:54:36 | READ | Song | Fetching all songs.
2026-10-03 18:54:36 | READ | Song | Fetching data connected to Song with Id: 1 | Results: 6
2026-10-03 18:54:36 | READ | Song | Fetching data connected to Song with Id: 2 | Results: 6
2026-10-03 18:54:36 | READ | Song | Fetching data connected to Song with Id: 3 | Results: 6
2026-10-03 18:54:36 | READ | Song | Fetching data connected to Song with Id: 4 | Results: 6
2026-10-03 18:54:36 | READ | Song | Fetching data connected to Song with Id: 5 | Results: 6
2026-10-03 18:54:36 | READ | Song | Fetching data connected to Song with Id: 6 | Results: 4
2026-10-03 18:54:36 | READ | Song | Fetching data connected to Song with Id: 7 | Results: 4
2026-10-03 18:54:36 | READ | Song | Fetching data connected to Song with Id: 8 | Results: 8
2026-10-03 18:54:36 | READ | Song | Fetching data connected to Song with Id: 9 | Results: 6
2026-10-03 18:54:36 | READ | Song | Fetching data connected to Song with Id: 10 | Results: 6
2026-10-03 18:54:36 | READ | Song | Fetching data connected to Song with Id: 11 | Results: 6
2026-10-03 18:54:36 | READ | Song | Fetching data connected to Song with Id: 12 | Results: 6
2026-10-03 18:54:36 | READ | Song | Fetching data connected to Song with Id: 13 | Results: 6
2026-10-03 18:54:36 | READ | Song | Fetching data connected to Song with Id: 14 | Results: 6
2026-10-03 18:54:36 | READ | Song | Fetching data connected to Song with Id: 15 | Results: 6
2026-10-03 18:54:36 | READ | Song | Fetching data connected to Song with Id: 16 | Results: 6
2026-10-03 18:54:36 | READ | Song | Fetching data connected to Song with Id: 17 | Results: 6
2026-10-03 18:54:36 | READ | Song | Fetching data connected to Song with Id: 18 | Results: 6
2026-10-03 18:54:36 | READ | Song | Fetching data connected to Song with Id: 19 | Results: 4
2026-10-03 18:54:36 | READ | Song | Fetching data connected to Song with Id: 20 | Results: 6
2026-10-03 18:54:36 | READ | Song | Fetching data connected to Song with Id: 21 | Results: 4
2026-10-03 18:54:36 | READ | Song | Fetching data connected to Song with Id: 22 | Results: 6
2026-10-03 18:54:36 | READ | Song | Fetching data connected to Song with Id: 23 | Results: 6
2026-10-03 18:54:36 | READ | Song | Fetching data connected to Song with Id: 24 | Results: 6
2026-10-03 18:54:36 | READ | Song | Fetching data connected to Song with Id: 25 | Results: 6
2026-10-03 18:54:36 | READ | Song | Fetching data connected to Song with Id: 26 | Results: 6
2026-10-03 18:54:37 | READ | Song | Fetching data connected to Song with Id: 27 | Results: 6
2026-10-03 18:54:37 | READ | Song | Fetching data connected to Song with Id: 71 | Results: 6
2026-10-03 18:54:37 | READ | Song | Fetching data connected to Song with Id: 49 | Results: 4
2026-10-03 23:16:58 | READ | Song | Fetching all songs.
2026-10-03 23:16:58 | READ | Song | Fetching data connected to Song with Id: 1 | Results: 6
2026-10-03 23:16:58 | READ | Song | Fetching data connected to Song with Id: 2 | Results: 6
2026-10-03 23:16:58 | READ | Song | Fetching data connected to Song with Id: 3 | Results: 6
2026-10-03 23:16:58 | READ | Song | Fetching data connected to Song with Id: 4 | Results: 6
2026-10-03 23:16:58 | READ | Song | Fetching data connected to Song with Id: 5 | Results: 6
2026-10-03 23:16:58 | READ | Song | Fetching data connected to Song with Id: 6 | Results: 4
2026-10-03 23:16:58 | READ | Song | Fetching data connected to Song with Id: 7 | Results: 4
2026-10-03 23:16:58 | READ | Song | Fetching data connected to Song with Id: 8 | Results: 8
2026-10-03 23:16:58 | READ | Song | Fetching data connected to Song with Id: 9 | Results: 6
2026-10-03 23:16:58 | READ | Song | Fetching data connected to Song with Id: 10 | Results: 6
2026-10-03 23:16:58 | READ | Song | Fetching data connected to Song with Id: 11 | Results: 6
2026-10-03 23:16:58 | READ | Song | Fetching data connected to Song with Id: 12 | Results: 6
2026-10-03 23:16:58 | READ | Song | Fetching data connected to Song with Id: 13 | Results: 6
2026-10-03 23:16:58 | READ | Song | Fetching data connected to Song with Id: 14 | Results: 6
2026-10-03 23:16:58 | READ | Song | Fetching data connected to Song with Id: 15 | Results: 6
2026-10-03 23:16:58 | READ | Song | Fetching data connected to Song with Id: 16 | Results: 6
2026-10-03 23:16:58 | READ | Song | Fetching data connected to Song with Id: 17 | Results: 6
2026-10-03 23:16:58 | READ | Song | Fetching data connected to Song with Id: 18 | Results: 6
2026-10-03 23:16:58 | READ | Song | Fetching data connected to Song with Id: 19 | Results: 4
2026-10-03 23:16:58 | READ | Song | Fetching data connected to Song with Id: 20 | Results: 6
2026-10-03 23:16:58 | READ | Song | Fetching data connected to Song with Id: 21 | Results: 4
2026-10-03 23:16:58 | READ | Song | Fetching data connected to Song with Id: 22 | Results: 6
2026-10-03 23:16:58 | READ | Song | Fetching data connected to Song with Id: 23 | Results: 6
2026-10-03 23:16:58 | READ | Song | Fetching data connected to Song with Id: 24 | Results: 6
2026-10-03 23:16:58 | READ | Song | Fetching data connected to Song with Id: 25 | Results: 6
2026-10-03 23:16:59 | READ | Song | Fetching data connected to Song with Id: 26 | Results: 6
2026-10-03 23:16:59 | READ | Song | Fetching data connected to Song with Id: 27 | Results: 6
2026-10-03 23:16:59 | READ | Song | Fetching data connected to Song with Id: 71 | Results: 6
2026-10-03 23:16:59 | READ | Song | Fetching data connected to Song with Id: 49 | Results: 4
2026-10-03 23:16:59 | READ | Song | Fetching all songs.
2026-10-03 23:16:59 | READ | Song | Fetching data connected to Song with Id: 1 | Results: 6
2026-10-03 23:16:59 | READ | Song | Fetching data connected to Song with Id: 2 | Results: 6
2026-10-03 23:16:59 | READ | Song | Fetching data connected to Song with Id: 3 | Results: 6
2026-10-03 23:16:59 | READ | Song | Fetching data connected to Song with Id: 4 | Results: 6
2026-10-03 23:16:59 | READ | Song | Fetching data connected to Song with Id: 5 | Results: 6
2026-10-03 23:16:59 | READ | Song | Fetching data connected to Song with Id: 6 | Results: 4
2026-10-03 23:16:59 | READ | Song | Fetching data connected to Song with Id: 7 | Results: 4
2026-10-03 23:16:59 | READ | Song | Fetching data connected to Song with Id: 8 | Results: 8
2026-10-03 23:16:59 | READ | Song | Fetching data connected to Song with Id: 9 | Results: 6
2026-10-03 23:16:59 | READ | Song | Fetching data connected to Song with Id: 10 | Results: 6
2026-10-03 23:16:59 | READ | Song | Fetching data connected to Song with Id: 11 | Results: 6
2026-10-03 23:16:59 | READ | Song | Fetching data connected to Song with Id: 12 | Results: 6
2026-10-03 23:16:59 | READ | Song | Fetching data connected to Song with Id: 13 | Results: 6
2026-10-03 23:16:59 | READ | Song | Fetching data connected to Song with Id: 14 | Results: 6
2026-10-03 23:16:59 | READ | Song | Fetching data connected to Song with Id: 15 | Results: 6
2026-10-03 23:16:59 | READ | Song | Fetching data connected to Song with Id: 16 | Results: 6
2026-10-03 23:16:59 | READ | Song | Fetching data connected to Song with Id: 17 | Results: 6
2026-10-03 23:16:59 | READ | Song | Fetching data connected to Song with Id: 18 | Results: 6
2026-10-03 23:16:59 | READ | Song | Fetching data connected to Song with Id: 19 | Results: 4
2026-10-03 23:16:59 | READ | Song | Fetching data connected to Song with Id: 20 | Results: 6
2026-10-03 23:16:59 | READ | Song | Fetching data connected to Song with Id: 21 | Results: 4
2026-10-03 23:16:59 | READ | Song | Fetching data connected to Song with Id: 22 | Results: 6
2026-10-03 23:16:59 | READ | Song | Fetching data connected to Song with Id: 23 | Results: 6
2026-10-03 23:16:59 | READ | Song | Fetching data connected to Song with Id: 24 | Results: 6
2026-10-03 23:16:59 | READ | Song | Fetching data connected to Song with Id: 25 | Results: 6
2026-10-03 23:16:59 | READ | Song | Fetching data connected to Song with Id: 26 | Results: 6
2026-10-03 23:16:59 | READ | Song | Fetching data connected to Song with Id: 27 | Results: 6
2026-10-03 23:16:59 | READ | Song | Fetching data connected to Song with Id: 71 | Results: 6
2026-10-03 23:16:59 | READ | Song | Fetching data connected to Song with Id: 49 | Results: 4
2026-10-03 23:16:59 | READ | Song | Fetching all songs.
2026-10-03 23:16:59 | READ | Song | Fetching data connected to Song with Id: 1 | Results: 6
2026-10-03 23:16:59 | READ | Song | Fetching data connected to Song with Id: 2 | Results: 6
2026-10-03 23:16:59 | READ | Song | Fetching data connected to Song with Id: 3 | Results: 6
2026-10-03 23:16:59 | READ | Song | Fetching data connected to Song with Id: 4 | Results: 6
2026-10-03 23:16:59 | READ | Song | Fetching data connected to Song with Id: 5 | Results: 6
2026-10-03 23:16:59 | READ | Song | Fetching data connected to Song with Id: 6 | Results: 4
2026-10-03 23:16:59 | READ | Song | Fetching data connected to Song with Id: 7 | Results: 4
2026-10-03 23:16:59 | READ | Song | Fetching data connected to Song with Id: 8 | Results: 8
2026-10-03 23:16:59 | READ | Song | Fetching data connected to Song with Id: 9 | Results: 6
2026-10-03 23:16:59 | READ | Song | Fetching data connected to Song with Id: 10 | Results: 6
2026-10-03 23:16:59 | READ | Song | Fetching data connected to Song with Id: 11 | Results: 6
2026-10-03 23:16:59 | READ | Song | Fetching data connected to Song with Id: 12 | Results: 6
2026-10-03 23:16:59 | READ | Song | Fetching data connected to Song with Id: 13 | Results: 6
2026-10-03 23:16:59 | READ | Song | Fetching data connected to Song with Id: 14 | Results: 6
2026-10-03 23:16:59 | READ | Song | Fetching data connected to Song with Id: 15 | Results: 6
2026-10-03 23:16:59 | READ | Song | Fetching data connected to Song with Id: 16 | Results: 6
2026-10-03 23:16:59 | READ | Song | Fetching data connected to Song with Id: 17 | Results: 6
2026-10-03 23:16:59 | READ | Song | Fetching data connected to Song with Id: 18 | Results: 6
2026-10-03 23:16:59 | READ | Song | Fetching data connected to Song with Id: 19 | Results: 4
2026-10-03 23:16:59 | READ | Song | Fetching data connected to Song with Id: 20 | Results: 6
2026-10-03 23:16:59 | READ | Song | Fetching data connected to Song with Id: 21 | Results: 4
2026-10-03 23:16:59 | READ | Song | Fetching data connected to Song with Id: 22 | Results: 6
2026-10-03 23:16:59 | READ | Song | Fetching data connected to Song with Id: 23 | Results: 6
2026-10-03 23:16:59 | READ | Song | Fetching data connected to Song with Id: 24 | Results: 6
2026-10-03 23:16:59 | READ | Song | Fetching data connected to Song with Id: 25 | Results: 6
2026-10-03 23:16:59 | READ | Song | Fetching data connected to Song with Id: 26 | Results: 6
2026-10-03 23:16:59 | READ | Song | Fetching data connected to Song with Id: 27 | Results: 6
2026-10-03 23:16:59 | READ | Song | Fetching data connected to Song with Id: 71 | Results: 6
2026-10-03 23:16:59 | READ | Song | Fetching data connected to Song with Id: 49 | Results: 4
2026-10-03 23:16:59 | READ | Song | Fetching all songs.
2026-10-03 23:16:59 | READ | Song | Fetching data connected to Song with Id: 1 | Results: 6
2026-10-03 23:16:59 | READ | Song | Fetching data connected to Song with Id: 2 | Results: 6
2026-10-03 23:16:59 | READ | Song | Fetching data connected to Song with Id: 3 | Results: 6
2026-10-03 23:16:59 | READ | Song | Fetching data connected to Song with Id: 4 | Results: 6
2026-10-03 23:16:59 | READ | Song | Fetching data connected to Song with Id: 5 | Results: 6
2026-10-03 23:16:59 | READ | Song | Fetching data connected to Song with Id: 6 | Results: 4
2026-10-03 23:16:59 | READ | Song | Fetching data connected to Song with Id: 7 | Results: 4
2026-10-03 23:16:59 | READ | Song | Fetching data connected to Song with Id: 8 | Results: 8
2026-10-03 23:16:59 | READ | Song | Fetching data connected to Song with Id: 9 | Results: 6
2026-10-03 23:16:59 | READ | Song | Fetching data connected to Song with Id: 10 | Results: 6
2026-10-03 23:16:59 | READ | Song | Fetching data connected to Song with Id: 11 | Results: 6
2026-10-03 23:16:59 | READ | Song | Fetching data connected to Song with Id: 12 | Results: 6
2026-10-03 23:16:59 | READ | Song | Fetching data connected to Song with Id: 13 | Results: 6
2026-10-03 23:16:59 | READ | Song | Fetching data connected to Song with Id: 14 | Results: 6
2026-10-03 23:16:59 | READ | Song | Fetching data connected to Song with Id: 15 | Results: 6
2026-10-03 23:16:59 | READ | Song | Fetching data connected to Song with Id: 16 | Results: 6
2026-10-03 23:16:59 | READ | Song | Fetching data connected to Song with Id: 17 | Results: 6
2026-10-03 23:16:59 | READ | Song | Fetching data connected to Song with Id: 18 | Results: 6
2026-10-03 23:16:59 | READ | Song | Fetching data connected to Song with Id: 19 | Results: 4
2026-10-03 23:16:59 | READ | Song | Fetching data connected to Song with Id: 20 | Results: 6
2026-10-03 23:16:59 | READ | Song | Fetching data connected to Song with Id: 21 | Results: 4
2026-10-03 23:16:59 | READ | Song | Fetching data connected to Song with Id: 22 | Results: 6
2026-10-03 23:16:59 | READ | Song | Fetching data connected to Song with Id: 23 | Results: 6
2026-10-03 23:16:59 | READ | Song | Fetching data connected to Song with Id: 24 | Results: 6
2026-10-03 23:16:59 | READ | Song | Fetching data connected to Song with Id: 25 | Results: 6
2026-10-03 23:16:59 | READ | Song | Fetching data connected to Song with Id: 26 | Results: 6
2026-10-03 23:16:59 | READ | Song | Fetching data connected to Song with Id: 27 | Results: 6
2026-10-03 23:16:59 | READ | Song | Fetching data connected to Song with Id: 71 | Results: 6
2026-10-03 23:16:59 | READ | Song | Fetching data connected to Song with Id: 49 | Results: 4
2026-10-03 23:16:59 | READ | Song | Fetching all songs.
2026-10-03 23:16:59 | READ | Song | Fetching data connected to Song with Id: 1 | Results: 6
2026-10-03 23:16:59 | READ | Song | Fetching data connected to Song with Id: 2 | Results: 6
2026-10-03 23:16:59 | READ | Song | Fetching data connected to Song with Id: 3 | Results: 6
2026-10-03 23:16:59 | READ | Song | Fetching data connected to Song with Id: 4 | Results: 6
2026-10-03 23:16:59 | READ | Song | Fetching data connected to Song with Id: 5 | Results: 6
2026-10-03 23:16:59 | READ | Song | Fetching data connected to Song with Id: 6 | Results: 4
2026-10-03 23:17:00 | READ | Song | Fetching data connected to Song with Id: 7 | Results: 4
2026-10-03 23:17:00 | READ | Song | Fetching data connected to Song with Id: 8 | Results: 8
2026-10-03 23:17:00 | READ | Song | Fetching data connected to Song with Id: 9 | Results: 6
2026-10-03 23:17:00 | READ | Song | Fetching data connected to Song with Id: 10 | Results: 6
2026-10-03 23:17:00 | READ | Song | Fetching data connected to Song with Id: 11 | Results: 6
2026-10-03 23:17:00 | READ | Song | Fetching data connected to Song with Id: 12 | Results: 6
2026-10-03 23:17:00 | READ | Song | Fetching data connected to Song with Id: 13 | Results: 6
2026-10-03 23:17:00 | READ | Song | Fetching data connected to Song with Id: 14 | Results: 6
2026-10-03 23:17:00 | READ | Song | Fetching data connected to Song with Id: 15 | Results: 6
2026-10-03 23:17:00 | READ | Song | Fetching data connected to Song with Id: 16 | Results: 6
2026-10-03 23:17:00 | READ | Song | Fetching data connected to Song with Id: 17 | Results: 6
2026-10-03 23:17:00 | READ | Song | Fetching data connected to Song with Id: 18 | Results: 6
2026-10-03 23:17:00 | READ | Song | Fetching data connected to Song with Id: 19 | Results: 4
2026-10-03 23:17:00 | READ | Song | Fetching data connected to Song with Id: 20 | Results: 6
2026-10-03 23:17:00 | READ | Song | Fetching data connected to Song with Id: 21 | Results: 4
2026-10-03 23:17:00 | READ | Song | Fetching data connected to Song with Id: 22 | Results: 6
2026-10-03 23:17:00 | READ | Song | Fetching data connected to Song with Id: 23 | Results: 6
2026-10-03 23:17:00 | READ | Song | Fetching data connected to Song with Id: 24 | Results: 6
2026-10-03 23:17:00 | READ | Song | Fetching data connected to Song with Id: 25 | Results: 6
2026-10-03 23:17:00 | READ | Song | Fetching data connected to Song with Id: 26 | Results: 6
2026-10-03 23:17:00 | READ | Song | Fetching data connected to Song with Id: 27 | Results: 6
2026-10-03 23:17:00 | READ | Song | Fetching data connected to Song with Id: 71 | Results: 6
2026-10-03 23:17:00 | READ | Song | Fetching data connected to Song with Id: 49 | Results: 4
2026-10-03 23:17:00 | READ | Song | Fetching all songs.
2026-10-03 23:17:00 | READ | Song | Fetching data connected to Song with Id: 1 | Results: 6
2026-10-03 23:17:00 | READ | Song | Fetching data connected to Song with Id: 2 | Results: 6
2026-10-03 23:17:00 | READ | Song | Fetching data connected to Song with Id: 3 | Results: 6
2026-10-03 23:17:00 | READ | Song | Fetching data connected to Song with Id: 4 | Results: 6
2026-10-03 23:17:00 | READ | Song | Fetching data connected to Song with Id: 5 | Results: 6
2026-10-03 23:17:00 | READ | Song | Fetching data connected to Song with Id: 6 | Results: 4
2026-10-03 23:17:00 | READ | Song | Fetching data connected to Song with Id: 7 | Results: 4
2026-10-03 23:17:00 | READ | Song | Fetching data connected to Song with Id: 8 | Results: 8
2026-10-03 23:17:00 | READ | Song | Fetching data connected to Song with Id: 9 | Results: 6
2026-10-03 23:17:00 | READ | Song | Fetching data connected to Song with Id: 10 | Results: 6
2026-10-03 23:17:00 | READ | Song | Fetching data connected to Song with Id: 11 | Results: 6
2026-10-03 23:17:00 | READ | Song | Fetching data connected to Song with Id: 12 | Results: 6
2026-10-03 23:17:00 | READ | Song | Fetching data connected to Song with Id: 13 | Results: 6
2026-10-03 23:17:00 | READ | Song | Fetching data connected to Song with Id: 14 | Results: 6
2026-10-03 23:17:00 | READ | Song | Fetching data connected to Song with Id: 15 | Results: 6
2026-10-03 23:17:00 | READ | Song | Fetching data connected to Song with Id: 16 | Results: 6
2026-10-03 23:17:00 | READ | Song | Fetching data connected to Song with Id: 17 | Results: 6
2026-10-03 23:17:00 | READ | Song | Fetching data connected to Song with Id: 18 | Results: 6
2026-10-03 23:17:00 | READ | Song | Fetching data connected to Song with Id: 19 | Results: 4
2026-10-03 23:17:00 | READ | Song | Fetching data connected to Song with Id: 20 | Results: 6
2026-10-03 23:17:00 | READ | Song | Fetching data connected to Song with Id: 21 | Results: 4
2026-10-03 23:17:00 | READ | Song | Fetching data connected to Song with Id: 22 | Results: 6
2026-10-03 23:17:00 | READ | Song | Fetching data connected to Song with Id: 23 | Results: 6
2026-10-03 23:17:00 | READ | Song | Fetching data connected to Song with Id: 24 | Results: 6
2026-10-03 23:17:00 | READ | Song | Fetching data connected to Song with Id: 25 | Results: 6
2026-10-03 23:17:00 | READ | Song | Fetching data connected to Song with Id: 26 | Results: 6
2026-10-03 23:17:00 | READ | Song | Fetching data connected to Song with Id: 27 | Results: 6
2026-10-03 23:17:00 | READ | Song | Fetching data connected to Song with Id: 71 | Results: 6
2026-10-03 23:17:00 | READ | Song | Fetching data connected to Song with Id: 49 | Results: 4
2026-10-03 23:17:00 | READ | Song | Fetching all songs.
2026-10-03 23:17:00 | READ | Song | Fetching data connected to Song with Id: 1 | Results: 6
2026-10-03 23:17:00 | READ | Song | Fetching data connected to Song with Id: 2 | Results: 6
2026-10-03 23:17:00 | READ | Song | Fetching data connected to Song with Id: 3 | Results: 6
2026-10-03 23:17:00 | READ | Song | Fetching data connected to Song with Id: 4 | Results: 6
2026-10-03 23:17:00 | READ | Song | Fetching data connected to Song with Id: 5 | Results: 6
2026-10-03 23:17:00 | READ | Song | Fetching data connected to Song with Id: 6 | Results: 4
2026-10-03 23:17:00 | READ | Song | Fetching data connected to Song with Id: 7 | Results: 4
2026-10-03 23:17:00 | READ | Song | Fetching data connected to Song with Id: 8 | Results: 8
2026-10-03 23:17:00 | READ | Song | Fetching data connected to Song with Id: 9 | Results: 6
2026-10-03 23:17:00 | READ | Song | Fetching data connected to Song with Id: 10 | Results: 6
2026-10-03 23:17:00 | READ | Song | Fetching data connected to Song with Id: 11 | Results: 6
2026-10-03 23:17:00 | READ | Song | Fetching data connected to Song with Id: 12 | Results: 6
2026-10-03 23:17:00 | READ | Song | Fetching data connected to Song with Id: 13 | Results: 6
2026-10-03 23:17:00 | READ | Song | Fetching data connected to Song with Id: 14 | Results: 6
2026-10-03 23:17:00 | READ | Song | Fetching data connected to Song with Id: 15 | Results: 6
2026-10-03 23:17:00 | READ | Song | Fetching data connected to Song with Id: 16 | Results: 6
2026-10-03 23:17:00 | READ | Song | Fetching data connected to Song with Id: 17 | Results: 6
2026-10-03 23:17:00 | READ | Song | Fetching data connected to Song with Id: 18 | Results: 6
2026-10-03 23:17:00 | READ | Song | Fetching data connected to Song with Id: 19 | Results: 4
2026-10-03 23:17:00 | READ | Song | Fetching data connected to Song with Id: 20 | Results: 6
2026-10-03 23:17:00 | READ | Song | Fetching data connected to Song with Id: 21 | Results: 4
2026-10-03 23:17:00 | READ | Song | Fetching data connected to Song with Id: 22 | Results: 6
2026-10-03 23:17:00 | READ | Song | Fetching data connected to Song with Id: 23 | Results: 6
2026-10-03 23:17:00 | READ | Song | Fetching data connected to Song with Id: 24 | Results: 6
2026-10-03 23:17:00 | READ | Song | Fetching data connected to Song with Id: 25 | Results: 6
2026-10-03 23:17:00 | READ | Song | Fetching data connected to Song with Id: 26 | Results: 6
2026-10-03 23:17:00 | READ | Song | Fetching data connected to Song with Id: 27 | Results: 6
2026-10-03 23:17:00 | READ | Song | Fetching data connected to Song with Id: 71 | Results: 6
2026-10-03 23:17:00 | READ | Song | Fetching data connected to Song with Id: 49 | Results: 4
2026-10-04 00:31:37 | READ | Song | Fetching all songs.
2026-10-04 00:31:37 | READ | Song | Fetching data connected to Song with Id: 1 | Results: 6
2026-10-04 00:31:37 | READ | Song | Fetching data connected to Song with Id: 2 | Results: 6
2026-10-04 00:31:37 | READ | Song | Fetching data connected to Song with Id: 3 | Results: 6
2026-10-04 00:31:37 | READ | Song | Fetching data connected to Song with Id: 4 | Results: 6
2026-10-04 00:31:37 | READ | Song | Fetching data connected to Song with Id: 5 | Results: 6
2026-10-04 00:31:37 | READ | Song | Fetching data connected to Song with Id: 6 | Results: 4
2026-10-04 00:31:37 | READ | Song | Fetching data connected to Song with Id: 7 | Results: 4
2026-10-04 00:31:37 | READ | Song | Fetching data connected to Song with Id: 8 | Results: 8
2026-10-04 00:31:37 | READ | Song | Fetching data connected to Song with Id: 9 | Results: 6
2026-10-04 00:31:37 | READ | Song | Fetching data connected to Song with Id: 10 | Results: 6
2026-10-04 00:31:37 | READ | Song | Fetching data connected to Song with Id: 11 | Results: 6
2026-10-04 00:31:37 | READ | Song | Fetching data connected to Song with Id: 12 | Results: 6
2026-10-04 00:31:37 | READ | Song | Fetching data connected to Song with Id: 13 | Results: 6
2026-10-04 00:31:37 | READ | Song | Fetching data connected to Song with Id: 14 | Results: 6
2026-10-04 00:31:37 | READ | Song | Fetching data connected to Song with Id: 15 | Results: 6
2026-10-04 00:31:37 | READ | Song | Fetching data connected to Song with Id: 16 | Results: 6
2026-10-04 00:31:37 | READ | Song | Fetching data connected to Song with Id: 17 | Results: 6
2026-10-04 00:31:37 | READ | Song | Fetching data connected to Song with Id: 18 | Results: 6
2026-10-04 00:31:37 | READ | Song | Fetching data connected to Song with Id: 19 | Results: 4
2026-10-04 00:31:37 | READ | Song | Fetching data connected to Song with Id: 20 | Results: 6
2026-10-04 00:31:37 | READ | Song | Fetching data connected to Song with Id: 21 | Results: 4
2026-10-04 00:31:37 | READ | Song | Fetching data connected to Song with Id: 22 | Results: 6
2026-10-04 00:31:37 | READ | Song | Fetching data connected to Song with Id: 23 | Results: 6
2026-10-04 00:31:37 | READ | Song | Fetching data connected to Song with Id: 24 | Results: 6
2026-10-04 00:31:37 | READ | Song | Fetching data connected to Song with Id: 25 | Results: 6
2026-10-04 00:31:37 | READ | Song | Fetching data connected to Song with Id: 26 | Results: 6
2026-10-04 00:31:37 | READ | Song | Fetching data connected to Song with Id: 27 | Results: 6
2026-10-04 00:31:37 | READ | Song | Fetching data connected to Song with Id: 71 | Results: 6
2026-10-04 00:31:37 | READ | Song | Fetching data connected to Song with Id: 49 | Results: 4
2026-10-04 00:47:51 | READ | Song | Fetching all songs.
2026-10-04 00:47:51 | READ | Song | Fetching data connected to Song with Id: 1 | Results: 6
2026-10-04 00:47:51 | READ | Song | Fetching data connected to Song with Id: 2 | Results: 6
2026-10-04 00:47:51 | READ | Song | Fetching data connected to Song with Id: 3 | Results: 6
2026-10-04 00:47:51 | READ | Song | Fetching data connected to Song with Id: 4 | Results: 6
2026-10-04 00:47:51 | READ | Song | Fetching data connected to Song with Id: 5 | Results: 6
2026-10-04 00:47:51 | READ | Song | Fetching data connected to Song with Id: 6 | Results: 4
2026-10-04 00:47:51 | READ | Song | Fetching data connected to Song with Id: 7 | Results: 4
2026-10-04 00:47:51 | READ | Song | Fetching data connected to Song with Id: 8 | Results: 8
2026-10-04 00:47:51 | READ | Song | Fetching data connected to Song with Id: 9 | Results: 6
2026-10-04 00:47:51 | READ | Song | Fetching data connected to Song with Id: 10 | Results: 6
2026-10-04 00:47:51 | READ | Song | Fetching data connected to Song with Id: 11 | Results: 6
2026-10-04 00:47:51 | READ | Song | Fetching data connected to Song with Id: 12 | Results: 6
2026-10-04 00:47:51 | READ | Song | Fetching data connected to Song with Id: 13 | Results: 6
2026-10-04 00:47:51 | READ | Song | Fetching data connected to Song with Id: 14 | Results: 6
2026-10-04 00:47:51 | READ | Song | Fetching data connected to Song with Id: 15 | Results: 6
2026-10-04 00:47:51 | READ | Song | Fetching data connected to Song with Id: 16 | Results: 6
2026-10-04 00:47:51 | READ | Song | Fetching data connected to Song with Id: 17 | Results: 6
2026-10-04 00:47:51 | READ | Song | Fetching data connected to Song with Id: 18 | Results: 6
2026-10-04 00:47:51 | READ | Song | Fetching data connected to Song with Id: 19 | Results: 4
2026-10-04 00:47:51 | READ | Song | Fetching data connected to Song with Id: 20 | Results: 6
2026-10-04 00:47:51 | READ | Song | Fetching data connected to Song with Id: 21 | Results: 4
2026-10-04 00:47:51 | READ | Song | Fetching data connected to Song with Id: 22 | Results: 6
2026-10-04 00:47:51 | READ | Song | Fetching data connected to Song with Id: 23 | Results: 6
2026-10-04 00:47:51 | READ | Song | Fetching data connected to Song with Id: 24 | Results: 6
2026-10-04 00:47:51 | READ | Song | Fetching data connected to Song with Id: 25 | Results: 6
2026-10-04 00:47:51 | READ | Song | Fetching data connected to Song with Id: 26 | Results: 6
2026-10-04 00:47:51 | READ | Song | Fetching data connected to Song with Id: 27 | Results: 6
2026-10-04 00:47:51 | READ | Song | Fetching data connected to Song with Id: 71 | Results: 6
2026-10-04 00:47:51 | READ | Song | Fetching data connected to Song with Id: 49 | Results: 4
2026-10-04 00:47:54 | READ | Song | Fetching all songs.
2026-10-04 00:47:54 | READ | Song | Fetching data connected to Song with Id: 1 | Results: 6
2026-10-04 00:47:54 | READ | Song | Fetching data connected to Song with Id: 2 | Results: 6
2026-10-04 00:47:54 | READ | Song | Fetching data connected to Song with Id: 3 | Results: 6
2026-10-04 00:47:54 | READ | Song | Fetching data connected to Song with Id: 4 | Results: 6
2026-10-04 00:47:54 | READ | Song | Fetching data connected to Song with Id: 5 | Results: 6
2026-10-04 00:47:54 | READ | Song | Fetching data connected to Song with Id: 6 | Results: 4
2026-10-04 00:47:54 | READ | Song | Fetching data connected to Song with Id: 7 | Results: 4
2026-10-04 00:47:54 | READ | Song | Fetching data connected to Song with Id: 8 | Results: 8
2026-10-04 00:47:54 | READ | Song | Fetching data connected to Song with Id: 9 | Results: 6
2026-10-04 00:47:54 | READ | Song | Fetching data connected to Song with Id: 10 | Results: 6
2026-10-04 00:47:54 | READ | Song | Fetching data connected to Song with Id: 11 | Results: 6
2026-10-04 00:47:54 | READ | Song | Fetching data connected to Song with Id: 12 | Results: 6
2026-10-04 00:47:54 | READ | Song | Fetching data connected to Song with Id: 13 | Results: 6
2026-10-04 00:47:54 | READ | Song | Fetching data connected to Song with Id: 14 | Results: 6
2026-10-04 00:47:54 | READ | Song | Fetching data connected to Song with Id: 15 | Results: 6
2026-10-04 00:47:54 | READ | Song | Fetching data connected to Song with Id: 16 | Results: 6
2026-10-04 00:47:54 | READ | Song | Fetching data connected to Song with Id: 17 | Results: 6
2026-10-04 00:47:54 | READ | Song | Fetching data connected to Song with Id: 18 | Results: 6
2026-10-04 00:47:54 | READ | Song | Fetching data connected to Song with Id: 19 | Results: 4
2026-10-04 00:47:54 | READ | Song | Fetching data connected to Song with Id: 20 | Results: 6
2026-10-04 00:47:54 | READ | Song | Fetching data connected to Song with Id: 21 | Results: 4
2026-10-04 00:47:54 | READ | Song | Fetching data connected to Song with Id: 22 | Results: 6
2026-10-04 00:47:54 | READ | Song | Fetching data connected to Song with Id: 23 | Results: 6
2026-10-04 00:47:54 | READ | Song | Fetching data connected to Song with Id: 24 | Results: 6
2026-10-04 00:47:54 | READ | Song | Fetching data connected to Song with Id: 25 | Results: 6
2026-10-04 00:47:54 | READ | Song | Fetching data connected to Song with Id: 26 | Results: 6
2026-10-04 00:47:54 | READ | Song | Fetching data connected to Song with Id: 27 | Results: 6
2026-10-04 00:47:54 | READ | Song | Fetching data connected to Song with Id: 71 | Results: 6
2026-10-04 00:47:54 | READ | Song | Fetching data connected to Song with Id: 49 | Results: 4
2026-10-04 00:48:02 | READ | Song | Fetching all songs.
2026-10-04 00:48:02 | READ | Song | Fetching data connected to Song with Id: 1 | Results: 6
2026-10-04 00:48:02 | READ | Song | Fetching data connected to Song with Id: 2 | Results: 6
2026-10-04 00:48:02 | READ | Song | Fetching data connected to Song with Id: 3 | Results: 6
2026-10-04 00:48:02 | READ | Song | Fetching data connected to Song with Id: 4 | Results: 6
2026-10-04 00:48:02 | READ | Song | Fetching data connected to Song with Id: 5 | Results: 6
2026-10-04 00:48:02 | READ | Song | Fetching data connected to Song with Id: 6 | Results: 4
2026-10-04 00:48:02 | READ | Song | Fetching data connected to Song with Id: 7 | Results: 4
2026-10-04 00:48:02 | READ | Song | Fetching data connected to Song with Id: 8 | Results: 8
2026-10-04 00:48:02 | READ | Song | Fetching data connected to Song with Id: 9 | Results: 6
2026-10-04 00:48:02 | READ | Song | Fetching data connected to Song with Id: 10 | Results: 6
2026-10-04 00:48:02 | READ | Song | Fetching data connected to Song with Id: 11 | Results: 6
2026-10-04 00:48:02 | READ | Song | Fetching data connected to Song with Id: 12 | Results: 6
2026-10-04 00:48:02 | READ | Song | Fetching data connected to Song with Id: 13 | Results: 6
2026-10-04 00:48:02 | READ | Song | Fetching data connected to Song with Id: 14 | Results: 6
2026-10-04 00:48:02 | READ | Song | Fetching data connected to Song with Id: 15 | Results: 6
2026-10-04 00:48:02 | READ | Song | Fetching data connected to Song with Id: 16 | Results: 6
2026-10-04 00:48:02 | READ | Song | Fetching data connected to Song with Id: 17 | Results: 6
2026-10-04 00:48:02 | READ | Song | Fetching data connected to Song with Id: 18 | Results: 6
2026-10-04 00:48:02 | READ | Song | Fetching data connected to Song with Id: 19 | Results: 4
2026-10-04 00:48:02 | READ | Song | Fetching data connected to Song with Id: 20 | Results: 6
2026-10-04 00:48:02 | READ | Song | Fetching data connected to Song with Id: 21 | Results: 4
2026-10-04 00:48:02 | READ | Song | Fetching data connected to Song with Id: 22 | Results: 6
2026-10-04 00:48:02 | READ | Song | Fetching data connected to Song with Id: 23 | Results: 6
2026-10-04 00:48:02 | READ | Song | Fetching data connected to Song with Id: 24 | Results: 6
2026-10-04 00:48:02 | READ | Song | Fetching data connected to Song with Id: 25 | Results: 6
2026-10-04 00:48:02 | READ | Song | Fetching data connected to Song with Id: 26 | Results: 6
2026-10-04 00:48:02 | READ | Song | Fetching data connected to Song with Id: 27 | Results: 6
2026-10-04 00:48:02 | READ | Song | Fetching data connected to Song with Id: 71 | Results: 6
2026-10-04 00:48:02 | READ | Song | Fetching data connected to Song with Id: 49 | Results: 4
2026-10-04 00:48:03 | READ | Song | Fetching all songs.
2026-10-04 00:48:03 | READ | Song | Fetching data connected to Song with Id: 1 | Results: 6
2026-10-04 00:48:03 | READ | Song | Fetching data connected to Song with Id: 2 | Results: 6
2026-10-04 00:48:03 | READ | Song | Fetching data connected to Song with Id: 3 | Results: 6
2026-10-04 00:48:03 | READ | Song | Fetching data connected to Song with Id: 4 | Results: 6
2026-10-04 00:48:03 | READ | Song | Fetching data connected to Song with Id: 5 | Results: 6
2026-10-04 00:48:03 | READ | Song | Fetching data connected to Song with Id: 6 | Results: 4
2026-10-04 00:48:03 | READ | Song | Fetching data connected to Song with Id: 7 | Results: 4
2026-10-04 00:48:03 | READ | Song | Fetching data connected to Song with Id: 8 | Results: 8
2026-10-04 00:48:03 | READ | Song | Fetching data connected to Song with Id: 9 | Results: 6
2026-10-04 00:48:03 | READ | Song | Fetching data connected to Song with Id: 10 | Results: 6
2026-10-04 00:48:03 | READ | Song | Fetching data connected to Song with Id: 11 | Results: 6
2026-10-04 00:48:03 | READ | Song | Fetching data connected to Song with Id: 12 | Results: 6
2026-10-04 00:48:03 | READ | Song | Fetching data connected to Song with Id: 13 | Results: 6
2026-10-04 00:48:03 | READ | Song | Fetching data connected to Song with Id: 14 | Results: 6
2026-10-04 00:48:03 | READ | Song | Fetching data connected to Song with Id: 15 | Results: 6
2026-10-04 00:48:03 | READ | Song | Fetching data connected to Song with Id: 16 | Results: 6
2026-10-04 00:48:03 | READ | Song | Fetching data connected to Song with Id: 17 | Results: 6
2026-10-04 00:48:03 | READ | Song | Fetching data connected to Song with Id: 18 | Results: 6
2026-10-04 00:48:03 | READ | Song | Fetching data connected to Song with Id: 19 | Results: 4
2026-10-04 00:48:03 | READ | Song | Fetching data connected to Song with Id: 20 | Results: 6
2026-10-04 00:48:03 | READ | Song | Fetching data connected to Song with Id: 21 | Results: 4
2026-10-04 00:48:03 | READ | Song | Fetching data connected to Song with Id: 22 | Results: 6
2026-10-04 00:48:03 | READ | Song | Fetching data connected to Song with Id: 23 | Results: 6
2026-10-04 00:48:03 | READ | Song | Fetching data connected to Song with Id: 24 | Results: 6
2026-10-04 00:48:03 | READ | Song | Fetching data connected to Song with Id: 25 | Results: 6
2026-10-04 00:48:03 | READ | Song | Fetching data connected to Song with Id: 26 | Results: 6
2026-10-04 00:48:03 | READ | Song | Fetching data connected to Song with Id: 27 | Results: 6
2026-10-04 00:48:03 | READ | Song | Fetching data connected to Song with Id: 71 | Results: 6
2026-10-04 00:48:03 | READ | Song | Fetching data connected to Song with Id: 49 | Results: 4
2026-10-04 00:48:05 | READ | Song | Fetching all songs.
2026-10-04 00:48:05 | READ | Song | Fetching data connected to Song with Id: 1 | Results: 6
2026-10-04 00:48:05 | READ | Song | Fetching data connected to Song with Id: 2 | Results: 6
2026-10-04 00:48:05 | READ | Song | Fetching data connected to Song with Id: 3 | Results: 6
2026-10-04 00:48:06 | READ | Song | Fetching data connected to Song with Id: 4 | Results: 6
2026-10-04 00:48:06 | READ | Song | Fetching data connected to Song with Id: 5 | Results: 6
2026-10-04 00:48:06 | READ | Song | Fetching data connected to Song with Id: 6 | Results: 4
2026-10-04 00:48:06 | READ | Song | Fetching data connected to Song with Id: 7 | Results: 4
2026-10-04 00:48:06 | READ | Song | Fetching data connected to Song with Id: 8 | Results: 8
2026-10-04 00:48:06 | READ | Song | Fetching data connected to Song with Id: 9 | Results: 6
2026-10-04 00:48:06 | READ | Song | Fetching data connected to Song with Id: 10 | Results: 6
2026-10-04 00:48:06 | READ | Song | Fetching data connected to Song with Id: 11 | Results: 6
2026-10-04 00:48:06 | READ | Song | Fetching data connected to Song with Id: 12 | Results: 6
2026-10-04 00:48:06 | READ | Song | Fetching data connected to Song with Id: 13 | Results: 6
2026-10-04 00:48:06 | READ | Song | Fetching data connected to Song with Id: 14 | Results: 6
2026-10-04 00:48:06 | READ | Song | Fetching data connected to Song with Id: 15 | Results: 6
2026-10-04 00:48:06 | READ | Song | Fetching data connected to Song with Id: 16 | Results: 6
2026-10-04 00:48:06 | READ | Song | Fetching data connected to Song with Id: 17 | Results: 6
2026-10-04 00:48:06 | READ | Song | Fetching data connected to Song with Id: 18 | Results: 6
2026-10-04 00:48:06 | READ | Song | Fetching data connected to Song with Id: 19 | Results: 4
2026-10-04 00:48:06 | READ | Song | Fetching data connected to Song with Id: 20 | Results: 6
2026-10-04 00:48:06 | READ | Song | Fetching data connected to Song with Id: 21 | Results: 4
2026-10-04 00:48:06 | READ | Song | Fetching data connected to Song with Id: 22 | Results: 6
2026-10-04 00:48:06 | READ | Song | Fetching data connected to Song with Id: 23 | Results: 6
2026-10-04 00:48:06 | READ | Song | Fetching data connected to Song with Id: 24 | Results: 6
2026-10-04 00:48:06 | READ | Song | Fetching data connected to Song with Id: 25 | Results: 6
2026-10-04 00:48:06 | READ | Song | Fetching data connected to Song with Id: 26 | Results: 6
2026-10-04 00:48:06 | READ | Song | Fetching data connected to Song with Id: 27 | Results: 6
2026-10-04 00:48:06 | READ | Song | Fetching data connected to Song with Id: 71 | Results: 6
2026-10-04 00:48:06 | READ | Song | Fetching data connected to Song with Id: 49 | Results: 4
2026-10-04 00:48:06 | READ | Song | Fetching all songs.
2026-10-04 00:48:06 | READ | Song | Fetching data connected to Song with Id: 1 | Results: 6
2026-10-04 00:48:06 | READ | Song | Fetching data connected to Song with Id: 2 | Results: 6
2026-10-04 00:48:06 | READ | Song | Fetching data connected to Song with Id: 3 | Results: 6
2026-10-04 00:48:06 | READ | Song | Fetching data connected to Song with Id: 4 | Results: 6
2026-10-04 00:48:06 | READ | Song | Fetching data connected to Song with Id: 5 | Results: 6
2026-10-04 00:48:06 | READ | Song | Fetching data connected to Song with Id: 6 | Results: 4
2026-10-04 00:48:06 | READ | Song | Fetching data connected to Song with Id: 7 | Results: 4
2026-10-04 00:48:06 | READ | Song | Fetching data connected to Song with Id: 8 | Results: 8
2026-10-04 00:48:06 | READ | Song | Fetching data connected to Song with Id: 9 | Results: 6
2026-10-04 00:48:06 | READ | Song | Fetching data connected to Song with Id: 10 | Results: 6
2026-10-04 00:48:06 | READ | Song | Fetching data connected to Song with Id: 11 | Results: 6
2026-10-04 00:48:06 | READ | Song | Fetching data connected to Song with Id: 12 | Results: 6
2026-10-04 00:48:06 | READ | Song | Fetching data connected to Song with Id: 13 | Results: 6
2026-10-04 00:48:06 | READ | Song | Fetching data connected to Song with Id: 14 | Results: 6
2026-10-04 00:48:06 | READ | Song | Fetching data connected to Song with Id: 15 | Results: 6
2026-10-04 00:48:06 | READ | Song | Fetching data connected to Song with Id: 16 | Results: 6
2026-10-04 00:48:06 | READ | Song | Fetching data connected to Song with Id: 17 | Results: 6
2026-10-04 00:48:06 | READ | Song | Fetching data connected to Song with Id: 18 | Results: 6
2026-10-04 00:48:06 | READ | Song | Fetching data connected to Song with Id: 19 | Results: 4
2026-10-04 00:48:06 | READ | Song | Fetching data connected to Song with Id: 20 | Results: 6
2026-10-04 00:48:06 | READ | Song | Fetching data connected to Song with Id: 21 | Results: 4
2026-10-04 00:48:06 | READ | Song | Fetching data connected to Song with Id: 22 | Results: 6
2026-10-04 00:48:06 | READ | Song | Fetching data connected to Song with Id: 23 | Results: 6
2026-10-04 00:48:06 | READ | Song | Fetching data connected to Song with Id: 24 | Results: 6
2026-10-04 00:48:06 | READ | Song | Fetching data connected to Song with Id: 25 | Results: 6
2026-10-04 00:48:06 | READ | Song | Fetching data connected to Song with Id: 26 | Results: 6
2026-10-04 00:48:06 | READ | Song | Fetching data connected to Song with Id: 27 | Results: 6
2026-10-04 00:48:06 | READ | Song | Fetching data connected to Song with Id: 71 | Results: 6
2026-10-04 00:48:06 | READ | Song | Fetching data connected to Song with Id: 49 | Results: 4
2026-10-04 00:48:06 | READ | Song | Fetching all songs.
2026-10-04 00:48:06 | READ | Song | Fetching data connected to Song with Id: 1 | Results: 6
2026-10-04 00:48:06 | READ | Song | Fetching data connected to Song with Id: 2 | Results: 6
2026-10-04 00:48:06 | READ | Song | Fetching data connected to Song with Id: 3 | Results: 6
2026-10-04 00:48:06 | READ | Song | Fetching data connected to Song with Id: 4 | Results: 6
2026-10-04 00:48:06 | READ | Song | Fetching data connected to Song with Id: 5 | Results: 6
2026-10-04 00:48:06 | READ | Song | Fetching data connected to Song with Id: 6 | Results: 4
2026-10-04 00:48:06 | READ | Song | Fetching data connected to Song with Id: 7 | Results: 4
2026-10-04 00:48:06 | READ | Song | Fetching data connected to Song with Id: 8 | Results: 8
2026-10-04 00:48:06 | READ | Song | Fetching data connected to Song with Id: 9 | Results: 6
2026-10-04 00:48:06 | READ | Song | Fetching data connected to Song with Id: 10 | Results: 6
2026-10-04 00:48:06 | READ | Song | Fetching data connected to Song with Id: 11 | Results: 6
2026-10-04 00:48:06 | READ | Song | Fetching data connected to Song with Id: 12 | Results: 6
2026-10-04 00:48:06 | READ | Song | Fetching data connected to Song with Id: 13 | Results: 6
2026-10-04 00:48:06 | READ | Song | Fetching data connected to Song with Id: 14 | Results: 6
2026-10-04 00:48:06 | READ | Song | Fetching data connected to Song with Id: 15 | Results: 6
2026-10-04 00:48:06 | READ | Song | Fetching data connected to Song with Id: 16 | Results: 6
2026-10-04 00:48:06 | READ | Song | Fetching data connected to Song with Id: 17 | Results: 6
2026-10-04 00:48:06 | READ | Song | Fetching data connected to Song with Id: 18 | Results: 6
2026-10-04 00:48:06 | READ | Song | Fetching data connected to Song with Id: 19 | Results: 4
2026-10-04 00:48:06 | READ | Song | Fetching data connected to Song with Id: 20 | Results: 6
2026-10-04 00:48:06 | READ | Song | Fetching data connected to Song with Id: 21 | Results: 4
2026-10-04 00:48:06 | READ | Song | Fetching data connected to Song with Id: 22 | Results: 6
2026-10-04 00:48:06 | READ | Song | Fetching data connected to Song with Id: 23 | Results: 6
2026-10-04 00:48:06 | READ | Song | Fetching data connected to Song with Id: 24 | Results: 6
2026-10-04 00:48:06 | READ | Song | Fetching data connected to Song with Id: 25 | Results: 6
2026-10-04 00:48:06 | READ | Song | Fetching data connected to Song with Id: 26 | Results: 6
2026-10-04 00:48:06 | READ | Song | Fetching data connected to Song with Id: 27 | Results: 6
2026-10-04 00:48:06 | READ | Song | Fetching data connected to Song with Id: 71 | Results: 6
2026-10-04 00:48:06 | READ | Song | Fetching data connected to Song with Id: 49 | Results: 4
2026-10-04 00:48:06 | READ | Song | Fetching all songs.
2026-10-04 00:48:06 | READ | Song | Fetching data connected to Song with Id: 1 | Results: 6
2026-10-04 00:48:06 | READ | Song | Fetching data connected to Song with Id: 2 | Results: 6
2026-10-04 00:48:06 | READ | Song | Fetching data connected to Song with Id: 3 | Results: 6
2026-10-04 00:48:06 | READ | Song | Fetching data connected to Song with Id: 4 | Results: 6
2026-10-04 00:48:06 | READ | Song | Fetching data connected to Song with Id: 5 | Results: 6
2026-10-04 00:48:06 | READ | Song | Fetching data connected to Song with Id: 6 | Results: 4
2026-10-04 00:48:06 | READ | Song | Fetching data connected to Song with Id: 7 | Results: 4
2026-10-04 00:48:06 | READ | Song | Fetching data connected to Song with Id: 8 | Results: 8
2026-10-04 00:48:06 | READ | Song | Fetching data connected to Song with Id: 9 | Results: 6
2026-10-04 00:48:06 | READ | Song | Fetching data connected to Song with Id: 10 | Results: 6
2026-10-04 00:48:06 | READ | Song | Fetching data connected to Song with Id: 11 | Results: 6
2026-10-04 00:48:06 | READ | Song | Fetching data connected to Song with Id: 12 | Results: 6
2026-10-04 00:48:06 | READ | Song | Fetching data connected to Song with Id: 13 | Results: 6
2026-10-04 00:48:06 | READ | Song | Fetching data connected to Song with Id: 14 | Results: 6
2026-10-04 00:48:06 | READ | Song | Fetching data connected to Song with Id: 15 | Results: 6
2026-10-04 00:48:06 | READ | Song | Fetching data connected to Song with Id: 16 | Results: 6
2026-10-04 00:48:06 | READ | Song | Fetching data connected to Song with Id: 17 | Results: 6
2026-10-04 00:48:06 | READ | Song | Fetching data connected to Song with Id: 18 | Results: 6
2026-10-04 00:48:06 | READ | Song | Fetching data connected to Song with Id: 19 | Results: 4
2026-10-04 00:48:06 | READ | Song | Fetching data connected to Song with Id: 20 | Results: 6
2026-10-04 00:48:06 | READ | Song | Fetching data connected to Song with Id: 21 | Results: 4
2026-10-04 00:48:06 | READ | Song | Fetching data connected to Song with Id: 22 | Results: 6
2026-10-04 00:48:06 | READ | Song | Fetching data connected to Song with Id: 23 | Results: 6
2026-10-04 00:48:06 | READ | Song | Fetching data connected to Song with Id: 24 | Results: 6
2026-10-04 00:48:06 | READ | Song | Fetching data connected to Song with Id: 25 | Results: 6
2026-10-04 00:48:06 | READ | Song | Fetching data connected to Song with Id: 26 | Results: 6
2026-10-04 00:48:06 | READ | Song | Fetching data connected to Song with Id: 27 | Results: 6
2026-10-04 00:48:06 | READ | Song | Fetching data connected to Song with Id: 71 | Results: 6
2026-10-04 00:48:06 | READ | Song | Fetching data connected to Song with Id: 49 | Results: 4
2026-10-04 00:48:06 | READ | Song | Fetching all songs.
2026-10-04 00:48:06 | READ | Song | Fetching data connected to Song with Id: 1 | Results: 6
2026-10-04 00:48:06 | READ | Song | Fetching data connected to Song with Id: 2 | Results: 6
2026-10-04 00:48:06 | READ | Song | Fetching data connected to Song with Id: 3 | Results: 6
2026-10-04 00:48:06 | READ | Song | Fetching data connected to Song with Id: 4 | Results: 6
2026-10-04 00:48:06 | READ | Song | Fetching data connected to Song with Id: 5 | Results: 6
2026-10-04 00:48:06 | READ | Song | Fetching data connected to Song with Id: 6 | Results: 4
2026-10-04 00:48:06 | READ | Song | Fetching data connected to Song with Id: 7 | Results: 4
2026-10-04 00:48:06 | READ | Song | Fetching data connected to Song with Id: 8 | Results: 8
2026-10-04 00:48:06 | READ | Song | Fetching data connected to Song with Id: 9 | Results: 6
2026-10-04 00:48:06 | READ | Song | Fetching data connected to Song with Id: 10 | Results: 6
2026-10-04 00:48:06 | READ | Song | Fetching data connected to Song with Id: 11 | Results: 6
2026-10-04 00:48:06 | READ | Song | Fetching data connected to Song with Id: 12 | Results: 6
2026-10-04 00:48:06 | READ | Song | Fetching data connected to Song with Id: 13 | Results: 6
2026-10-04 00:48:06 | READ | Song | Fetching data connected to Song with Id: 14 | Results: 6
2026-10-04 00:48:06 | READ | Song | Fetching data connected to Song with Id: 15 | Results: 6
2026-10-04 00:48:06 | READ | Song | Fetching data connected to Song with Id: 16 | Results: 6
2026-10-04 00:48:06 | READ | Song | Fetching data connected to Song with Id: 17 | Results: 6
2026-10-04 00:48:06 | READ | Song | Fetching data connected to Song with Id: 18 | Results: 6
2026-10-04 00:48:06 | READ | Song | Fetching data connected to Song with Id: 19 | Results: 4
2026-10-04 00:48:06 | READ | Song | Fetching data connected to Song with Id: 20 | Results: 6
2026-10-04 00:48:06 | READ | Song | Fetching data connected to Song with Id: 21 | Results: 4
2026-10-04 00:48:06 | READ | Song | Fetching data connected to Song with Id: 22 | Results: 6
2026-10-04 00:48:06 | READ | Song | Fetching data connected to Song with Id: 23 | Results: 6
2026-10-04 00:48:06 | READ | Song | Fetching data connected to Song with Id: 24 | Results: 6
2026-10-04 00:48:06 | READ | Song | Fetching data connected to Song with Id: 25 | Results: 6
2026-10-04 00:48:06 | READ | Song | Fetching data connected to Song with Id: 26 | Results: 6
2026-10-04 00:48:06 | READ | Song | Fetching data connected to Song with Id: 27 | Results: 6
2026-10-04 00:48:06 | READ | Song | Fetching data connected to Song with Id: 71 | Results: 6
2026-10-04 00:48:06 | READ | Song | Fetching data connected to Song with Id: 49 | Results: 4
2026-10-04 00:48:11 | READ | Song | Fetching all songs.
2026-10-04 00:48:11 | READ | Song | Fetching data connected to Song with Id: 1 | Results: 6
2026-10-04 00:48:11 | READ | Song | Fetching data connected to Song with Id: 2 | Results: 6
2026-10-04 00:48:11 | READ | Song | Fetching data connected to Song with Id: 3 | Results: 6
2026-10-04 00:48:11 | READ | Song | Fetching data connected to Song with Id: 4 | Results: 6
2026-10-04 00:48:11 | READ | Song | Fetching data connected to Song with Id: 5 | Results: 6
2026-10-04 00:48:11 | READ | Song | Fetching data connected to Song with Id: 6 | Results: 4
2026-10-04 00:48:11 | READ | Song | Fetching data connected to Song with Id: 7 | Results: 4
2026-10-04 00:48:11 | READ | Song | Fetching data connected to Song with Id: 8 | Results: 8
2026-10-04 00:48:11 | READ | Song | Fetching data connected to Song with Id: 9 | Results: 6
2026-10-04 00:48:11 | READ | Song | Fetching data connected to Song with Id: 10 | Results: 6
2026-10-04 00:48:11 | READ | Song | Fetching data connected to Song with Id: 11 | Results: 6
2026-10-04 00:48:11 | READ | Song | Fetching data connected to Song with Id: 12 | Results: 6
2026-10-04 00:48:11 | READ | Song | Fetching data connected to Song with Id: 13 | Results: 6
2026-10-04 00:48:11 | READ | Song | Fetching data connected to Song with Id: 14 | Results: 6
2026-10-04 00:48:11 | READ | Song | Fetching data connected to Song with Id: 15 | Results: 6
2026-10-04 00:48:11 | READ | Song | Fetching data connected to Song with Id: 16 | Results: 6
2026-10-04 00:48:11 | READ | Song | Fetching data connected to Song with Id: 17 | Results: 6
2026-10-04 00:48:11 | READ | Song | Fetching data connected to Song with Id: 18 | Results: 6
2026-10-04 00:48:11 | READ | Song | Fetching data connected to Song with Id: 19 | Results: 4
2026-10-04 00:48:11 | READ | Song | Fetching data connected to Song with Id: 20 | Results: 6
2026-10-04 00:48:11 | READ | Song | Fetching data connected to Song with Id: 21 | Results: 4
2026-10-04 00:48:11 | READ | Song | Fetching data connected to Song with Id: 22 | Results: 6
2026-10-04 00:48:11 | READ | Song | Fetching data connected to Song with Id: 23 | Results: 6
2026-10-04 00:48:11 | READ | Song | Fetching data connected to Song with Id: 24 | Results: 6
2026-10-04 00:48:11 | READ | Song | Fetching data connected to Song with Id: 25 | Results: 6
2026-10-04 00:48:11 | READ | Song | Fetching data connected to Song with Id: 26 | Results: 6
2026-10-04 00:48:11 | READ | Song | Fetching data connected to Song with Id: 27 | Results: 6
2026-10-04 00:48:11 | READ | Song | Fetching data connected to Song with Id: 71 | Results: 6
2026-10-04 00:48:11 | READ | Song | Fetching data connected to Song with Id: 49 | Results: 4
2026-10-04 00:48:12 | READ | Song | Fetching all songs.
2026-10-04 00:48:12 | READ | Song | Fetching data connected to Song with Id: 1 | Results: 6
2026-10-04 00:48:12 | READ | Song | Fetching data connected to Song with Id: 2 | Results: 6
2026-10-04 00:48:12 | READ | Song | Fetching data connected to Song with Id: 3 | Results: 6
2026-10-04 00:48:12 | READ | Song | Fetching data connected to Song with Id: 4 | Results: 6
2026-10-04 00:48:12 | READ | Song | Fetching data connected to Song with Id: 5 | Results: 6
2026-10-04 00:48:12 | READ | Song | Fetching data connected to Song with Id: 6 | Results: 4
2026-10-04 00:48:12 | READ | Song | Fetching data connected to Song with Id: 7 | Results: 4
2026-10-04 00:48:12 | READ | Song | Fetching data connected to Song with Id: 8 | Results: 8
2026-10-04 00:48:12 | READ | Song | Fetching data connected to Song with Id: 9 | Results: 6
2026-10-04 00:48:12 | READ | Song | Fetching data connected to Song with Id: 10 | Results: 6
2026-10-04 00:48:12 | READ | Song | Fetching data connected to Song with Id: 11 | Results: 6
2026-10-04 00:48:12 | READ | Song | Fetching data connected to Song with Id: 12 | Results: 6
2026-10-04 00:48:12 | READ | Song | Fetching data connected to Song with Id: 13 | Results: 6
2026-10-04 00:48:12 | READ | Song | Fetching data connected to Song with Id: 14 | Results: 6
2026-10-04 00:48:12 | READ | Song | Fetching data connected to Song with Id: 15 | Results: 6
2026-10-04 00:48:12 | READ | Song | Fetching data connected to Song with Id: 16 | Results: 6
2026-10-04 00:48:12 | READ | Song | Fetching data connected to Song with Id: 17 | Results: 6
2026-10-04 00:48:12 | READ | Song | Fetching data connected to Song with Id: 18 | Results: 6
2026-10-04 00:48:12 | READ | Song | Fetching data connected to Song with Id: 19 | Results: 4
2026-10-04 00:48:12 | READ | Song | Fetching data connected to Song with Id: 20 | Results: 6
2026-10-04 00:48:12 | READ | Song | Fetching data connected to Song with Id: 21 | Results: 4
2026-10-04 00:48:12 | READ | Song | Fetching data connected to Song with Id: 22 | Results: 6
2026-10-04 00:48:12 | READ | Song | Fetching data connected to Song with Id: 23 | Results: 6
2026-10-04 00:48:12 | READ | Song | Fetching data connected to Song with Id: 24 | Results: 6
2026-10-04 00:48:12 | READ | Song | Fetching data connected to Song with Id: 25 | Results: 6
2026-10-04 00:48:12 | READ | Song | Fetching data connected to Song with Id: 26 | Results: 6
2026-10-04 00:48:12 | READ | Song | Fetching data connected to Song with Id: 27 | Results: 6
2026-10-04 00:48:12 | READ | Song | Fetching data connected to Song with Id: 71 | Results: 6
2026-10-04 00:48:12 | READ | Song | Fetching data connected to Song with Id: 49 | Results: 4
2026-10-04 00:48:14 | READ | Song | Fetching all songs.
2026-10-04 00:48:14 | READ | Song | Fetching data connected to Song with Id: 1 | Results: 6
2026-10-04 00:48:14 | READ | Song | Fetching data connected to Song with Id: 2 | Results: 6
2026-10-04 00:48:14 | READ | Song | Fetching data connected to Song with Id: 3 | Results: 6
2026-10-04 00:48:14 | READ | Song | Fetching data connected to Song with Id: 4 | Results: 6
2026-10-04 00:48:14 | READ | Song | Fetching data connected to Song with Id: 5 | Results: 6
2026-10-04 00:48:14 | READ | Song | Fetching data connected to Song with Id: 6 | Results: 4
2026-10-04 00:48:14 | READ | Song | Fetching data connected to Song with Id: 7 | Results: 4
2026-10-04 00:48:14 | READ | Song | Fetching data connected to Song with Id: 8 | Results: 8
2026-10-04 00:48:14 | READ | Song | Fetching data connected to Song with Id: 9 | Results: 6
2026-10-04 00:48:14 | READ | Song | Fetching data connected to Song with Id: 10 | Results: 6
2026-10-04 00:48:14 | READ | Song | Fetching data connected to Song with Id: 11 | Results: 6
2026-10-04 00:48:14 | READ | Song | Fetching data connected to Song with Id: 12 | Results: 6
2026-10-04 00:48:14 | READ | Song | Fetching data connected to Song with Id: 13 | Results: 6
2026-10-04 00:48:14 | READ | Song | Fetching data connected to Song with Id: 14 | Results: 6
2026-10-04 00:48:14 | READ | Song | Fetching data connected to Song with Id: 15 | Results: 6
2026-10-04 00:48:14 | READ | Song | Fetching data connected to Song with Id: 16 | Results: 6
2026-10-04 00:48:14 | READ | Song | Fetching data connected to Song with Id: 17 | Results: 6
2026-10-04 00:48:14 | READ | Song | Fetching data connected to Song with Id: 18 | Results: 6
2026-10-04 00:48:14 | READ | Song | Fetching data connected to Song with Id: 19 | Results: 4
2026-10-04 00:48:14 | READ | Song | Fetching data connected to Song with Id: 20 | Results: 6
2026-10-04 00:48:14 | READ | Song | Fetching data connected to Song with Id: 21 | Results: 4
2026-10-04 00:48:14 | READ | Song | Fetching data connected to Song with Id: 22 | Results: 6
2026-10-04 00:48:14 | READ | Song | Fetching data connected to Song with Id: 23 | Results: 6
2026-10-04 00:48:14 | READ | Song | Fetching data connected to Song with Id: 24 | Results: 6
2026-10-04 00:48:14 | READ | Song | Fetching data connected to Song with Id: 25 | Results: 6
2026-10-04 00:48:14 | READ | Song | Fetching data connected to Song with Id: 26 | Results: 6
2026-10-04 00:48:14 | READ | Song | Fetching data connected to Song with Id: 27 | Results: 6
2026-10-04 00:48:14 | READ | Song | Fetching data connected to Song with Id: 71 | Results: 6
2026-10-04 00:48:14 | READ | Song | Fetching data connected to Song with Id: 49 | Results: 4
2026-10-04 00:48:19 | READ | Song | Fetching all songs.
2026-10-04 00:48:19 | READ | Song | Fetching data connected to Song with Id: 1 | Results: 6
2026-10-04 00:48:19 | READ | Song | Fetching data connected to Song with Id: 2 | Results: 6
2026-10-04 00:48:19 | READ | Song | Fetching data connected to Song with Id: 3 | Results: 6
2026-10-04 00:48:19 | READ | Song | Fetching data connected to Song with Id: 4 | Results: 6
2026-10-04 00:48:19 | READ | Song | Fetching data connected to Song with Id: 5 | Results: 6
2026-10-04 00:48:19 | READ | Song | Fetching data connected to Song with Id: 6 | Results: 4
2026-10-04 00:48:19 | READ | Song | Fetching data connected to Song with Id: 7 | Results: 4
2026-10-04 00:48:19 | READ | Song | Fetching data connected to Song with Id: 8 | Results: 8
2026-10-04 00:48:19 | READ | Song | Fetching data connected to Song with Id: 9 | Results: 6
2026-10-04 00:48:19 | READ | Song | Fetching data connected to Song with Id: 10 | Results: 6
2026-10-04 00:48:19 | READ | Song | Fetching data connected to Song with Id: 11 | Results: 6
2026-10-04 00:48:19 | READ | Song | Fetching data connected to Song with Id: 12 | Results: 6
2026-10-04 00:48:19 | READ | Song | Fetching data connected to Song with Id: 13 | Results: 6
2026-10-04 00:48:19 | READ | Song | Fetching data connected to Song with Id: 14 | Results: 6
2026-10-04 00:48:19 | READ | Song | Fetching data connected to Song with Id: 15 | Results: 6
2026-10-04 00:48:19 | READ | Song | Fetching data connected to Song with Id: 16 | Results: 6
2026-10-04 00:48:19 | READ | Song | Fetching data connected to Song with Id: 17 | Results: 6
2026-10-04 00:48:19 | READ | Song | Fetching data connected to Song with Id: 18 | Results: 6
2026-10-04 00:48:19 | READ | Song | Fetching data connected to Song with Id: 19 | Results: 4
2026-10-04 00:48:19 | READ | Song | Fetching data connected to Song with Id: 20 | Results: 6
2026-10-04 00:48:19 | READ | Song | Fetching data connected to Song with Id: 21 | Results: 4
2026-10-04 00:48:19 | READ | Song | Fetching data connected to Song with Id: 22 | Results: 6
2026-10-04 00:48:19 | READ | Song | Fetching data connected to Song with Id: 23 | Results: 6
2026-10-04 00:48:19 | READ | Song | Fetching data connected to Song with Id: 24 | Results: 6
2026-10-04 00:48:19 | READ | Song | Fetching data connected to Song with Id: 25 | Results: 6
2026-10-04 00:48:19 | READ | Song | Fetching data connected to Song with Id: 26 | Results: 6
2026-10-04 00:48:19 | READ | Song | Fetching data connected to Song with Id: 27 | Results: 6
2026-10-04 00:48:19 | READ | Song | Fetching data connected to Song with Id: 71 | Results: 6
2026-10-04 00:48:19 | READ | Song | Fetching data connected to Song with Id: 49 | Results: 4
2026-10-04 00:48:20 | READ | Song | Fetching all songs.
2026-10-04 00:48:20 | READ | Song | Fetching data connected to Song with Id: 1 | Results: 6
2026-10-04 00:48:20 | READ | Song | Fetching data connected to Song with Id: 2 | Results: 6
2026-10-04 00:48:20 | READ | Song | Fetching data connected to Song with Id: 3 | Results: 6
2026-10-04 00:48:20 | READ | Song | Fetching data connected to Song with Id: 4 | Results: 6
2026-10-04 00:48:20 | READ | Song | Fetching data connected to Song with Id: 5 | Results: 6
2026-10-04 00:48:20 | READ | Song | Fetching data connected to Song with Id: 6 | Results: 4
2026-10-04 00:48:20 | READ | Song | Fetching data connected to Song with Id: 7 | Results: 4
2026-10-04 00:48:20 | READ | Song | Fetching data connected to Song with Id: 8 | Results: 8
2026-10-04 00:48:20 | READ | Song | Fetching data connected to Song with Id: 9 | Results: 6
2026-10-04 00:48:20 | READ | Song | Fetching data connected to Song with Id: 10 | Results: 6
2026-10-04 00:48:20 | READ | Song | Fetching data connected to Song with Id: 11 | Results: 6
2026-10-04 00:48:20 | READ | Song | Fetching data connected to Song with Id: 12 | Results: 6
2026-10-04 00:48:20 | READ | Song | Fetching data connected to Song with Id: 13 | Results: 6
2026-10-04 00:48:20 | READ | Song | Fetching data connected to Song with Id: 14 | Results: 6
2026-10-04 00:48:20 | READ | Song | Fetching data connected to Song with Id: 15 | Results: 6
2026-10-04 00:48:20 | READ | Song | Fetching data connected to Song with Id: 16 | Results: 6
2026-10-04 00:48:20 | READ | Song | Fetching data connected to Song with Id: 17 | Results: 6
2026-10-04 00:48:20 | READ | Song | Fetching data connected to Song with Id: 18 | Results: 6
2026-10-04 00:48:20 | READ | Song | Fetching data connected to Song with Id: 19 | Results: 4
2026-10-04 00:48:20 | READ | Song | Fetching data connected to Song with Id: 20 | Results: 6
2026-10-04 00:48:20 | READ | Song | Fetching data connected to Song with Id: 21 | Results: 4
2026-10-04 00:48:20 | READ | Song | Fetching data connected to Song with Id: 22 | Results: 6
2026-10-04 00:48:20 | READ | Song | Fetching data connected to Song with Id: 23 | Results: 6
2026-10-04 00:48:20 | READ | Song | Fetching data connected to Song with Id: 24 | Results: 6
2026-10-04 00:48:20 | READ | Song | Fetching data connected to Song with Id: 25 | Results: 6
2026-10-04 00:48:20 | READ | Song | Fetching data connected to Song with Id: 26 | Results: 6
2026-10-04 00:48:20 | READ | Song | Fetching data connected to Song with Id: 27 | Results: 6
2026-10-04 00:48:20 | READ | Song | Fetching data connected to Song with Id: 71 | Results: 6
2026-10-04 00:48:20 | READ | Song | Fetching data connected to Song with Id: 49 | Results: 4
2026-10-04 00:48:20 | READ | Song | Fetching all songs.
2026-10-04 00:48:20 | READ | Song | Fetching data connected to Song with Id: 1 | Results: 6
2026-10-04 00:48:20 | READ | Song | Fetching data connected to Song with Id: 2 | Results: 6
2026-10-04 00:48:20 | READ | Song | Fetching data connected to Song with Id: 3 | Results: 6
2026-10-04 00:48:20 | READ | Song | Fetching data connected to Song with Id: 4 | Results: 6
2026-10-04 00:48:20 | READ | Song | Fetching data connected to Song with Id: 5 | Results: 6
2026-10-04 00:48:20 | READ | Song | Fetching data connected to Song with Id: 6 | Results: 4
2026-10-04 00:48:20 | READ | Song | Fetching data connected to Song with Id: 7 | Results: 4
2026-10-04 00:48:20 | READ | Song | Fetching data connected to Song with Id: 8 | Results: 8
2026-10-04 00:48:20 | READ | Song | Fetching data connected to Song with Id: 9 | Results: 6
2026-10-04 00:48:20 | READ | Song | Fetching data connected to Song with Id: 10 | Results: 6
2026-10-04 00:48:20 | READ | Song | Fetching data connected to Song with Id: 11 | Results: 6
2026-10-04 00:48:20 | READ | Song | Fetching data connected to Song with Id: 12 | Results: 6
2026-10-04 00:48:20 | READ | Song | Fetching data connected to Song with Id: 13 | Results: 6
2026-10-04 00:48:20 | READ | Song | Fetching data connected to Song with Id: 14 | Results: 6
2026-10-04 00:48:20 | READ | Song | Fetching data connected to Song with Id: 15 | Results: 6
2026-10-04 00:48:20 | READ | Song | Fetching data connected to Song with Id: 16 | Results: 6
2026-10-04 00:48:20 | READ | Song | Fetching data connected to Song with Id: 17 | Results: 6
2026-10-04 00:48:20 | READ | Song | Fetching data connected to Song with Id: 18 | Results: 6
2026-10-04 00:48:20 | READ | Song | Fetching data connected to Song with Id: 19 | Results: 4
2026-10-04 00:48:20 | READ | Song | Fetching data connected to Song with Id: 20 | Results: 6
2026-10-04 00:48:20 | READ | Song | Fetching data connected to Song with Id: 21 | Results: 4
2026-10-04 00:48:20 | READ | Song | Fetching data connected to Song with Id: 22 | Results: 6
2026-10-04 00:48:20 | READ | Song | Fetching data connected to Song with Id: 23 | Results: 6
2026-10-04 00:48:20 | READ | Song | Fetching data connected to Song with Id: 24 | Results: 6
2026-10-04 00:48:20 | READ | Song | Fetching data connected to Song with Id: 25 | Results: 6
2026-10-04 00:48:20 | READ | Song | Fetching data connected to Song with Id: 26 | Results: 6
2026-10-04 00:48:20 | READ | Song | Fetching data connected to Song with Id: 27 | Results: 6
2026-10-04 00:48:20 | READ | Song | Fetching data connected to Song with Id: 71 | Results: 6
2026-10-04 00:48:20 | READ | Song | Fetching data connected to Song with Id: 49 | Results: 4
2026-10-04 00:48:20 | READ | Song | Fetching all songs.
2026-10-04 00:48:20 | READ | Song | Fetching data connected to Song with Id: 1 | Results: 6
2026-10-04 00:48:20 | READ | Song | Fetching data connected to Song with Id: 2 | Results: 6
2026-10-04 00:48:20 | READ | Song | Fetching data connected to Song with Id: 3 | Results: 6
2026-10-04 00:48:20 | READ | Song | Fetching data connected to Song with Id: 4 | Results: 6
2026-10-04 00:48:20 | READ | Song | Fetching data connected to Song with Id: 5 | Results: 6
2026-10-04 00:48:20 | READ | Song | Fetching data connected to Song with Id: 6 | Results: 4
2026-10-04 00:48:20 | READ | Song | Fetching data connected to Song with Id: 7 | Results: 4
2026-10-04 00:48:20 | READ | Song | Fetching data connected to Song with Id: 8 | Results: 8
2026-10-04 00:48:20 | READ | Song | Fetching data connected to Song with Id: 9 | Results: 6
2026-10-04 00:48:20 | READ | Song | Fetching data connected to Song with Id: 10 | Results: 6
2026-10-04 00:48:20 | READ | Song | Fetching data connected to Song with Id: 11 | Results: 6
2026-10-04 00:48:20 | READ | Song | Fetching data connected to Song with Id: 12 | Results: 6
2026-10-04 00:48:20 | READ | Song | Fetching data connected to Song with Id: 13 | Results: 6
2026-10-04 00:48:20 | READ | Song | Fetching data connected to Song with Id: 14 | Results: 6
2026-10-04 00:48:20 | READ | Song | Fetching data connected to Song with Id: 15 | Results: 6
2026-10-04 00:48:20 | READ | Song | Fetching data connected to Song with Id: 16 | Results: 6
2026-10-04 00:48:20 | READ | Song | Fetching data connected to Song with Id: 17 | Results: 6
2026-10-04 00:48:20 | READ | Song | Fetching data connected to Song with Id: 18 | Results: 6
2026-10-04 00:48:20 | READ | Song | Fetching data connected to Song with Id: 19 | Results: 4
2026-10-04 00:48:20 | READ | Song | Fetching data connected to Song with Id: 20 | Results: 6
2026-10-04 00:48:20 | READ | Song | Fetching data connected to Song with Id: 21 | Results: 4
2026-10-04 00:48:20 | READ | Song | Fetching data connected to Song with Id: 22 | Results: 6
2026-10-04 00:48:20 | READ | Song | Fetching data connected to Song with Id: 23 | Results: 6
2026-10-04 00:48:20 | READ | Song | Fetching data connected to Song with Id: 24 | Results: 6
2026-10-04 00:48:20 | READ | Song | Fetching data connected to Song with Id: 25 | Results: 6
2026-10-04 00:48:20 | READ | Song | Fetching data connected to Song with Id: 26 | Results: 6
2026-10-04 00:48:20 | READ | Song | Fetching data connected to Song with Id: 27 | Results: 6
2026-10-04 00:48:20 | READ | Song | Fetching data connected to Song with Id: 71 | Results: 6
2026-10-04 00:48:20 | READ | Song | Fetching data connected to Song with Id: 49 | Results: 4
2026-10-04 00:48:20 | READ | Song | Fetching all songs.
2026-10-04 00:48:20 | READ | Song | Fetching data connected to Song with Id: 1 | Results: 6
2026-10-04 00:48:20 | READ | Song | Fetching data connected to Song with Id: 2 | Results: 6
2026-10-04 00:48:20 | READ | Song | Fetching data connected to Song with Id: 3 | Results: 6
2026-10-04 00:48:20 | READ | Song | Fetching data connected to Song with Id: 4 | Results: 6
2026-10-04 00:48:20 | READ | Song | Fetching data connected to Song with Id: 5 | Results: 6
2026-10-04 00:48:20 | READ | Song | Fetching data connected to Song with Id: 6 | Results: 4
2026-10-04 00:48:20 | READ | Song | Fetching data connected to Song with Id: 7 | Results: 4
2026-10-04 00:48:20 | READ | Song | Fetching data connected to Song with Id: 8 | Results: 8
2026-10-04 00:48:20 | READ | Song | Fetching data connected to Song with Id: 9 | Results: 6
2026-10-04 00:48:20 | READ | Song | Fetching data connected to Song with Id: 10 | Results: 6
2026-10-04 00:48:20 | READ | Song | Fetching data connected to Song with Id: 11 | Results: 6
2026-10-04 00:48:20 | READ | Song | Fetching data connected to Song with Id: 12 | Results: 6
2026-10-04 00:48:20 | READ | Song | Fetching data connected to Song with Id: 13 | Results: 6
2026-10-04 00:48:20 | READ | Song | Fetching data connected to Song with Id: 14 | Results: 6
2026-10-04 00:48:20 | READ | Song | Fetching data connected to Song with Id: 15 | Results: 6
2026-10-04 00:48:20 | READ | Song | Fetching data connected to Song with Id: 16 | Results: 6
2026-10-04 00:48:20 | READ | Song | Fetching data connected to Song with Id: 17 | Results: 6
2026-10-04 00:48:20 | READ | Song | Fetching data connected to Song with Id: 18 | Results: 6
2026-10-04 00:48:20 | READ | Song | Fetching data connected to Song with Id: 19 | Results: 4
2026-10-04 00:48:20 | READ | Song | Fetching data connected to Song with Id: 20 | Results: 6
2026-10-04 00:48:20 | READ | Song | Fetching data connected to Song with Id: 21 | Results: 4
2026-10-04 00:48:20 | READ | Song | Fetching data connected to Song with Id: 22 | Results: 6
2026-10-04 00:48:20 | READ | Song | Fetching data connected to Song with Id: 23 | Results: 6
2026-10-04 00:48:20 | READ | Song | Fetching data connected to Song with Id: 24 | Results: 6
2026-10-04 00:48:20 | READ | Song | Fetching data connected to Song with Id: 25 | Results: 6
2026-10-04 00:48:20 | READ | Song | Fetching data connected to Song with Id: 26 | Results: 6
2026-10-04 00:48:20 | READ | Song | Fetching data connected to Song with Id: 27 | Results: 6
2026-10-04 00:48:20 | READ | Song | Fetching data connected to Song with Id: 71 | Results: 6
2026-10-04 00:48:20 | READ | Song | Fetching data connected to Song with Id: 49 | Results: 4
2026-10-04 00:48:22 | READ | Song | Fetching all songs.
2026-10-04 00:48:22 | READ | Song | Fetching data connected to Song with Id: 1 | Results: 6
2026-10-04 00:48:22 | READ | Song | Fetching data connected to Song with Id: 2 | Results: 6
2026-10-04 00:48:22 | READ | Song | Fetching data connected to Song with Id: 3 | Results: 6
2026-10-04 00:48:22 | READ | Song | Fetching data connected to Song with Id: 4 | Results: 6
2026-10-04 00:48:22 | READ | Song | Fetching data connected to Song with Id: 5 | Results: 6
2026-10-04 00:48:22 | READ | Song | Fetching data connected to Song with Id: 6 | Results: 4
2026-10-04 00:48:22 | READ | Song | Fetching data connected to Song with Id: 7 | Results: 4
2026-10-04 00:48:22 | READ | Song | Fetching data connected to Song with Id: 8 | Results: 8
2026-10-04 00:48:22 | READ | Song | Fetching data connected to Song with Id: 9 | Results: 6
2026-10-04 00:48:22 | READ | Song | Fetching data connected to Song with Id: 10 | Results: 6
2026-10-04 00:48:22 | READ | Song | Fetching data connected to Song with Id: 11 | Results: 6
2026-10-04 00:48:22 | READ | Song | Fetching data connected to Song with Id: 12 | Results: 6
2026-10-04 00:48:22 | READ | Song | Fetching data connected to Song with Id: 13 | Results: 6
2026-10-04 00:48:22 | READ | Song | Fetching data connected to Song with Id: 14 | Results: 6
2026-10-04 00:48:22 | READ | Song | Fetching data connected to Song with Id: 15 | Results: 6
2026-10-04 00:48:22 | READ | Song | Fetching data connected to Song with Id: 16 | Results: 6
2026-10-04 00:48:22 | READ | Song | Fetching data connected to Song with Id: 17 | Results: 6
2026-10-04 00:48:22 | READ | Song | Fetching data connected to Song with Id: 18 | Results: 6
2026-10-04 00:48:22 | READ | Song | Fetching data connected to Song with Id: 19 | Results: 4
2026-10-04 00:48:22 | READ | Song | Fetching data connected to Song with Id: 20 | Results: 6
2026-10-04 00:48:22 | READ | Song | Fetching data connected to Song with Id: 21 | Results: 4
2026-10-04 00:48:22 | READ | Song | Fetching data connected to Song with Id: 22 | Results: 6
2026-10-04 00:48:22 | READ | Song | Fetching data connected to Song with Id: 23 | Results: 6
2026-10-04 00:48:22 | READ | Song | Fetching data connected to Song with Id: 24 | Results: 6
2026-10-04 00:48:22 | READ | Song | Fetching data connected to Song with Id: 25 | Results: 6
2026-10-04 00:48:22 | READ | Song | Fetching data connected to Song with Id: 26 | Results: 6
2026-10-04 00:48:22 | READ | Song | Fetching data connected to Song with Id: 27 | Results: 6
2026-10-04 00:48:22 | READ | Song | Fetching data connected to Song with Id: 71 | Results: 6
2026-10-04 00:48:22 | READ | Song | Fetching data connected to Song with Id: 49 | Results: 4
2026-10-04 00:48:22 | READ | Song | Fetching all songs.
2026-10-04 00:48:22 | READ | Song | Fetching data connected to Song with Id: 1 | Results: 6
2026-10-04 00:48:22 | READ | Song | Fetching data connected to Song with Id: 2 | Results: 6
2026-10-04 00:48:22 | READ | Song | Fetching data connected to Song with Id: 3 | Results: 6
2026-10-04 00:48:22 | READ | Song | Fetching data connected to Song with Id: 4 | Results: 6
2026-10-04 00:48:22 | READ | Song | Fetching data connected to Song with Id: 5 | Results: 6
2026-10-04 00:48:22 | READ | Song | Fetching data connected to Song with Id: 6 | Results: 4
2026-10-04 00:48:22 | READ | Song | Fetching data connected to Song with Id: 7 | Results: 4
2026-10-04 00:48:22 | READ | Song | Fetching data connected to Song with Id: 8 | Results: 8
2026-10-04 00:48:22 | READ | Song | Fetching data connected to Song with Id: 9 | Results: 6
2026-10-04 00:48:22 | READ | Song | Fetching data connected to Song with Id: 10 | Results: 6
2026-10-04 00:48:22 | READ | Song | Fetching data connected to Song with Id: 11 | Results: 6
2026-10-04 00:48:22 | READ | Song | Fetching data connected to Song with Id: 12 | Results: 6
2026-10-04 00:48:22 | READ | Song | Fetching data connected to Song with Id: 13 | Results: 6
2026-10-04 00:48:22 | READ | Song | Fetching data connected to Song with Id: 14 | Results: 6
2026-10-04 00:48:22 | READ | Song | Fetching data connected to Song with Id: 15 | Results: 6
2026-10-04 00:48:22 | READ | Song | Fetching data connected to Song with Id: 16 | Results: 6
2026-10-04 00:48:22 | READ | Song | Fetching data connected to Song with Id: 17 | Results: 6
2026-10-04 00:48:22 | READ | Song | Fetching data connected to Song with Id: 18 | Results: 6
2026-10-04 00:48:22 | READ | Song | Fetching data connected to Song with Id: 19 | Results: 4
2026-10-04 00:48:22 | READ | Song | Fetching data connected to Song with Id: 20 | Results: 6
2026-10-04 00:48:22 | READ | Song | Fetching data connected to Song with Id: 21 | Results: 4
2026-10-04 00:48:22 | READ | Song | Fetching data connected to Song with Id: 22 | Results: 6
2026-10-04 00:48:22 | READ | Song | Fetching data connected to Song with Id: 23 | Results: 6
2026-10-04 00:48:22 | READ | Song | Fetching data connected to Song with Id: 24 | Results: 6
2026-10-04 00:48:22 | READ | Song | Fetching data connected to Song with Id: 25 | Results: 6
2026-10-04 00:48:22 | READ | Song | Fetching data connected to Song with Id: 26 | Results: 6
2026-10-04 00:48:22 | READ | Song | Fetching data connected to Song with Id: 27 | Results: 6
2026-10-04 00:48:22 | READ | Song | Fetching data connected to Song with Id: 71 | Results: 6
2026-10-04 00:48:22 | READ | Song | Fetching data connected to Song with Id: 49 | Results: 4
2026-10-04 00:48:22 | READ | Song | Fetching all songs.
2026-10-04 00:48:22 | READ | Song | Fetching data connected to Song with Id: 1 | Results: 6
2026-10-04 00:48:22 | READ | Song | Fetching data connected to Song with Id: 2 | Results: 6
2026-10-04 00:48:22 | READ | Song | Fetching data connected to Song with Id: 3 | Results: 6
2026-10-04 00:48:22 | READ | Song | Fetching data connected to Song with Id: 4 | Results: 6
2026-10-04 00:48:22 | READ | Song | Fetching data connected to Song with Id: 5 | Results: 6
2026-10-04 00:48:22 | READ | Song | Fetching data connected to Song with Id: 6 | Results: 4
2026-10-04 00:48:22 | READ | Song | Fetching data connected to Song with Id: 7 | Results: 4
2026-10-04 00:48:22 | READ | Song | Fetching data connected to Song with Id: 8 | Results: 8
2026-10-04 00:48:22 | READ | Song | Fetching data connected to Song with Id: 9 | Results: 6
2026-10-04 00:48:22 | READ | Song | Fetching data connected to Song with Id: 10 | Results: 6
2026-10-04 00:48:22 | READ | Song | Fetching data connected to Song with Id: 11 | Results: 6
2026-10-04 00:48:22 | READ | Song | Fetching data connected to Song with Id: 12 | Results: 6
2026-10-04 00:48:22 | READ | Song | Fetching data connected to Song with Id: 13 | Results: 6
2026-10-04 00:48:22 | READ | Song | Fetching data connected to Song with Id: 14 | Results: 6
2026-10-04 00:48:22 | READ | Song | Fetching data connected to Song with Id: 15 | Results: 6
2026-10-04 00:48:22 | READ | Song | Fetching data connected to Song with Id: 16 | Results: 6
2026-10-04 00:48:22 | READ | Song | Fetching data connected to Song with Id: 17 | Results: 6
2026-10-04 00:48:22 | READ | Song | Fetching data connected to Song with Id: 18 | Results: 6
2026-10-04 00:48:22 | READ | Song | Fetching data connected to Song with Id: 19 | Results: 4
2026-10-04 00:48:22 | READ | Song | Fetching data connected to Song with Id: 20 | Results: 6
2026-10-04 00:48:22 | READ | Song | Fetching data connected to Song with Id: 21 | Results: 4
2026-10-04 00:48:22 | READ | Song | Fetching data connected to Song with Id: 22 | Results: 6
2026-10-04 00:48:22 | READ | Song | Fetching data connected to Song with Id: 23 | Results: 6
2026-10-04 00:48:22 | READ | Song | Fetching data connected to Song with Id: 24 | Results: 6
2026-10-04 00:48:22 | READ | Song | Fetching data connected to Song with Id: 25 | Results: 6
2026-10-04 00:48:22 | READ | Song | Fetching data connected to Song with Id: 26 | Results: 6
2026-10-04 00:48:22 | READ | Song | Fetching data connected to Song with Id: 27 | Results: 6
2026-10-04 00:48:22 | READ | Song | Fetching data connected to Song with Id: 71 | Results: 6
2026-10-04 00:48:22 | READ | Song | Fetching data connected to Song with Id: 49 | Results: 4
2026-10-04 00:48:22 | READ | Song | Fetching all songs.
2026-10-04 00:48:22 | READ | Song | Fetching data connected to Song with Id: 1 | Results: 6
2026-10-04 00:48:22 | READ | Song | Fetching data connected to Song with Id: 2 | Results: 6
2026-10-04 00:48:22 | READ | Song | Fetching data connected to Song with Id: 3 | Results: 6
2026-10-04 00:48:22 | READ | Song | Fetching data connected to Song with Id: 4 | Results: 6
2026-10-04 00:48:22 | READ | Song | Fetching data connected to Song with Id: 5 | Results: 6
2026-10-04 00:48:22 | READ | Song | Fetching data connected to Song with Id: 6 | Results: 4
2026-10-04 00:48:22 | READ | Song | Fetching data connected to Song with Id: 7 | Results: 4
2026-10-04 00:48:22 | READ | Song | Fetching data connected to Song with Id: 8 | Results: 8
2026-10-04 00:48:22 | READ | Song | Fetching data connected to Song with Id: 9 | Results: 6
2026-10-04 00:48:22 | READ | Song | Fetching data connected to Song with Id: 10 | Results: 6
2026-10-04 00:48:22 | READ | Song | Fetching data connected to Song with Id: 11 | Results: 6
2026-10-04 00:48:22 | READ | Song | Fetching data connected to Song with Id: 12 | Results: 6
2026-10-04 00:48:22 | READ | Song | Fetching data connected to Song with Id: 13 | Results: 6
2026-10-04 00:48:22 | READ | Song | Fetching data connected to Song with Id: 14 | Results: 6
2026-10-04 00:48:22 | READ | Song | Fetching data connected to Song with Id: 15 | Results: 6
2026-10-04 00:48:22 | READ | Song | Fetching data connected to Song with Id: 16 | Results: 6
2026-10-04 00:48:22 | READ | Song | Fetching data connected to Song with Id: 17 | Results: 6
2026-10-04 00:48:22 | READ | Song | Fetching data connected to Song with Id: 18 | Results: 6
2026-10-04 00:48:22 | READ | Song | Fetching data connected to Song with Id: 19 | Results: 4
2026-10-04 00:48:22 | READ | Song | Fetching data connected to Song with Id: 20 | Results: 6
2026-10-04 00:48:22 | READ | Song | Fetching data connected to Song with Id: 21 | Results: 4
2026-10-04 00:48:22 | READ | Song | Fetching data connected to Song with Id: 22 | Results: 6
2026-10-04 00:48:22 | READ | Song | Fetching data connected to Song with Id: 23 | Results: 6
2026-10-04 00:48:22 | READ | Song | Fetching data connected to Song with Id: 24 | Results: 6
2026-10-04 00:48:22 | READ | Song | Fetching data connected to Song with Id: 25 | Results: 6
2026-10-04 00:48:22 | READ | Song | Fetching data connected to Song with Id: 26 | Results: 6
2026-10-04 00:48:22 | READ | Song | Fetching data connected to Song with Id: 27 | Results: 6
2026-10-04 00:48:22 | READ | Song | Fetching data connected to Song with Id: 71 | Results: 6
2026-10-04 00:48:22 | READ | Song | Fetching data connected to Song with Id: 49 | Results: 4
2026-10-04 00:48:22 | READ | Song | Fetching all songs.
2026-10-04 00:48:22 | READ | Song | Fetching data connected to Song with Id: 1 | Results: 6
2026-10-04 00:48:22 | READ | Song | Fetching data connected to Song with Id: 2 | Results: 6
2026-10-04 00:48:22 | READ | Song | Fetching data connected to Song with Id: 3 | Results: 6
2026-10-04 00:48:22 | READ | Song | Fetching data connected to Song with Id: 4 | Results: 6
2026-10-04 00:48:22 | READ | Song | Fetching data connected to Song with Id: 5 | Results: 6
2026-10-04 00:48:22 | READ | Song | Fetching data connected to Song with Id: 6 | Results: 4
2026-10-04 00:48:22 | READ | Song | Fetching data connected to Song with Id: 7 | Results: 4
2026-10-04 00:48:22 | READ | Song | Fetching data connected to Song with Id: 8 | Results: 8
2026-10-04 00:48:22 | READ | Song | Fetching data connected to Song with Id: 9 | Results: 6
2026-10-04 00:48:22 | READ | Song | Fetching data connected to Song with Id: 10 | Results: 6
2026-10-04 00:48:22 | READ | Song | Fetching data connected to Song with Id: 11 | Results: 6
2026-10-04 00:48:22 | READ | Song | Fetching data connected to Song with Id: 12 | Results: 6
2026-10-04 00:48:22 | READ | Song | Fetching data connected to Song with Id: 13 | Results: 6
2026-10-04 00:48:22 | READ | Song | Fetching data connected to Song with Id: 14 | Results: 6
2026-10-04 00:48:22 | READ | Song | Fetching data connected to Song with Id: 15 | Results: 6
2026-10-04 00:48:22 | READ | Song | Fetching data connected to Song with Id: 16 | Results: 6
2026-10-04 00:48:22 | READ | Song | Fetching data connected to Song with Id: 17 | Results: 6
2026-10-04 00:48:22 | READ | Song | Fetching data connected to Song with Id: 18 | Results: 6
2026-10-04 00:48:22 | READ | Song | Fetching data connected to Song with Id: 19 | Results: 4
2026-10-04 00:48:22 | READ | Song | Fetching data connected to Song with Id: 20 | Results: 6
2026-10-04 00:48:22 | READ | Song | Fetching data connected to Song with Id: 21 | Results: 4
2026-10-04 00:48:22 | READ | Song | Fetching data connected to Song with Id: 22 | Results: 6
2026-10-04 00:48:22 | READ | Song | Fetching data connected to Song with Id: 23 | Results: 6
2026-10-04 00:48:22 | READ | Song | Fetching data connected to Song with Id: 24 | Results: 6
2026-10-04 00:48:22 | READ | Song | Fetching data connected to Song with Id: 25 | Results: 6
2026-10-04 00:48:22 | READ | Song | Fetching data connected to Song with Id: 26 | Results: 6
2026-10-04 00:48:22 | READ | Song | Fetching data connected to Song with Id: 27 | Results: 6
2026-10-04 00:48:22 | READ | Song | Fetching data connected to Song with Id: 71 | Results: 6
2026-10-04 00:48:22 | READ | Song | Fetching data connected to Song with Id: 49 | Results: 4
2026-10-04 00:48:26 | READ | Song | Fetching all songs.
2026-10-04 00:48:26 | READ | Song | Fetching data connected to Song with Id: 1 | Results: 6
2026-10-04 00:48:26 | READ | Song | Fetching data connected to Song with Id: 2 | Results: 6
2026-10-04 00:48:26 | READ | Song | Fetching data connected to Song with Id: 3 | Results: 6
2026-10-04 00:48:26 | READ | Song | Fetching data connected to Song with Id: 4 | Results: 6
2026-10-04 00:48:26 | READ | Song | Fetching data connected to Song with Id: 5 | Results: 6
2026-10-04 00:48:26 | READ | Song | Fetching data connected to Song with Id: 6 | Results: 4
2026-10-04 00:48:26 | READ | Song | Fetching data connected to Song with Id: 7 | Results: 4
2026-10-04 00:48:26 | READ | Song | Fetching data connected to Song with Id: 8 | Results: 8
2026-10-04 00:48:26 | READ | Song | Fetching data connected to Song with Id: 9 | Results: 6
2026-10-04 00:48:26 | READ | Song | Fetching data connected to Song with Id: 10 | Results: 6
2026-10-04 00:48:26 | READ | Song | Fetching data connected to Song with Id: 11 | Results: 6
2026-10-04 00:48:26 | READ | Song | Fetching data connected to Song with Id: 12 | Results: 6
2026-10-04 00:48:26 | READ | Song | Fetching data connected to Song with Id: 13 | Results: 6
2026-10-04 00:48:26 | READ | Song | Fetching data connected to Song with Id: 14 | Results: 6
2026-10-04 00:48:26 | READ | Song | Fetching data connected to Song with Id: 15 | Results: 6
2026-10-04 00:48:26 | READ | Song | Fetching data connected to Song with Id: 16 | Results: 6
2026-10-04 00:48:26 | READ | Song | Fetching data connected to Song with Id: 17 | Results: 6
2026-10-04 00:48:26 | READ | Song | Fetching data connected to Song with Id: 18 | Results: 6
2026-10-04 00:48:26 | READ | Song | Fetching data connected to Song with Id: 19 | Results: 4
2026-10-04 00:48:26 | READ | Song | Fetching data connected to Song with Id: 20 | Results: 6
2026-10-04 00:48:26 | READ | Song | Fetching data connected to Song with Id: 21 | Results: 4
2026-10-04 00:48:26 | READ | Song | Fetching data connected to Song with Id: 22 | Results: 6
2026-10-04 00:48:26 | READ | Song | Fetching data connected to Song with Id: 23 | Results: 6
2026-10-04 00:48:26 | READ | Song | Fetching data connected to Song with Id: 24 | Results: 6
2026-10-04 00:48:26 | READ | Song | Fetching data connected to Song with Id: 25 | Results: 6
2026-10-04 00:48:26 | READ | Song | Fetching data connected to Song with Id: 26 | Results: 6
2026-10-04 00:48:26 | READ | Song | Fetching data connected to Song with Id: 27 | Results: 6
2026-10-04 00:48:26 | READ | Song | Fetching data connected to Song with Id: 71 | Results: 6
2026-10-04 00:48:26 | READ | Song | Fetching data connected to Song with Id: 49 | Results: 4
2026-10-04 00:48:27 | READ | Song | Fetching all songs.
2026-10-04 00:48:27 | READ | Song | Fetching data connected to Song with Id: 1 | Results: 6
2026-10-04 00:48:27 | READ | Song | Fetching data connected to Song with Id: 2 | Results: 6
2026-10-04 00:48:27 | READ | Song | Fetching data connected to Song with Id: 3 | Results: 6
2026-10-04 00:48:27 | READ | Song | Fetching data connected to Song with Id: 4 | Results: 6
2026-10-04 00:48:27 | READ | Song | Fetching data connected to Song with Id: 5 | Results: 6
2026-10-04 00:48:27 | READ | Song | Fetching data connected to Song with Id: 6 | Results: 4
2026-10-04 00:48:27 | READ | Song | Fetching data connected to Song with Id: 7 | Results: 4
2026-10-04 00:48:27 | READ | Song | Fetching data connected to Song with Id: 8 | Results: 8
2026-10-04 00:48:27 | READ | Song | Fetching data connected to Song with Id: 9 | Results: 6
2026-10-04 00:48:27 | READ | Song | Fetching data connected to Song with Id: 10 | Results: 6
2026-10-04 00:48:27 | READ | Song | Fetching data connected to Song with Id: 11 | Results: 6
2026-10-04 00:48:27 | READ | Song | Fetching data connected to Song with Id: 12 | Results: 6
2026-10-04 00:48:27 | READ | Song | Fetching data connected to Song with Id: 13 | Results: 6
2026-10-04 00:48:27 | READ | Song | Fetching data connected to Song with Id: 14 | Results: 6
2026-10-04 00:48:27 | READ | Song | Fetching data connected to Song with Id: 15 | Results: 6
2026-10-04 00:48:27 | READ | Song | Fetching data connected to Song with Id: 16 | Results: 6
2026-10-04 00:48:27 | READ | Song | Fetching data connected to Song with Id: 17 | Results: 6
2026-10-04 00:48:27 | READ | Song | Fetching data connected to Song with Id: 18 | Results: 6
2026-10-04 00:48:27 | READ | Song | Fetching data connected to Song with Id: 19 | Results: 4
2026-10-04 00:48:27 | READ | Song | Fetching data connected to Song with Id: 20 | Results: 6
2026-10-04 00:48:27 | READ | Song | Fetching data connected to Song with Id: 21 | Results: 4
2026-10-04 00:48:27 | READ | Song | Fetching data connected to Song with Id: 22 | Results: 6
2026-10-04 00:48:27 | READ | Song | Fetching data connected to Song with Id: 23 | Results: 6
2026-10-04 00:48:27 | READ | Song | Fetching data connected to Song with Id: 24 | Results: 6
2026-10-04 00:48:27 | READ | Song | Fetching data connected to Song with Id: 25 | Results: 6
2026-10-04 00:48:27 | READ | Song | Fetching data connected to Song with Id: 26 | Results: 6
2026-10-04 00:48:27 | READ | Song | Fetching data connected to Song with Id: 27 | Results: 6
2026-10-04 00:48:27 | READ | Song | Fetching data connected to Song with Id: 71 | Results: 6
2026-10-04 00:48:27 | READ | Song | Fetching data connected to Song with Id: 49 | Results: 4
2026-10-04 00:56:04 | READ | Song | Fetching all songs.
2026-10-04 00:56:04 | READ | Song | Fetching data connected to Song with Id: 1 | Results: 6
2026-10-04 00:56:04 | READ | Song | Fetching data connected to Song with Id: 2 | Results: 6
2026-10-04 00:56:04 | READ | Song | Fetching data connected to Song with Id: 3 | Results: 6
2026-10-04 00:56:04 | READ | Song | Fetching data connected to Song with Id: 4 | Results: 6
2026-10-04 00:56:04 | READ | Song | Fetching data connected to Song with Id: 5 | Results: 6
2026-10-04 00:56:04 | READ | Song | Fetching data connected to Song with Id: 6 | Results: 4
2026-10-04 00:56:04 | READ | Song | Fetching data connected to Song with Id: 7 | Results: 4
2026-10-04 00:56:04 | READ | Song | Fetching data connected to Song with Id: 8 | Results: 8
2026-10-04 00:56:04 | READ | Song | Fetching data connected to Song with Id: 9 | Results: 6
2026-10-04 00:56:04 | READ | Song | Fetching data connected to Song with Id: 10 | Results: 6
2026-10-04 00:56:04 | READ | Song | Fetching data connected to Song with Id: 11 | Results: 6
2026-10-04 00:56:04 | READ | Song | Fetching data connected to Song with Id: 12 | Results: 6
2026-10-04 00:56:04 | READ | Song | Fetching data connected to Song with Id: 13 | Results: 6
2026-10-04 00:56:04 | READ | Song | Fetching data connected to Song with Id: 14 | Results: 6
2026-10-04 00:56:04 | READ | Song | Fetching data connected to Song with Id: 15 | Results: 6
2026-10-04 00:56:04 | READ | Song | Fetching data connected to Song with Id: 16 | Results: 6
2026-10-04 00:56:04 | READ | Song | Fetching data connected to Song with Id: 17 | Results: 6
2026-10-04 00:56:04 | READ | Song | Fetching data connected to Song with Id: 18 | Results: 6
2026-10-04 00:56:04 | READ | Song | Fetching data connected to Song with Id: 19 | Results: 4
2026-10-04 00:56:04 | READ | Song | Fetching data connected to Song with Id: 20 | Results: 6
2026-10-04 00:56:04 | READ | Song | Fetching data connected to Song with Id: 21 | Results: 4
2026-10-04 00:56:04 | READ | Song | Fetching data connected to Song with Id: 22 | Results: 6
2026-10-04 00:56:04 | READ | Song | Fetching data connected to Song with Id: 23 | Results: 6
2026-10-04 00:56:04 | READ | Song | Fetching data connected to Song with Id: 24 | Results: 6
2026-10-04 00:56:04 | READ | Song | Fetching data connected to Song with Id: 25 | Results: 6
2026-10-04 00:56:04 | READ | Song | Fetching data connected to Song with Id: 26 | Results: 6
2026-10-04 00:56:04 | READ | Song | Fetching data connected to Song with Id: 27 | Results: 6
2026-10-04 00:56:04 | READ | Song | Fetching data connected to Song with Id: 71 | Results: 6
2026-10-04 00:56:04 | READ | Song | Fetching data connected to Song with Id: 49 | Results: 4
2026-10-04 00:56:04 | READ | Song | Fetching all songs.
2026-10-04 00:56:04 | READ | Song | Fetching data connected to Song with Id: 1 | Results: 6
2026-10-04 00:56:04 | READ | Song | Fetching data connected to Song with Id: 2 | Results: 6
2026-10-04 00:56:04 | READ | Song | Fetching data connected to Song with Id: 3 | Results: 6
2026-10-04 00:56:04 | READ | Song | Fetching data connected to Song with Id: 4 | Results: 6
2026-10-04 00:56:04 | READ | Song | Fetching data connected to Song with Id: 5 | Results: 6
2026-10-04 00:56:04 | READ | Song | Fetching data connected to Song with Id: 6 | Results: 4
2026-10-04 00:56:04 | READ | Song | Fetching data connected to Song with Id: 7 | Results: 4
2026-10-04 00:56:04 | READ | Song | Fetching data connected to Song with Id: 8 | Results: 8
2026-10-04 00:56:04 | READ | Song | Fetching data connected to Song with Id: 9 | Results: 6
2026-10-04 00:56:04 | READ | Song | Fetching data connected to Song with Id: 10 | Results: 6
2026-10-04 00:56:04 | READ | Song | Fetching data connected to Song with Id: 11 | Results: 6
2026-10-04 00:56:04 | READ | Song | Fetching data connected to Song with Id: 12 | Results: 6
2026-10-04 00:56:04 | READ | Song | Fetching data connected to Song with Id: 13 | Results: 6
2026-10-04 00:56:04 | READ | Song | Fetching data connected to Song with Id: 14 | Results: 6
2026-10-04 00:56:04 | READ | Song | Fetching data connected to Song with Id: 15 | Results: 6
2026-10-04 00:56:04 | READ | Song | Fetching data connected to Song with Id: 16 | Results: 6
2026-10-04 00:56:04 | READ | Song | Fetching data connected to Song with Id: 17 | Results: 6
2026-10-04 00:56:04 | READ | Song | Fetching data connected to Song with Id: 18 | Results: 6
2026-10-04 00:56:04 | READ | Song | Fetching data connected to Song with Id: 19 | Results: 4
2026-10-04 00:56:04 | READ | Song | Fetching data connected to Song with Id: 20 | Results: 6
2026-10-04 00:56:04 | READ | Song | Fetching data connected to Song with Id: 21 | Results: 4
2026-10-04 00:56:04 | READ | Song | Fetching data connected to Song with Id: 22 | Results: 6
2026-10-04 00:56:04 | READ | Song | Fetching data connected to Song with Id: 23 | Results: 6
2026-10-04 00:56:04 | READ | Song | Fetching data connected to Song with Id: 24 | Results: 6
2026-10-04 00:56:04 | READ | Song | Fetching data connected to Song with Id: 25 | Results: 6
2026-10-04 00:56:04 | READ | Song | Fetching data connected to Song with Id: 26 | Results: 6
2026-10-04 00:56:04 | READ | Song | Fetching data connected to Song with Id: 27 | Results: 6
2026-10-04 00:56:04 | READ | Song | Fetching data connected to Song with Id: 71 | Results: 6
2026-10-04 00:56:04 | READ | Song | Fetching data connected to Song with Id: 49 | Results: 4
2026-10-04 00:56:04 | READ | Song | Fetching all songs.
2026-10-04 00:56:04 | READ | Song | Fetching data connected to Song with Id: 1 | Results: 6
2026-10-04 00:56:04 | READ | Song | Fetching data connected to Song with Id: 2 | Results: 6
2026-10-04 00:56:04 | READ | Song | Fetching data connected to Song with Id: 3 | Results: 6
2026-10-04 00:56:04 | READ | Song | Fetching data connected to Song with Id: 4 | Results: 6
2026-10-04 00:56:04 | READ | Song | Fetching data connected to Song with Id: 5 | Results: 6
2026-10-04 00:56:04 | READ | Song | Fetching data connected to Song with Id: 6 | Results: 4
2026-10-04 00:56:04 | READ | Song | Fetching data connected to Song with Id: 7 | Results: 4
2026-10-04 00:56:04 | READ | Song | Fetching data connected to Song with Id: 8 | Results: 8
2026-10-04 00:56:04 | READ | Song | Fetching data connected to Song with Id: 9 | Results: 6
2026-10-04 00:56:04 | READ | Song | Fetching data connected to Song with Id: 10 | Results: 6
2026-10-04 00:56:04 | READ | Song | Fetching data connected to Song with Id: 11 | Results: 6
2026-10-04 00:56:04 | READ | Song | Fetching data connected to Song with Id: 12 | Results: 6
2026-10-04 00:56:04 | READ | Song | Fetching data connected to Song with Id: 13 | Results: 6
2026-10-04 00:56:04 | READ | Song | Fetching data connected to Song with Id: 14 | Results: 6
2026-10-04 00:56:04 | READ | Song | Fetching data connected to Song with Id: 15 | Results: 6
2026-10-04 00:56:04 | READ | Song | Fetching data connected to Song with Id: 16 | Results: 6
2026-10-04 00:56:04 | READ | Song | Fetching data connected to Song with Id: 17 | Results: 6
2026-10-04 00:56:04 | READ | Song | Fetching data connected to Song with Id: 18 | Results: 6
2026-10-04 00:56:04 | READ | Song | Fetching data connected to Song with Id: 19 | Results: 4
2026-10-04 00:56:04 | READ | Song | Fetching data connected to Song with Id: 20 | Results: 6
2026-10-04 00:56:04 | READ | Song | Fetching data connected to Song with Id: 21 | Results: 4
2026-10-04 00:56:04 | READ | Song | Fetching data connected to Song with Id: 22 | Results: 6
2026-10-04 00:56:04 | READ | Song | Fetching data connected to Song with Id: 23 | Results: 6
2026-10-04 00:56:04 | READ | Song | Fetching data connected to Song with Id: 24 | Results: 6
2026-10-04 00:56:04 | READ | Song | Fetching data connected to Song with Id: 25 | Results: 6
2026-10-04 00:56:04 | READ | Song | Fetching data connected to Song with Id: 26 | Results: 6
2026-10-04 00:56:04 | READ | Song | Fetching data connected to Song with Id: 27 | Results: 6
2026-10-04 00:56:04 | READ | Song | Fetching data connected to Song with Id: 71 | Results: 6
2026-10-04 00:56:04 | READ | Song | Fetching data connected to Song with Id: 49 | Results: 4
2026-10-04 00:56:04 | READ | Song | Fetching all songs.
2026-10-04 00:56:04 | READ | Song | Fetching data connected to Song with Id: 1 | Results: 6
2026-10-04 00:56:04 | READ | Song | Fetching data connected to Song with Id: 2 | Results: 6
2026-10-04 00:56:04 | READ | Song | Fetching data connected to Song with Id: 3 | Results: 6
2026-10-04 00:56:04 | READ | Song | Fetching data connected to Song with Id: 4 | Results: 6
2026-10-04 00:56:04 | READ | Song | Fetching data connected to Song with Id: 5 | Results: 6
2026-10-04 00:56:04 | READ | Song | Fetching data connected to Song with Id: 6 | Results: 4
2026-10-04 00:56:04 | READ | Song | Fetching data connected to Song with Id: 7 | Results: 4
2026-10-04 00:56:04 | READ | Song | Fetching data connected to Song with Id: 8 | Results: 8
2026-10-04 00:56:04 | READ | Song | Fetching data connected to Song with Id: 9 | Results: 6
2026-10-04 00:56:04 | READ | Song | Fetching data connected to Song with Id: 10 | Results: 6
2026-10-04 00:56:04 | READ | Song | Fetching data connected to Song with Id: 11 | Results: 6
2026-10-04 00:56:04 | READ | Song | Fetching data connected to Song with Id: 12 | Results: 6
2026-10-04 00:56:04 | READ | Song | Fetching data connected to Song with Id: 13 | Results: 6
2026-10-04 00:56:04 | READ | Song | Fetching data connected to Song with Id: 14 | Results: 6
2026-10-04 00:56:04 | READ | Song | Fetching data connected to Song with Id: 15 | Results: 6
2026-10-04 00:56:04 | READ | Song | Fetching data connected to Song with Id: 16 | Results: 6
2026-10-04 00:56:04 | READ | Song | Fetching data connected to Song with Id: 17 | Results: 6
2026-10-04 00:56:04 | READ | Song | Fetching data connected to Song with Id: 18 | Results: 6
2026-10-04 00:56:04 | READ | Song | Fetching data connected to Song with Id: 19 | Results: 4
2026-10-04 00:56:04 | READ | Song | Fetching data connected to Song with Id: 20 | Results: 6
2026-10-04 00:56:04 | READ | Song | Fetching data connected to Song with Id: 21 | Results: 4
2026-10-04 00:56:04 | READ | Song | Fetching data connected to Song with Id: 22 | Results: 6
2026-10-04 00:56:04 | READ | Song | Fetching data connected to Song with Id: 23 | Results: 6
2026-10-04 00:56:04 | READ | Song | Fetching data connected to Song with Id: 24 | Results: 6
2026-10-04 00:56:04 | READ | Song | Fetching data connected to Song with Id: 25 | Results: 6
2026-10-04 00:56:04 | READ | Song | Fetching data connected to Song with Id: 26 | Results: 6
2026-10-04 00:56:04 | READ | Song | Fetching data connected to Song with Id: 27 | Results: 6
2026-10-04 00:56:04 | READ | Song | Fetching data connected to Song with Id: 71 | Results: 6
2026-10-04 00:56:04 | READ | Song | Fetching data connected to Song with Id: 49 | Results: 4
2026-10-04 00:56:04 | READ | Song | Fetching all songs.
2026-10-04 00:56:05 | READ | Song | Fetching data connected to Song with Id: 1 | Results: 6
2026-10-04 00:56:05 | READ | Song | Fetching data connected to Song with Id: 2 | Results: 6
2026-10-04 00:56:05 | READ | Song | Fetching data connected to Song with Id: 3 | Results: 6
2026-10-04 00:56:05 | READ | Song | Fetching data connected to Song with Id: 4 | Results: 6
2026-10-04 00:56:05 | READ | Song | Fetching data connected to Song with Id: 5 | Results: 6
2026-10-04 00:56:05 | READ | Song | Fetching data connected to Song with Id: 6 | Results: 4
2026-10-04 00:56:05 | READ | Song | Fetching data connected to Song with Id: 7 | Results: 4
2026-10-04 00:56:05 | READ | Song | Fetching data connected to Song with Id: 8 | Results: 8
2026-10-04 00:56:05 | READ | Song | Fetching data connected to Song with Id: 9 | Results: 6
2026-10-04 00:56:05 | READ | Song | Fetching data connected to Song with Id: 10 | Results: 6
2026-10-04 00:56:05 | READ | Song | Fetching data connected to Song with Id: 11 | Results: 6
2026-10-04 00:56:05 | READ | Song | Fetching data connected to Song with Id: 12 | Results: 6
2026-10-04 00:56:05 | READ | Song | Fetching data connected to Song with Id: 13 | Results: 6
2026-10-04 00:56:05 | READ | Song | Fetching data connected to Song with Id: 14 | Results: 6
2026-10-04 00:56:05 | READ | Song | Fetching data connected to Song with Id: 15 | Results: 6
2026-10-04 00:56:05 | READ | Song | Fetching data connected to Song with Id: 16 | Results: 6
2026-10-04 00:56:05 | READ | Song | Fetching data connected to Song with Id: 17 | Results: 6
2026-10-04 00:56:05 | READ | Song | Fetching data connected to Song with Id: 18 | Results: 6
2026-10-04 00:56:05 | READ | Song | Fetching data connected to Song with Id: 19 | Results: 4
2026-10-04 00:56:05 | READ | Song | Fetching data connected to Song with Id: 20 | Results: 6
2026-10-04 00:56:05 | READ | Song | Fetching data connected to Song with Id: 21 | Results: 4
2026-10-04 00:56:05 | READ | Song | Fetching data connected to Song with Id: 22 | Results: 6
2026-10-04 00:56:05 | READ | Song | Fetching data connected to Song with Id: 23 | Results: 6
2026-10-04 00:56:05 | READ | Song | Fetching data connected to Song with Id: 24 | Results: 6
2026-10-04 00:56:05 | READ | Song | Fetching data connected to Song with Id: 25 | Results: 6
2026-10-04 00:56:05 | READ | Song | Fetching data connected to Song with Id: 26 | Results: 6
2026-10-04 00:56:05 | READ | Song | Fetching data connected to Song with Id: 27 | Results: 6
2026-10-04 00:56:05 | READ | Song | Fetching data connected to Song with Id: 71 | Results: 6
2026-10-04 00:56:05 | READ | Song | Fetching data connected to Song with Id: 49 | Results: 4
2026-10-04 00:56:07 | READ | Song | Fetching all songs.
2026-10-04 00:56:07 | READ | Song | Fetching data connected to Song with Id: 1 | Results: 6
2026-10-04 00:56:07 | READ | Song | Fetching data connected to Song with Id: 2 | Results: 6
2026-10-04 00:56:07 | READ | Song | Fetching data connected to Song with Id: 3 | Results: 6
2026-10-04 00:56:07 | READ | Song | Fetching data connected to Song with Id: 4 | Results: 6
2026-10-04 00:56:07 | READ | Song | Fetching data connected to Song with Id: 5 | Results: 6
2026-10-04 00:56:07 | READ | Song | Fetching data connected to Song with Id: 6 | Results: 4
2026-10-04 00:56:07 | READ | Song | Fetching data connected to Song with Id: 7 | Results: 4
2026-10-04 00:56:07 | READ | Song | Fetching data connected to Song with Id: 8 | Results: 8
2026-10-04 00:56:07 | READ | Song | Fetching data connected to Song with Id: 9 | Results: 6
2026-10-04 00:56:07 | READ | Song | Fetching data connected to Song with Id: 10 | Results: 6
2026-10-04 00:56:07 | READ | Song | Fetching data connected to Song with Id: 11 | Results: 6
2026-10-04 00:56:07 | READ | Song | Fetching data connected to Song with Id: 12 | Results: 6
2026-10-04 00:56:07 | READ | Song | Fetching data connected to Song with Id: 13 | Results: 6
2026-10-04 00:56:07 | READ | Song | Fetching data connected to Song with Id: 14 | Results: 6
2026-10-04 00:56:07 | READ | Song | Fetching data connected to Song with Id: 15 | Results: 6
2026-10-04 00:56:07 | READ | Song | Fetching data connected to Song with Id: 16 | Results: 6
2026-10-04 00:56:07 | READ | Song | Fetching data connected to Song with Id: 17 | Results: 6
2026-10-04 00:56:07 | READ | Song | Fetching data connected to Song with Id: 18 | Results: 6
2026-10-04 00:56:07 | READ | Song | Fetching data connected to Song with Id: 19 | Results: 4
2026-10-04 00:56:07 | READ | Song | Fetching data connected to Song with Id: 20 | Results: 6
2026-10-04 00:56:07 | READ | Song | Fetching data connected to Song with Id: 21 | Results: 4
2026-10-04 00:56:07 | READ | Song | Fetching data connected to Song with Id: 22 | Results: 6
2026-10-04 00:56:07 | READ | Song | Fetching data connected to Song with Id: 23 | Results: 6
2026-10-04 00:56:07 | READ | Song | Fetching data connected to Song with Id: 24 | Results: 6
2026-10-04 00:56:07 | READ | Song | Fetching data connected to Song with Id: 25 | Results: 6
2026-10-04 00:56:07 | READ | Song | Fetching data connected to Song with Id: 26 | Results: 6
2026-10-04 00:56:07 | READ | Song | Fetching data connected to Song with Id: 27 | Results: 6
2026-10-04 00:56:07 | READ | Song | Fetching data connected to Song with Id: 71 | Results: 6
2026-10-04 00:56:07 | READ | Song | Fetching data connected to Song with Id: 49 | Results: 4
2026-10-04 00:56:08 | READ | Song | Fetching all songs.
2026-10-04 00:56:08 | READ | Song | Fetching data connected to Song with Id: 1 | Results: 6
2026-10-04 00:56:08 | READ | Song | Fetching data connected to Song with Id: 2 | Results: 6
2026-10-04 00:56:08 | READ | Song | Fetching data connected to Song with Id: 3 | Results: 6
2026-10-04 00:56:08 | READ | Song | Fetching data connected to Song with Id: 4 | Results: 6
2026-10-04 00:56:08 | READ | Song | Fetching data connected to Song with Id: 5 | Results: 6
2026-10-04 00:56:08 | READ | Song | Fetching data connected to Song with Id: 6 | Results: 4
2026-10-04 00:56:08 | READ | Song | Fetching data connected to Song with Id: 7 | Results: 4
2026-10-04 00:56:08 | READ | Song | Fetching data connected to Song with Id: 8 | Results: 8
2026-10-04 00:56:08 | READ | Song | Fetching data connected to Song with Id: 9 | Results: 6
2026-10-04 00:56:08 | READ | Song | Fetching data connected to Song with Id: 10 | Results: 6
2026-10-04 00:56:08 | READ | Song | Fetching data connected to Song with Id: 11 | Results: 6
2026-10-04 00:56:08 | READ | Song | Fetching data connected to Song with Id: 12 | Results: 6
2026-10-04 00:56:08 | READ | Song | Fetching data connected to Song with Id: 13 | Results: 6
2026-10-04 00:56:08 | READ | Song | Fetching data connected to Song with Id: 14 | Results: 6
2026-10-04 00:56:08 | READ | Song | Fetching data connected to Song with Id: 15 | Results: 6
2026-10-04 00:56:08 | READ | Song | Fetching data connected to Song with Id: 16 | Results: 6
2026-10-04 00:56:08 | READ | Song | Fetching data connected to Song with Id: 17 | Results: 6
2026-10-04 00:56:08 | READ | Song | Fetching data connected to Song with Id: 18 | Results: 6
2026-10-04 00:56:08 | READ | Song | Fetching data connected to Song with Id: 19 | Results: 4
2026-10-04 00:56:08 | READ | Song | Fetching data connected to Song with Id: 20 | Results: 6
2026-10-04 00:56:08 | READ | Song | Fetching data connected to Song with Id: 21 | Results: 4
2026-10-04 00:56:08 | READ | Song | Fetching data connected to Song with Id: 22 | Results: 6
2026-10-04 00:56:08 | READ | Song | Fetching data connected to Song with Id: 23 | Results: 6
2026-10-04 00:56:08 | READ | Song | Fetching data connected to Song with Id: 24 | Results: 6
2026-10-04 00:56:08 | READ | Song | Fetching data connected to Song with Id: 25 | Results: 6
2026-10-04 00:56:08 | READ | Song | Fetching data connected to Song with Id: 26 | Results: 6
2026-10-04 00:56:08 | READ | Song | Fetching data connected to Song with Id: 27 | Results: 6
2026-10-04 00:56:08 | READ | Song | Fetching data connected to Song with Id: 71 | Results: 6
2026-10-04 00:56:08 | READ | Song | Fetching data connected to Song with Id: 49 | Results: 4
2026-10-04 00:56:15 | READ | Song | Fetching all songs.
2026-10-04 00:56:15 | READ | Song | Fetching data connected to Song with Id: 1 | Results: 6
2026-10-04 00:56:15 | READ | Song | Fetching data connected to Song with Id: 2 | Results: 6
2026-10-04 00:56:15 | READ | Song | Fetching data connected to Song with Id: 3 | Results: 6
2026-10-04 00:56:15 | READ | Song | Fetching data connected to Song with Id: 4 | Results: 6
2026-10-04 00:56:15 | READ | Song | Fetching data connected to Song with Id: 5 | Results: 6
2026-10-04 00:56:15 | READ | Song | Fetching data connected to Song with Id: 6 | Results: 4
2026-10-04 00:56:15 | READ | Song | Fetching data connected to Song with Id: 7 | Results: 4
2026-10-04 00:56:15 | READ | Song | Fetching data connected to Song with Id: 8 | Results: 8
2026-10-04 00:56:15 | READ | Song | Fetching data connected to Song with Id: 9 | Results: 6
2026-10-04 00:56:15 | READ | Song | Fetching data connected to Song with Id: 10 | Results: 6
2026-10-04 00:56:15 | READ | Song | Fetching data connected to Song with Id: 11 | Results: 6
2026-10-04 00:56:15 | READ | Song | Fetching data connected to Song with Id: 12 | Results: 6
2026-10-04 00:56:15 | READ | Song | Fetching data connected to Song with Id: 13 | Results: 6
2026-10-04 00:56:15 | READ | Song | Fetching data connected to Song with Id: 14 | Results: 6
2026-10-04 00:56:15 | READ | Song | Fetching data connected to Song with Id: 15 | Results: 6
2026-10-04 00:56:15 | READ | Song | Fetching data connected to Song with Id: 16 | Results: 6
2026-10-04 00:56:15 | READ | Song | Fetching data connected to Song with Id: 17 | Results: 6
2026-10-04 00:56:15 | READ | Song | Fetching data connected to Song with Id: 18 | Results: 6
2026-10-04 00:56:15 | READ | Song | Fetching data connected to Song with Id: 19 | Results: 4
2026-10-04 00:56:15 | READ | Song | Fetching data connected to Song with Id: 20 | Results: 6
2026-10-04 00:56:15 | READ | Song | Fetching data connected to Song with Id: 21 | Results: 4
2026-10-04 00:56:15 | READ | Song | Fetching data connected to Song with Id: 22 | Results: 6
2026-10-04 00:56:15 | READ | Song | Fetching data connected to Song with Id: 23 | Results: 6
2026-10-04 00:56:15 | READ | Song | Fetching data connected to Song with Id: 24 | Results: 6
2026-10-04 00:56:15 | READ | Song | Fetching data connected to Song with Id: 25 | Results: 6
2026-10-04 00:56:15 | READ | Song | Fetching data connected to Song with Id: 26 | Results: 6
2026-10-04 00:56:15 | READ | Song | Fetching data connected to Song with Id: 27 | Results: 6
2026-10-04 00:56:15 | READ | Song | Fetching data connected to Song with Id: 71 | Results: 6
2026-10-04 00:56:15 | READ | Song | Fetching data connected to Song with Id: 49 | Results: 4
2026-10-04 00:56:19 | READ | Song | Fetching all songs.
2026-10-04 00:56:19 | READ | Song | Fetching data connected to Song with Id: 1 | Results: 6
2026-10-04 00:56:19 | READ | Song | Fetching data connected to Song with Id: 2 | Results: 6
2026-10-04 00:56:19 | READ | Song | Fetching data connected to Song with Id: 3 | Results: 6
2026-10-04 00:56:19 | READ | Song | Fetching data connected to Song with Id: 4 | Results: 6
2026-10-04 00:56:19 | READ | Song | Fetching data connected to Song with Id: 5 | Results: 6
2026-10-04 00:56:19 | READ | Song | Fetching data connected to Song with Id: 6 | Results: 4
2026-10-04 00:56:19 | READ | Song | Fetching data connected to Song with Id: 7 | Results: 4
2026-10-04 00:56:19 | READ | Song | Fetching data connected to Song with Id: 8 | Results: 8
2026-10-04 00:56:19 | READ | Song | Fetching data connected to Song with Id: 9 | Results: 6
2026-10-04 00:56:19 | READ | Song | Fetching data connected to Song with Id: 10 | Results: 6
2026-10-04 00:56:19 | READ | Song | Fetching data connected to Song with Id: 11 | Results: 6
2026-10-04 00:56:19 | READ | Song | Fetching data connected to Song with Id: 12 | Results: 6
2026-10-04 00:56:19 | READ | Song | Fetching data connected to Song with Id: 13 | Results: 6
2026-10-04 00:56:19 | READ | Song | Fetching data connected to Song with Id: 14 | Results: 6
2026-10-04 00:56:19 | READ | Song | Fetching data connected to Song with Id: 15 | Results: 6
2026-10-04 00:56:19 | READ | Song | Fetching data connected to Song with Id: 16 | Results: 6
2026-10-04 00:56:19 | READ | Song | Fetching data connected to Song with Id: 17 | Results: 6
2026-10-04 00:56:19 | READ | Song | Fetching data connected to Song with Id: 18 | Results: 6
2026-10-04 00:56:19 | READ | Song | Fetching data connected to Song with Id: 19 | Results: 4
2026-10-04 00:56:19 | READ | Song | Fetching data connected to Song with Id: 20 | Results: 6
2026-10-04 00:56:19 | READ | Song | Fetching data connected to Song with Id: 21 | Results: 4
2026-10-04 00:56:19 | READ | Song | Fetching data connected to Song with Id: 22 | Results: 6
2026-10-04 00:56:19 | READ | Song | Fetching data connected to Song with Id: 23 | Results: 6
2026-10-04 00:56:19 | READ | Song | Fetching data connected to Song with Id: 24 | Results: 6
2026-10-04 00:56:19 | READ | Song | Fetching data connected to Song with Id: 25 | Results: 6
2026-10-04 00:56:19 | READ | Song | Fetching data connected to Song with Id: 26 | Results: 6
2026-10-04 00:56:19 | READ | Song | Fetching data connected to Song with Id: 27 | Results: 6
2026-10-04 00:56:19 | READ | Song | Fetching data connected to Song with Id: 71 | Results: 6
2026-10-04 00:56:19 | READ | Song | Fetching data connected to Song with Id: 49 | Results: 4
2026-10-04 00:56:19 | READ | Song | Fetching all songs.
2026-10-04 00:56:19 | READ | Song | Fetching data connected to Song with Id: 1 | Results: 6
2026-10-04 00:56:19 | READ | Song | Fetching data connected to Song with Id: 2 | Results: 6
2026-10-04 00:56:19 | READ | Song | Fetching data connected to Song with Id: 3 | Results: 6
2026-10-04 00:56:19 | READ | Song | Fetching data connected to Song with Id: 4 | Results: 6
2026-10-04 00:56:19 | READ | Song | Fetching data connected to Song with Id: 5 | Results: 6
2026-10-04 00:56:19 | READ | Song | Fetching data connected to Song with Id: 6 | Results: 4
2026-10-04 00:56:19 | READ | Song | Fetching data connected to Song with Id: 7 | Results: 4
2026-10-04 00:56:19 | READ | Song | Fetching data connected to Song with Id: 8 | Results: 8
2026-10-04 00:56:19 | READ | Song | Fetching data connected to Song with Id: 9 | Results: 6
2026-10-04 00:56:19 | READ | Song | Fetching data connected to Song with Id: 10 | Results: 6
2026-10-04 00:56:19 | READ | Song | Fetching data connected to Song with Id: 11 | Results: 6
2026-10-04 00:56:19 | READ | Song | Fetching data connected to Song with Id: 12 | Results: 6
2026-10-04 00:56:19 | READ | Song | Fetching data connected to Song with Id: 13 | Results: 6
2026-10-04 00:56:19 | READ | Song | Fetching data connected to Song with Id: 14 | Results: 6
2026-10-04 00:56:19 | READ | Song | Fetching data connected to Song with Id: 15 | Results: 6
2026-10-04 00:56:19 | READ | Song | Fetching data connected to Song with Id: 16 | Results: 6
2026-10-04 00:56:19 | READ | Song | Fetching data connected to Song with Id: 17 | Results: 6
2026-10-04 00:56:19 | READ | Song | Fetching data connected to Song with Id: 18 | Results: 6
2026-10-04 00:56:19 | READ | Song | Fetching data connected to Song with Id: 19 | Results: 4
2026-10-04 00:56:19 | READ | Song | Fetching data connected to Song with Id: 20 | Results: 6
2026-10-04 00:56:19 | READ | Song | Fetching data connected to Song with Id: 21 | Results: 4
2026-10-04 00:56:19 | READ | Song | Fetching data connected to Song with Id: 22 | Results: 6
2026-10-04 00:56:19 | READ | Song | Fetching data connected to Song with Id: 23 | Results: 6
2026-10-04 00:56:19 | READ | Song | Fetching data connected to Song with Id: 24 | Results: 6
2026-10-04 00:56:19 | READ | Song | Fetching data connected to Song with Id: 25 | Results: 6
2026-10-04 00:56:19 | READ | Song | Fetching data connected to Song with Id: 26 | Results: 6
2026-10-04 00:56:19 | READ | Song | Fetching data connected to Song with Id: 27 | Results: 6
2026-10-04 00:56:19 | READ | Song | Fetching data connected to Song with Id: 71 | Results: 6
2026-10-04 00:56:19 | READ | Song | Fetching data connected to Song with Id: 49 | Results: 4
2026-10-04 00:56:19 | READ | Song | Fetching all songs.
2026-10-04 00:56:19 | READ | Song | Fetching data connected to Song with Id: 1 | Results: 6
2026-10-04 00:56:19 | READ | Song | Fetching data connected to Song with Id: 2 | Results: 6
2026-10-04 00:56:19 | READ | Song | Fetching data connected to Song with Id: 3 | Results: 6
2026-10-04 00:56:19 | READ | Song | Fetching data connected to Song with Id: 4 | Results: 6
2026-10-04 00:56:19 | READ | Song | Fetching data connected to Song with Id: 5 | Results: 6
2026-10-04 00:56:19 | READ | Song | Fetching data connected to Song with Id: 6 | Results: 4
2026-10-04 00:56:19 | READ | Song | Fetching data connected to Song with Id: 7 | Results: 4
2026-10-04 00:56:19 | READ | Song | Fetching data connected to Song with Id: 8 | Results: 8
2026-10-04 00:56:19 | READ | Song | Fetching data connected to Song with Id: 9 | Results: 6
2026-10-04 00:56:19 | READ | Song | Fetching data connected to Song with Id: 10 | Results: 6
2026-10-04 00:56:19 | READ | Song | Fetching data connected to Song with Id: 11 | Results: 6
2026-10-04 00:56:19 | READ | Song | Fetching data connected to Song with Id: 12 | Results: 6
2026-10-04 00:56:19 | READ | Song | Fetching data connected to Song with Id: 13 | Results: 6
2026-10-04 00:56:19 | READ | Song | Fetching data connected to Song with Id: 14 | Results: 6
2026-10-04 00:56:19 | READ | Song | Fetching data connected to Song with Id: 15 | Results: 6
2026-10-04 00:56:19 | READ | Song | Fetching data connected to Song with Id: 16 | Results: 6
2026-10-04 00:56:19 | READ | Song | Fetching data connected to Song with Id: 17 | Results: 6
2026-10-04 00:56:19 | READ | Song | Fetching data connected to Song with Id: 18 | Results: 6
2026-10-04 00:56:19 | READ | Song | Fetching data connected to Song with Id: 19 | Results: 4
2026-10-04 00:56:19 | READ | Song | Fetching data connected to Song with Id: 20 | Results: 6
2026-10-04 00:56:19 | READ | Song | Fetching data connected to Song with Id: 21 | Results: 4
2026-10-04 00:56:19 | READ | Song | Fetching data connected to Song with Id: 22 | Results: 6
2026-10-04 00:56:19 | READ | Song | Fetching data connected to Song with Id: 23 | Results: 6
2026-10-04 00:56:19 | READ | Song | Fetching data connected to Song with Id: 24 | Results: 6
2026-10-04 00:56:19 | READ | Song | Fetching data connected to Song with Id: 25 | Results: 6
2026-10-04 00:56:19 | READ | Song | Fetching data connected to Song with Id: 26 | Results: 6
2026-10-04 00:56:19 | READ | Song | Fetching data connected to Song with Id: 27 | Results: 6
2026-10-04 00:56:19 | READ | Song | Fetching data connected to Song with Id: 71 | Results: 6
2026-10-04 00:56:19 | READ | Song | Fetching data connected to Song with Id: 49 | Results: 4
2026-10-04 00:56:20 | READ | Song | Fetching all songs.
2026-10-04 00:56:20 | READ | Song | Fetching data connected to Song with Id: 1 | Results: 6
2026-10-04 00:56:20 | READ | Song | Fetching data connected to Song with Id: 2 | Results: 6
2026-10-04 00:56:20 | READ | Song | Fetching data connected to Song with Id: 3 | Results: 6
2026-10-04 00:56:20 | READ | Song | Fetching data connected to Song with Id: 4 | Results: 6
2026-10-04 00:56:20 | READ | Song | Fetching data connected to Song with Id: 5 | Results: 6
2026-10-04 00:56:20 | READ | Song | Fetching data connected to Song with Id: 6 | Results: 4
2026-10-04 00:56:20 | READ | Song | Fetching data connected to Song with Id: 7 | Results: 4
2026-10-04 00:56:20 | READ | Song | Fetching data connected to Song with Id: 8 | Results: 8
2026-10-04 00:56:20 | READ | Song | Fetching data connected to Song with Id: 9 | Results: 6
2026-10-04 00:56:20 | READ | Song | Fetching data connected to Song with Id: 10 | Results: 6
2026-10-04 00:56:20 | READ | Song | Fetching data connected to Song with Id: 11 | Results: 6
2026-10-04 00:56:20 | READ | Song | Fetching data connected to Song with Id: 12 | Results: 6
2026-10-04 00:56:20 | READ | Song | Fetching data connected to Song with Id: 13 | Results: 6
2026-10-04 00:56:20 | READ | Song | Fetching data connected to Song with Id: 14 | Results: 6
2026-10-04 00:56:20 | READ | Song | Fetching data connected to Song with Id: 15 | Results: 6
2026-10-04 00:56:20 | READ | Song | Fetching data connected to Song with Id: 16 | Results: 6
2026-10-04 00:56:20 | READ | Song | Fetching data connected to Song with Id: 17 | Results: 6
2026-10-04 00:56:20 | READ | Song | Fetching data connected to Song with Id: 18 | Results: 6
2026-10-04 00:56:20 | READ | Song | Fetching data connected to Song with Id: 19 | Results: 4
2026-10-04 00:56:20 | READ | Song | Fetching data connected to Song with Id: 20 | Results: 6
2026-10-04 00:56:20 | READ | Song | Fetching data connected to Song with Id: 21 | Results: 4
2026-10-04 00:56:20 | READ | Song | Fetching data connected to Song with Id: 22 | Results: 6
2026-10-04 00:56:20 | READ | Song | Fetching data connected to Song with Id: 23 | Results: 6
2026-10-04 00:56:20 | READ | Song | Fetching data connected to Song with Id: 24 | Results: 6
2026-10-04 00:56:20 | READ | Song | Fetching data connected to Song with Id: 25 | Results: 6
2026-10-04 00:56:20 | READ | Song | Fetching data connected to Song with Id: 26 | Results: 6
2026-10-04 00:56:20 | READ | Song | Fetching data connected to Song with Id: 27 | Results: 6
2026-10-04 00:56:20 | READ | Song | Fetching data connected to Song with Id: 71 | Results: 6
2026-10-04 00:56:20 | READ | Song | Fetching data connected to Song with Id: 49 | Results: 4
2026-10-04 00:56:20 | READ | Song | Fetching all songs.
2026-10-04 00:56:20 | READ | Song | Fetching data connected to Song with Id: 1 | Results: 6
2026-10-04 00:56:20 | READ | Song | Fetching data connected to Song with Id: 2 | Results: 6
2026-10-04 00:56:20 | READ | Song | Fetching data connected to Song with Id: 3 | Results: 6
2026-10-04 00:56:20 | READ | Song | Fetching data connected to Song with Id: 4 | Results: 6
2026-10-04 00:56:20 | READ | Song | Fetching data connected to Song with Id: 5 | Results: 6
2026-10-04 00:56:20 | READ | Song | Fetching data connected to Song with Id: 6 | Results: 4
2026-10-04 00:56:20 | READ | Song | Fetching data connected to Song with Id: 7 | Results: 4
2026-10-04 00:56:20 | READ | Song | Fetching data connected to Song with Id: 8 | Results: 8
2026-10-04 00:56:20 | READ | Song | Fetching data connected to Song with Id: 9 | Results: 6
2026-10-04 00:56:20 | READ | Song | Fetching data connected to Song with Id: 10 | Results: 6
2026-10-04 00:56:20 | READ | Song | Fetching data connected to Song with Id: 11 | Results: 6
2026-10-04 00:56:20 | READ | Song | Fetching data connected to Song with Id: 12 | Results: 6
2026-10-04 00:56:20 | READ | Song | Fetching data connected to Song with Id: 13 | Results: 6
2026-10-04 00:56:20 | READ | Song | Fetching data connected to Song with Id: 14 | Results: 6
2026-10-04 00:56:20 | READ | Song | Fetching data connected to Song with Id: 15 | Results: 6
2026-10-04 00:56:20 | READ | Song | Fetching data connected to Song with Id: 16 | Results: 6
2026-10-04 00:56:20 | READ | Song | Fetching data connected to Song with Id: 17 | Results: 6
2026-10-04 00:56:20 | READ | Song | Fetching data connected to Song with Id: 18 | Results: 6
2026-10-04 00:56:20 | READ | Song | Fetching data connected to Song with Id: 19 | Results: 4
2026-10-04 00:56:20 | READ | Song | Fetching data connected to Song with Id: 20 | Results: 6
2026-10-04 00:56:20 | READ | Song | Fetching data connected to Song with Id: 21 | Results: 4
2026-10-04 00:56:20 | READ | Song | Fetching data connected to Song with Id: 22 | Results: 6
2026-10-04 00:56:20 | READ | Song | Fetching data connected to Song with Id: 23 | Results: 6
2026-10-04 00:56:20 | READ | Song | Fetching data connected to Song with Id: 24 | Results: 6
2026-10-04 00:56:20 | READ | Song | Fetching data connected to Song with Id: 25 | Results: 6
2026-10-04 00:56:20 | READ | Song | Fetching data connected to Song with Id: 26 | Results: 6
2026-10-04 00:56:20 | READ | Song | Fetching data connected to Song with Id: 27 | Results: 6
2026-10-04 00:56:20 | READ | Song | Fetching data connected to Song with Id: 71 | Results: 6
2026-10-04 00:56:20 | READ | Song | Fetching data connected to Song with Id: 49 | Results: 4
2026-10-04 00:56:22 | READ | Song | Fetching all songs.
2026-10-04 00:56:22 | READ | Song | Fetching data connected to Song with Id: 1 | Results: 6
2026-10-04 00:56:22 | READ | Song | Fetching data connected to Song with Id: 2 | Results: 6
2026-10-04 00:56:22 | READ | Song | Fetching data connected to Song with Id: 3 | Results: 6
2026-10-04 00:56:22 | READ | Song | Fetching data connected to Song with Id: 4 | Results: 6
2026-10-04 00:56:22 | READ | Song | Fetching data connected to Song with Id: 5 | Results: 6
2026-10-04 00:56:22 | READ | Song | Fetching data connected to Song with Id: 6 | Results: 4
2026-10-04 00:56:22 | READ | Song | Fetching data connected to Song with Id: 7 | Results: 4
2026-10-04 00:56:22 | READ | Song | Fetching data connected to Song with Id: 8 | Results: 8
2026-10-04 00:56:22 | READ | Song | Fetching data connected to Song with Id: 9 | Results: 6
2026-10-04 00:56:22 | READ | Song | Fetching data connected to Song with Id: 10 | Results: 6
2026-10-04 00:56:22 | READ | Song | Fetching data connected to Song with Id: 11 | Results: 6
2026-10-04 00:56:22 | READ | Song | Fetching data connected to Song with Id: 12 | Results: 6
2026-10-04 00:56:22 | READ | Song | Fetching data connected to Song with Id: 13 | Results: 6
2026-10-04 00:56:22 | READ | Song | Fetching data connected to Song with Id: 14 | Results: 6
2026-10-04 00:56:22 | READ | Song | Fetching data connected to Song with Id: 15 | Results: 6
2026-10-04 00:56:22 | READ | Song | Fetching data connected to Song with Id: 16 | Results: 6
2026-10-04 00:56:22 | READ | Song | Fetching data connected to Song with Id: 17 | Results: 6
2026-10-04 00:56:22 | READ | Song | Fetching data connected to Song with Id: 18 | Results: 6
2026-10-04 00:56:22 | READ | Song | Fetching data connected to Song with Id: 19 | Results: 4
2026-10-04 00:56:22 | READ | Song | Fetching data connected to Song with Id: 20 | Results: 6
2026-10-04 00:56:22 | READ | Song | Fetching data connected to Song with Id: 21 | Results: 4
2026-10-04 00:56:22 | READ | Song | Fetching data connected to Song with Id: 22 | Results: 6
2026-10-04 00:56:22 | READ | Song | Fetching data connected to Song with Id: 23 | Results: 6
2026-10-04 00:56:22 | READ | Song | Fetching data connected to Song with Id: 24 | Results: 6
2026-10-04 00:56:22 | READ | Song | Fetching data connected to Song with Id: 25 | Results: 6
2026-10-04 00:56:22 | READ | Song | Fetching data connected to Song with Id: 26 | Results: 6
2026-10-04 00:56:22 | READ | Song | Fetching data connected to Song with Id: 27 | Results: 6
2026-10-04 00:56:22 | READ | Song | Fetching data connected to Song with Id: 71 | Results: 6
2026-10-04 00:56:22 | READ | Song | Fetching data connected to Song with Id: 49 | Results: 4
2026-10-04 00:59:26 | READ | Song | Fetching all songs.
2026-10-04 00:59:26 | READ | Song | Fetching data connected to Song with Id: 1 | Results: 6
2026-10-04 00:59:26 | READ | Song | Fetching data connected to Song with Id: 2 | Results: 6
2026-10-04 00:59:26 | READ | Song | Fetching data connected to Song with Id: 3 | Results: 6
2026-10-04 00:59:26 | READ | Song | Fetching data connected to Song with Id: 4 | Results: 6
2026-10-04 00:59:26 | READ | Song | Fetching data connected to Song with Id: 5 | Results: 6
2026-10-04 00:59:26 | READ | Song | Fetching data connected to Song with Id: 6 | Results: 4
2026-10-04 00:59:26 | READ | Song | Fetching data connected to Song with Id: 7 | Results: 4
2026-10-04 00:59:26 | READ | Song | Fetching data connected to Song with Id: 8 | Results: 8
2026-10-04 00:59:26 | READ | Song | Fetching data connected to Song with Id: 9 | Results: 6
2026-10-04 00:59:26 | READ | Song | Fetching data connected to Song with Id: 10 | Results: 6
2026-10-04 00:59:26 | READ | Song | Fetching data connected to Song with Id: 11 | Results: 6
2026-10-04 00:59:26 | READ | Song | Fetching data connected to Song with Id: 12 | Results: 6
2026-10-04 00:59:26 | READ | Song | Fetching data connected to Song with Id: 13 | Results: 6
2026-10-04 00:59:26 | READ | Song | Fetching data connected to Song with Id: 14 | Results: 6
2026-10-04 00:59:26 | READ | Song | Fetching data connected to Song with Id: 15 | Results: 6
2026-10-04 00:59:26 | READ | Song | Fetching data connected to Song with Id: 16 | Results: 6
2026-10-04 00:59:26 | READ | Song | Fetching data connected to Song with Id: 17 | Results: 6
2026-10-04 00:59:26 | READ | Song | Fetching data connected to Song with Id: 18 | Results: 6
2026-10-04 00:59:26 | READ | Song | Fetching data connected to Song with Id: 19 | Results: 4
2026-10-04 00:59:26 | READ | Song | Fetching data connected to Song with Id: 20 | Results: 6
2026-10-04 00:59:26 | READ | Song | Fetching data connected to Song with Id: 21 | Results: 4
2026-10-04 00:59:26 | READ | Song | Fetching data connected to Song with Id: 22 | Results: 6
2026-10-04 00:59:26 | READ | Song | Fetching data connected to Song with Id: 23 | Results: 6
2026-10-04 00:59:26 | READ | Song | Fetching data connected to Song with Id: 24 | Results: 6
2026-10-04 00:59:26 | READ | Song | Fetching data connected to Song with Id: 25 | Results: 6
2026-10-04 00:59:26 | READ | Song | Fetching data connected to Song with Id: 26 | Results: 6
2026-10-04 00:59:26 | READ | Song | Fetching data connected to Song with Id: 27 | Results: 6
2026-10-04 00:59:26 | READ | Song | Fetching data connected to Song with Id: 71 | Results: 6
2026-10-04 00:59:26 | READ | Song | Fetching data connected to Song with Id: 49 | Results: 4
2026-10-04 00:59:26 | READ | Song | Fetching all songs.
2026-10-04 00:59:26 | READ | Song | Fetching data connected to Song with Id: 1 | Results: 6
2026-10-04 00:59:26 | READ | Song | Fetching data connected to Song with Id: 2 | Results: 6
2026-10-04 00:59:26 | READ | Song | Fetching data connected to Song with Id: 3 | Results: 6
2026-10-04 00:59:26 | READ | Song | Fetching data connected to Song with Id: 4 | Results: 6
2026-10-04 00:59:26 | READ | Song | Fetching data connected to Song with Id: 5 | Results: 6
2026-10-04 00:59:26 | READ | Song | Fetching data connected to Song with Id: 6 | Results: 4
2026-10-04 00:59:26 | READ | Song | Fetching data connected to Song with Id: 7 | Results: 4
2026-10-04 00:59:26 | READ | Song | Fetching data connected to Song with Id: 8 | Results: 8
2026-10-04 00:59:26 | READ | Song | Fetching data connected to Song with Id: 9 | Results: 6
2026-10-04 00:59:26 | READ | Song | Fetching data connected to Song with Id: 10 | Results: 6
2026-10-04 00:59:26 | READ | Song | Fetching data connected to Song with Id: 11 | Results: 6
2026-10-04 00:59:26 | READ | Song | Fetching data connected to Song with Id: 12 | Results: 6
2026-10-04 00:59:26 | READ | Song | Fetching data connected to Song with Id: 13 | Results: 6
2026-10-04 00:59:26 | READ | Song | Fetching data connected to Song with Id: 14 | Results: 6
2026-10-04 00:59:26 | READ | Song | Fetching data connected to Song with Id: 15 | Results: 6
2026-10-04 00:59:26 | READ | Song | Fetching data connected to Song with Id: 16 | Results: 6
2026-10-04 00:59:26 | READ | Song | Fetching data connected to Song with Id: 17 | Results: 6
2026-10-04 00:59:26 | READ | Song | Fetching data connected to Song with Id: 18 | Results: 6
2026-10-04 00:59:26 | READ | Song | Fetching data connected to Song with Id: 19 | Results: 4
2026-10-04 00:59:26 | READ | Song | Fetching data connected to Song with Id: 20 | Results: 6
2026-10-04 00:59:26 | READ | Song | Fetching data connected to Song with Id: 21 | Results: 4
2026-10-04 00:59:26 | READ | Song | Fetching data connected to Song with Id: 22 | Results: 6
2026-10-04 00:59:26 | READ | Song | Fetching data connected to Song with Id: 23 | Results: 6
2026-10-04 00:59:26 | READ | Song | Fetching data connected to Song with Id: 24 | Results: 6
2026-10-04 00:59:26 | READ | Song | Fetching data connected to Song with Id: 25 | Results: 6
2026-10-04 00:59:26 | READ | Song | Fetching data connected to Song with Id: 26 | Results: 6
2026-10-04 00:59:26 | READ | Song | Fetching data connected to Song with Id: 27 | Results: 6
2026-10-04 00:59:26 | READ | Song | Fetching data connected to Song with Id: 71 | Results: 6
2026-10-04 00:59:26 | READ | Song | Fetching data connected to Song with Id: 49 | Results: 4
2026-10-04 00:59:26 | READ | Song | Fetching all songs.
2026-10-04 00:59:26 | READ | Song | Fetching data connected to Song with Id: 1 | Results: 6
2026-10-04 00:59:26 | READ | Song | Fetching data connected to Song with Id: 2 | Results: 6
2026-10-04 00:59:26 | READ | Song | Fetching data connected to Song with Id: 3 | Results: 6
2026-10-04 00:59:26 | READ | Song | Fetching data connected to Song with Id: 4 | Results: 6
2026-10-04 00:59:26 | READ | Song | Fetching data connected to Song with Id: 5 | Results: 6
2026-10-04 00:59:26 | READ | Song | Fetching data connected to Song with Id: 6 | Results: 4
2026-10-04 00:59:26 | READ | Song | Fetching data connected to Song with Id: 7 | Results: 4
2026-10-04 00:59:26 | READ | Song | Fetching data connected to Song with Id: 8 | Results: 8
2026-10-04 00:59:26 | READ | Song | Fetching data connected to Song with Id: 9 | Results: 6
2026-10-04 00:59:26 | READ | Song | Fetching data connected to Song with Id: 10 | Results: 6
2026-10-04 00:59:26 | READ | Song | Fetching data connected to Song with Id: 11 | Results: 6
2026-10-04 00:59:26 | READ | Song | Fetching data connected to Song with Id: 12 | Results: 6
2026-10-04 00:59:26 | READ | Song | Fetching data connected to Song with Id: 13 | Results: 6
2026-10-04 00:59:26 | READ | Song | Fetching data connected to Song with Id: 14 | Results: 6
2026-10-04 00:59:26 | READ | Song | Fetching data connected to Song with Id: 15 | Results: 6
2026-10-04 00:59:26 | READ | Song | Fetching data connected to Song with Id: 16 | Results: 6
2026-10-04 00:59:26 | READ | Song | Fetching data connected to Song with Id: 17 | Results: 6
2026-10-04 00:59:26 | READ | Song | Fetching data connected to Song with Id: 18 | Results: 6
2026-10-04 00:59:26 | READ | Song | Fetching data connected to Song with Id: 19 | Results: 4
2026-10-04 00:59:26 | READ | Song | Fetching data connected to Song with Id: 20 | Results: 6
2026-10-04 00:59:26 | READ | Song | Fetching data connected to Song with Id: 21 | Results: 4
2026-10-04 00:59:26 | READ | Song | Fetching data connected to Song with Id: 22 | Results: 6
2026-10-04 00:59:26 | READ | Song | Fetching data connected to Song with Id: 23 | Results: 6
2026-10-04 00:59:26 | READ | Song | Fetching data connected to Song with Id: 24 | Results: 6
2026-10-04 00:59:26 | READ | Song | Fetching data connected to Song with Id: 25 | Results: 6
2026-10-04 00:59:26 | READ | Song | Fetching data connected to Song with Id: 26 | Results: 6
2026-10-04 00:59:26 | READ | Song | Fetching data connected to Song with Id: 27 | Results: 6
2026-10-04 00:59:26 | READ | Song | Fetching data connected to Song with Id: 71 | Results: 6
2026-10-04 00:59:26 | READ | Song | Fetching data connected to Song with Id: 49 | Results: 4
2026-10-04 00:59:26 | READ | Song | Fetching all songs.
2026-10-04 00:59:27 | READ | Song | Fetching data connected to Song with Id: 1 | Results: 6
2026-10-04 00:59:27 | READ | Song | Fetching data connected to Song with Id: 2 | Results: 6
2026-10-04 00:59:27 | READ | Song | Fetching data connected to Song with Id: 3 | Results: 6
2026-10-04 00:59:27 | READ | Song | Fetching data connected to Song with Id: 4 | Results: 6
2026-10-04 00:59:27 | READ | Song | Fetching data connected to Song with Id: 5 | Results: 6
2026-10-04 00:59:27 | READ | Song | Fetching data connected to Song with Id: 6 | Results: 4
2026-10-04 00:59:27 | READ | Song | Fetching data connected to Song with Id: 7 | Results: 4
2026-10-04 00:59:27 | READ | Song | Fetching data connected to Song with Id: 8 | Results: 8
2026-10-04 00:59:27 | READ | Song | Fetching data connected to Song with Id: 9 | Results: 6
2026-10-04 00:59:27 | READ | Song | Fetching data connected to Song with Id: 10 | Results: 6
2026-10-04 00:59:27 | READ | Song | Fetching data connected to Song with Id: 11 | Results: 6
2026-10-04 00:59:27 | READ | Song | Fetching data connected to Song with Id: 12 | Results: 6
2026-10-04 00:59:27 | READ | Song | Fetching data connected to Song with Id: 13 | Results: 6
2026-10-04 00:59:27 | READ | Song | Fetching data connected to Song with Id: 14 | Results: 6
2026-10-04 00:59:27 | READ | Song | Fetching data connected to Song with Id: 15 | Results: 6
2026-10-04 00:59:27 | READ | Song | Fetching data connected to Song with Id: 16 | Results: 6
2026-10-04 00:59:27 | READ | Song | Fetching data connected to Song with Id: 17 | Results: 6
2026-10-04 00:59:27 | READ | Song | Fetching data connected to Song with Id: 18 | Results: 6
2026-10-04 00:59:27 | READ | Song | Fetching data connected to Song with Id: 19 | Results: 4
2026-10-04 00:59:27 | READ | Song | Fetching data connected to Song with Id: 20 | Results: 6
2026-10-04 00:59:27 | READ | Song | Fetching data connected to Song with Id: 21 | Results: 4
2026-10-04 00:59:27 | READ | Song | Fetching data connected to Song with Id: 22 | Results: 6
2026-10-04 00:59:27 | READ | Song | Fetching data connected to Song with Id: 23 | Results: 6
2026-10-04 00:59:27 | READ | Song | Fetching data connected to Song with Id: 24 | Results: 6
2026-10-04 00:59:27 | READ | Song | Fetching data connected to Song with Id: 25 | Results: 6
2026-10-04 00:59:27 | READ | Song | Fetching data connected to Song with Id: 26 | Results: 6
2026-10-04 00:59:27 | READ | Song | Fetching data connected to Song with Id: 27 | Results: 6
2026-10-04 00:59:27 | READ | Song | Fetching data connected to Song with Id: 71 | Results: 6
2026-10-04 00:59:27 | READ | Song | Fetching data connected to Song with Id: 49 | Results: 4
2026-10-04 00:59:27 | READ | Song | Fetching all songs.
2026-10-04 00:59:27 | READ | Song | Fetching data connected to Song with Id: 1 | Results: 6
2026-10-04 00:59:27 | READ | Song | Fetching data connected to Song with Id: 2 | Results: 6
2026-10-04 00:59:27 | READ | Song | Fetching data connected to Song with Id: 3 | Results: 6
2026-10-04 00:59:27 | READ | Song | Fetching data connected to Song with Id: 4 | Results: 6
2026-10-04 00:59:27 | READ | Song | Fetching data connected to Song with Id: 5 | Results: 6
2026-10-04 00:59:27 | READ | Song | Fetching data connected to Song with Id: 6 | Results: 4
2026-10-04 00:59:27 | READ | Song | Fetching data connected to Song with Id: 7 | Results: 4
2026-10-04 00:59:27 | READ | Song | Fetching data connected to Song with Id: 8 | Results: 8
2026-10-04 00:59:27 | READ | Song | Fetching data connected to Song with Id: 9 | Results: 6
2026-10-04 00:59:27 | READ | Song | Fetching data connected to Song with Id: 10 | Results: 6
2026-10-04 00:59:27 | READ | Song | Fetching data connected to Song with Id: 11 | Results: 6
2026-10-04 00:59:27 | READ | Song | Fetching data connected to Song with Id: 12 | Results: 6
2026-10-04 00:59:27 | READ | Song | Fetching data connected to Song with Id: 13 | Results: 6
2026-10-04 00:59:27 | READ | Song | Fetching data connected to Song with Id: 14 | Results: 6
2026-10-04 00:59:27 | READ | Song | Fetching data connected to Song with Id: 15 | Results: 6
2026-10-04 00:59:27 | READ | Song | Fetching data connected to Song with Id: 16 | Results: 6
2026-10-04 00:59:27 | READ | Song | Fetching data connected to Song with Id: 17 | Results: 6
2026-10-04 00:59:27 | READ | Song | Fetching data connected to Song with Id: 18 | Results: 6
2026-10-04 00:59:27 | READ | Song | Fetching data connected to Song with Id: 19 | Results: 4
2026-10-04 00:59:27 | READ | Song | Fetching data connected to Song with Id: 20 | Results: 6
2026-10-04 00:59:27 | READ | Song | Fetching data connected to Song with Id: 21 | Results: 4
2026-10-04 00:59:27 | READ | Song | Fetching data connected to Song with Id: 22 | Results: 6
2026-10-04 00:59:27 | READ | Song | Fetching data connected to Song with Id: 23 | Results: 6
2026-10-04 00:59:27 | READ | Song | Fetching data connected to Song with Id: 24 | Results: 6
2026-10-04 00:59:27 | READ | Song | Fetching data connected to Song with Id: 25 | Results: 6
2026-10-04 00:59:27 | READ | Song | Fetching data connected to Song with Id: 26 | Results: 6
2026-10-04 00:59:27 | READ | Song | Fetching data connected to Song with Id: 27 | Results: 6
2026-10-04 00:59:27 | READ | Song | Fetching data connected to Song with Id: 71 | Results: 6
2026-10-04 00:59:27 | READ | Song | Fetching data connected to Song with Id: 49 | Results: 4
2026-10-04 00:59:29 | READ | Song | Fetching all songs.
2026-10-04 00:59:29 | READ | Song | Fetching data connected to Song with Id: 1 | Results: 6
2026-10-04 00:59:29 | READ | Song | Fetching data connected to Song with Id: 2 | Results: 6
2026-10-04 00:59:29 | READ | Song | Fetching data connected to Song with Id: 3 | Results: 6
2026-10-04 00:59:29 | READ | Song | Fetching data connected to Song with Id: 4 | Results: 6
2026-10-04 00:59:29 | READ | Song | Fetching data connected to Song with Id: 5 | Results: 6
2026-10-04 00:59:29 | READ | Song | Fetching data connected to Song with Id: 6 | Results: 4
2026-10-04 00:59:29 | READ | Song | Fetching data connected to Song with Id: 7 | Results: 4
2026-10-04 00:59:29 | READ | Song | Fetching data connected to Song with Id: 8 | Results: 8
2026-10-04 00:59:29 | READ | Song | Fetching data connected to Song with Id: 9 | Results: 6
2026-10-04 00:59:29 | READ | Song | Fetching data connected to Song with Id: 10 | Results: 6
2026-10-04 00:59:29 | READ | Song | Fetching data connected to Song with Id: 11 | Results: 6
2026-10-04 00:59:29 | READ | Song | Fetching data connected to Song with Id: 12 | Results: 6
2026-10-04 00:59:29 | READ | Song | Fetching data connected to Song with Id: 13 | Results: 6
2026-10-04 00:59:29 | READ | Song | Fetching data connected to Song with Id: 14 | Results: 6
2026-10-04 00:59:29 | READ | Song | Fetching data connected to Song with Id: 15 | Results: 6
2026-10-04 00:59:29 | READ | Song | Fetching data connected to Song with Id: 16 | Results: 6
2026-10-04 00:59:29 | READ | Song | Fetching data connected to Song with Id: 17 | Results: 6
2026-10-04 00:59:29 | READ | Song | Fetching data connected to Song with Id: 18 | Results: 6
2026-10-04 00:59:29 | READ | Song | Fetching data connected to Song with Id: 19 | Results: 4
2026-10-04 00:59:29 | READ | Song | Fetching data connected to Song with Id: 20 | Results: 6
2026-10-04 00:59:29 | READ | Song | Fetching data connected to Song with Id: 21 | Results: 4
2026-10-04 00:59:29 | READ | Song | Fetching data connected to Song with Id: 22 | Results: 6
2026-10-04 00:59:29 | READ | Song | Fetching data connected to Song with Id: 23 | Results: 6
2026-10-04 00:59:29 | READ | Song | Fetching data connected to Song with Id: 24 | Results: 6
2026-10-04 00:59:29 | READ | Song | Fetching data connected to Song with Id: 25 | Results: 6
2026-10-04 00:59:29 | READ | Song | Fetching data connected to Song with Id: 26 | Results: 6
2026-10-04 00:59:29 | READ | Song | Fetching data connected to Song with Id: 27 | Results: 6
2026-10-04 00:59:29 | READ | Song | Fetching data connected to Song with Id: 71 | Results: 6
2026-10-04 00:59:29 | READ | Song | Fetching data connected to Song with Id: 49 | Results: 4
2026-10-04 00:59:30 | READ | Song | Fetching all songs.
2026-10-04 00:59:30 | READ | Song | Fetching data connected to Song with Id: 1 | Results: 6
2026-10-04 00:59:30 | READ | Song | Fetching data connected to Song with Id: 2 | Results: 6
2026-10-04 00:59:30 | READ | Song | Fetching data connected to Song with Id: 3 | Results: 6
2026-10-04 00:59:30 | READ | Song | Fetching data connected to Song with Id: 4 | Results: 6
2026-10-04 00:59:30 | READ | Song | Fetching data connected to Song with Id: 5 | Results: 6
2026-10-04 00:59:30 | READ | Song | Fetching data connected to Song with Id: 6 | Results: 4
2026-10-04 00:59:30 | READ | Song | Fetching data connected to Song with Id: 7 | Results: 4
2026-10-04 00:59:30 | READ | Song | Fetching data connected to Song with Id: 8 | Results: 8
2026-10-04 00:59:30 | READ | Song | Fetching data connected to Song with Id: 9 | Results: 6
2026-10-04 00:59:30 | READ | Song | Fetching data connected to Song with Id: 10 | Results: 6
2026-10-04 00:59:30 | READ | Song | Fetching data connected to Song with Id: 11 | Results: 6
2026-10-04 00:59:30 | READ | Song | Fetching data connected to Song with Id: 12 | Results: 6
2026-10-04 00:59:30 | READ | Song | Fetching data connected to Song with Id: 13 | Results: 6
2026-10-04 00:59:30 | READ | Song | Fetching data connected to Song with Id: 14 | Results: 6
2026-10-04 00:59:30 | READ | Song | Fetching data connected to Song with Id: 15 | Results: 6
2026-10-04 00:59:30 | READ | Song | Fetching data connected to Song with Id: 16 | Results: 6
2026-10-04 00:59:30 | READ | Song | Fetching data connected to Song with Id: 17 | Results: 6
2026-10-04 00:59:30 | READ | Song | Fetching data connected to Song with Id: 18 | Results: 6
2026-10-04 00:59:30 | READ | Song | Fetching data connected to Song with Id: 19 | Results: 4
2026-10-04 00:59:30 | READ | Song | Fetching data connected to Song with Id: 20 | Results: 6
2026-10-04 00:59:30 | READ | Song | Fetching data connected to Song with Id: 21 | Results: 4
2026-10-04 00:59:30 | READ | Song | Fetching data connected to Song with Id: 22 | Results: 6
2026-10-04 00:59:30 | READ | Song | Fetching data connected to Song with Id: 23 | Results: 6
2026-10-04 00:59:30 | READ | Song | Fetching data connected to Song with Id: 24 | Results: 6
2026-10-04 00:59:30 | READ | Song | Fetching data connected to Song with Id: 25 | Results: 6
2026-10-04 00:59:30 | READ | Song | Fetching data connected to Song with Id: 26 | Results: 6
2026-10-04 00:59:30 | READ | Song | Fetching data connected to Song with Id: 27 | Results: 6
2026-10-04 00:59:30 | READ | Song | Fetching data connected to Song with Id: 71 | Results: 6
2026-10-04 00:59:30 | READ | Song | Fetching data connected to Song with Id: 49 | Results: 4
2026-10-04 01:14:58 | READ | Song | Fetching all songs.
2026-10-04 01:14:58 | READ | Song | Fetching data connected to Song with Id: 1 | Results: 6
2026-10-04 01:14:58 | READ | Song | Fetching data connected to Song with Id: 2 | Results: 6
2026-10-04 01:14:58 | READ | Song | Fetching data connected to Song with Id: 3 | Results: 6
2026-10-04 01:14:58 | READ | Song | Fetching data connected to Song with Id: 4 | Results: 6
2026-10-04 01:14:58 | READ | Song | Fetching data connected to Song with Id: 5 | Results: 6
2026-10-04 01:14:58 | READ | Song | Fetching data connected to Song with Id: 6 | Results: 4
2026-10-04 01:14:58 | READ | Song | Fetching data connected to Song with Id: 7 | Results: 4
2026-10-04 01:14:58 | READ | Song | Fetching data connected to Song with Id: 8 | Results: 8
2026-10-04 01:14:58 | READ | Song | Fetching data connected to Song with Id: 9 | Results: 6
2026-10-04 01:14:58 | READ | Song | Fetching data connected to Song with Id: 10 | Results: 6
2026-10-04 01:14:58 | READ | Song | Fetching data connected to Song with Id: 11 | Results: 6
2026-10-04 01:14:58 | READ | Song | Fetching data connected to Song with Id: 12 | Results: 6
2026-10-04 01:14:58 | READ | Song | Fetching data connected to Song with Id: 13 | Results: 6
2026-10-04 01:14:58 | READ | Song | Fetching data connected to Song with Id: 14 | Results: 6
2026-10-04 01:14:58 | READ | Song | Fetching data connected to Song with Id: 15 | Results: 6
2026-10-04 01:14:58 | READ | Song | Fetching data connected to Song with Id: 16 | Results: 6
2026-10-04 01:14:58 | READ | Song | Fetching data connected to Song with Id: 17 | Results: 6
2026-10-04 01:14:58 | READ | Song | Fetching data connected to Song with Id: 18 | Results: 6
2026-10-04 01:14:58 | READ | Song | Fetching data connected to Song with Id: 19 | Results: 4
2026-10-04 01:14:58 | READ | Song | Fetching data connected to Song with Id: 20 | Results: 6
2026-10-04 01:14:58 | READ | Song | Fetching data connected to Song with Id: 21 | Results: 4
2026-10-04 01:14:58 | READ | Song | Fetching data connected to Song with Id: 22 | Results: 6
2026-10-04 01:14:58 | READ | Song | Fetching data connected to Song with Id: 23 | Results: 6
2026-10-04 01:14:58 | READ | Song | Fetching data connected to Song with Id: 24 | Results: 6
2026-10-04 01:14:58 | READ | Song | Fetching data connected to Song with Id: 25 | Results: 6
2026-10-04 01:14:58 | READ | Song | Fetching data connected to Song with Id: 26 | Results: 6
2026-10-04 01:14:58 | READ | Song | Fetching data connected to Song with Id: 27 | Results: 6
2026-10-04 01:14:58 | READ | Song | Fetching data connected to Song with Id: 71 | Results: 6
2026-10-04 01:14:58 | READ | Song | Fetching data connected to Song with Id: 49 | Results: 4
2026-10-04 01:14:58 | READ | Song | Fetching all songs.
2026-10-04 01:14:58 | READ | Song | Fetching data connected to Song with Id: 1 | Results: 6
2026-10-04 01:14:58 | READ | Song | Fetching data connected to Song with Id: 2 | Results: 6
2026-10-04 01:14:58 | READ | Song | Fetching data connected to Song with Id: 3 | Results: 6
2026-10-04 01:14:58 | READ | Song | Fetching data connected to Song with Id: 4 | Results: 6
2026-10-04 01:14:58 | READ | Song | Fetching data connected to Song with Id: 5 | Results: 6
2026-10-04 01:14:58 | READ | Song | Fetching data connected to Song with Id: 6 | Results: 4
2026-10-04 01:14:58 | READ | Song | Fetching data connected to Song with Id: 7 | Results: 4
2026-10-04 01:14:58 | READ | Song | Fetching data connected to Song with Id: 8 | Results: 8
2026-10-04 01:14:58 | READ | Song | Fetching data connected to Song with Id: 9 | Results: 6
2026-10-04 01:14:58 | READ | Song | Fetching data connected to Song with Id: 10 | Results: 6
2026-10-04 01:14:58 | READ | Song | Fetching data connected to Song with Id: 11 | Results: 6
2026-10-04 01:14:58 | READ | Song | Fetching data connected to Song with Id: 12 | Results: 6
2026-10-04 01:14:58 | READ | Song | Fetching data connected to Song with Id: 13 | Results: 6
2026-10-04 01:14:58 | READ | Song | Fetching data connected to Song with Id: 14 | Results: 6
2026-10-04 01:14:58 | READ | Song | Fetching data connected to Song with Id: 15 | Results: 6
2026-10-04 01:14:58 | READ | Song | Fetching data connected to Song with Id: 16 | Results: 6
2026-10-04 01:14:58 | READ | Song | Fetching data connected to Song with Id: 17 | Results: 6
2026-10-04 01:14:58 | READ | Song | Fetching data connected to Song with Id: 18 | Results: 6
2026-10-04 01:14:58 | READ | Song | Fetching data connected to Song with Id: 19 | Results: 4
2026-10-04 01:14:58 | READ | Song | Fetching data connected to Song with Id: 20 | Results: 6
2026-10-04 01:14:58 | READ | Song | Fetching data connected to Song with Id: 21 | Results: 4
2026-10-04 01:14:58 | READ | Song | Fetching data connected to Song with Id: 22 | Results: 6
2026-10-04 01:14:58 | READ | Song | Fetching data connected to Song with Id: 23 | Results: 6
2026-10-04 01:14:58 | READ | Song | Fetching data connected to Song with Id: 24 | Results: 6
2026-10-04 01:14:58 | READ | Song | Fetching data connected to Song with Id: 25 | Results: 6
2026-10-04 01:14:58 | READ | Song | Fetching data connected to Song with Id: 26 | Results: 6
2026-10-04 01:14:58 | READ | Song | Fetching data connected to Song with Id: 27 | Results: 6
2026-10-04 01:14:58 | READ | Song | Fetching data connected to Song with Id: 71 | Results: 6
2026-10-04 01:14:58 | READ | Song | Fetching data connected to Song with Id: 49 | Results: 4
2026-10-04 01:14:58 | READ | Song | Fetching all songs.
2026-10-04 01:14:58 | READ | Song | Fetching data connected to Song with Id: 1 | Results: 6
2026-10-04 01:14:58 | READ | Song | Fetching data connected to Song with Id: 2 | Results: 6
2026-10-04 01:14:58 | READ | Song | Fetching data connected to Song with Id: 3 | Results: 6
2026-10-04 01:14:58 | READ | Song | Fetching data connected to Song with Id: 4 | Results: 6
2026-10-04 01:14:58 | READ | Song | Fetching data connected to Song with Id: 5 | Results: 6
2026-10-04 01:14:58 | READ | Song | Fetching data connected to Song with Id: 6 | Results: 4
2026-10-04 01:14:58 | READ | Song | Fetching data connected to Song with Id: 7 | Results: 4
2026-10-04 01:14:58 | READ | Song | Fetching data connected to Song with Id: 8 | Results: 8
2026-10-04 01:14:58 | READ | Song | Fetching data connected to Song with Id: 9 | Results: 6
2026-10-04 01:14:58 | READ | Song | Fetching data connected to Song with Id: 10 | Results: 6
2026-10-04 01:14:58 | READ | Song | Fetching data connected to Song with Id: 11 | Results: 6
2026-10-04 01:14:58 | READ | Song | Fetching data connected to Song with Id: 12 | Results: 6
2026-10-04 01:14:58 | READ | Song | Fetching data connected to Song with Id: 13 | Results: 6
2026-10-04 01:14:58 | READ | Song | Fetching data connected to Song with Id: 14 | Results: 6
2026-10-04 01:14:58 | READ | Song | Fetching data connected to Song with Id: 15 | Results: 6
2026-10-04 01:14:58 | READ | Song | Fetching data connected to Song with Id: 16 | Results: 6
2026-10-04 01:14:58 | READ | Song | Fetching data connected to Song with Id: 17 | Results: 6
2026-10-04 01:14:58 | READ | Song | Fetching data connected to Song with Id: 18 | Results: 6
2026-10-04 01:14:58 | READ | Song | Fetching data connected to Song with Id: 19 | Results: 4
2026-10-04 01:14:58 | READ | Song | Fetching data connected to Song with Id: 20 | Results: 6
2026-10-04 01:14:58 | READ | Song | Fetching data connected to Song with Id: 21 | Results: 4
2026-10-04 01:14:58 | READ | Song | Fetching data connected to Song with Id: 22 | Results: 6
2026-10-04 01:14:58 | READ | Song | Fetching data connected to Song with Id: 23 | Results: 6
2026-10-04 01:14:58 | READ | Song | Fetching data connected to Song with Id: 24 | Results: 6
2026-10-04 01:14:58 | READ | Song | Fetching data connected to Song with Id: 25 | Results: 6
2026-10-04 01:14:58 | READ | Song | Fetching data connected to Song with Id: 26 | Results: 6
2026-10-04 01:14:58 | READ | Song | Fetching data connected to Song with Id: 27 | Results: 6
2026-10-04 01:14:58 | READ | Song | Fetching data connected to Song with Id: 71 | Results: 6
2026-10-04 01:14:58 | READ | Song | Fetching data connected to Song with Id: 49 | Results: 4
2026-10-04 01:14:58 | READ | Song | Fetching all songs.
2026-10-04 01:14:58 | READ | Song | Fetching data connected to Song with Id: 1 | Results: 6
2026-10-04 01:14:58 | READ | Song | Fetching data connected to Song with Id: 2 | Results: 6
2026-10-04 01:14:58 | READ | Song | Fetching data connected to Song with Id: 3 | Results: 6
2026-10-04 01:14:58 | READ | Song | Fetching data connected to Song with Id: 4 | Results: 6
2026-10-04 01:14:58 | READ | Song | Fetching data connected to Song with Id: 5 | Results: 6
2026-10-04 01:14:58 | READ | Song | Fetching data connected to Song with Id: 6 | Results: 4
2026-10-04 01:14:58 | READ | Song | Fetching data connected to Song with Id: 7 | Results: 4
2026-10-04 01:14:58 | READ | Song | Fetching data connected to Song with Id: 8 | Results: 8
2026-10-04 01:14:58 | READ | Song | Fetching data connected to Song with Id: 9 | Results: 6
2026-10-04 01:14:58 | READ | Song | Fetching data connected to Song with Id: 10 | Results: 6
2026-10-04 01:14:58 | READ | Song | Fetching data connected to Song with Id: 11 | Results: 6
2026-10-04 01:14:58 | READ | Song | Fetching data connected to Song with Id: 12 | Results: 6
2026-10-04 01:14:58 | READ | Song | Fetching data connected to Song with Id: 13 | Results: 6
2026-10-04 01:14:58 | READ | Song | Fetching data connected to Song with Id: 14 | Results: 6
2026-10-04 01:14:58 | READ | Song | Fetching data connected to Song with Id: 15 | Results: 6
2026-10-04 01:14:58 | READ | Song | Fetching data connected to Song with Id: 16 | Results: 6
2026-10-04 01:14:58 | READ | Song | Fetching data connected to Song with Id: 17 | Results: 6
2026-10-04 01:14:58 | READ | Song | Fetching data connected to Song with Id: 18 | Results: 6
2026-10-04 01:14:58 | READ | Song | Fetching data connected to Song with Id: 19 | Results: 4
2026-10-04 01:14:58 | READ | Song | Fetching data connected to Song with Id: 20 | Results: 6
2026-10-04 01:14:58 | READ | Song | Fetching data connected to Song with Id: 21 | Results: 4
2026-10-04 01:14:58 | READ | Song | Fetching data connected to Song with Id: 22 | Results: 6
2026-10-04 01:14:58 | READ | Song | Fetching data connected to Song with Id: 23 | Results: 6
2026-10-04 01:14:58 | READ | Song | Fetching data connected to Song with Id: 24 | Results: 6
2026-10-04 01:14:58 | READ | Song | Fetching data connected to Song with Id: 25 | Results: 6
2026-10-04 01:14:58 | READ | Song | Fetching data connected to Song with Id: 26 | Results: 6
2026-10-04 01:14:58 | READ | Song | Fetching data connected to Song with Id: 27 | Results: 6
2026-10-04 01:14:58 | READ | Song | Fetching data connected to Song with Id: 71 | Results: 6
2026-10-04 01:14:58 | READ | Song | Fetching data connected to Song with Id: 49 | Results: 4
2026-10-04 01:14:58 | READ | Song | Fetching all songs.
2026-10-04 01:14:58 | READ | Song | Fetching data connected to Song with Id: 1 | Results: 6
2026-10-04 01:14:58 | READ | Song | Fetching data connected to Song with Id: 2 | Results: 6
2026-10-04 01:14:58 | READ | Song | Fetching data connected to Song with Id: 3 | Results: 6
2026-10-04 01:14:58 | READ | Song | Fetching data connected to Song with Id: 4 | Results: 6
2026-10-04 01:14:58 | READ | Song | Fetching data connected to Song with Id: 5 | Results: 6
2026-10-04 01:14:58 | READ | Song | Fetching data connected to Song with Id: 6 | Results: 4
2026-10-04 01:14:58 | READ | Song | Fetching data connected to Song with Id: 7 | Results: 4
2026-10-04 01:14:58 | READ | Song | Fetching data connected to Song with Id: 8 | Results: 8
2026-10-04 01:14:58 | READ | Song | Fetching data connected to Song with Id: 9 | Results: 6
2026-10-04 01:14:58 | READ | Song | Fetching data connected to Song with Id: 10 | Results: 6
2026-10-04 01:14:58 | READ | Song | Fetching data connected to Song with Id: 11 | Results: 6
2026-10-04 01:14:58 | READ | Song | Fetching data connected to Song with Id: 12 | Results: 6
2026-10-04 01:14:58 | READ | Song | Fetching data connected to Song with Id: 13 | Results: 6
2026-10-04 01:14:58 | READ | Song | Fetching data connected to Song with Id: 14 | Results: 6
2026-10-04 01:14:58 | READ | Song | Fetching data connected to Song with Id: 15 | Results: 6
2026-10-04 01:14:58 | READ | Song | Fetching data connected to Song with Id: 16 | Results: 6
2026-10-04 01:14:58 | READ | Song | Fetching data connected to Song with Id: 17 | Results: 6
2026-10-04 01:14:58 | READ | Song | Fetching data connected to Song with Id: 18 | Results: 6
2026-10-04 01:14:58 | READ | Song | Fetching data connected to Song with Id: 19 | Results: 4
2026-10-04 01:14:58 | READ | Song | Fetching data connected to Song with Id: 20 | Results: 6
2026-10-04 01:14:58 | READ | Song | Fetching data connected to Song with Id: 21 | Results: 4
2026-10-04 01:14:58 | READ | Song | Fetching data connected to Song with Id: 22 | Results: 6
2026-10-04 01:14:58 | READ | Song | Fetching data connected to Song with Id: 23 | Results: 6
2026-10-04 01:14:59 | READ | Song | Fetching data connected to Song with Id: 24 | Results: 6
2026-10-04 01:14:59 | READ | Song | Fetching data connected to Song with Id: 25 | Results: 6
2026-10-04 01:14:59 | READ | Song | Fetching data connected to Song with Id: 26 | Results: 6
2026-10-04 01:14:59 | READ | Song | Fetching data connected to Song with Id: 27 | Results: 6
2026-10-04 01:14:59 | READ | Song | Fetching data connected to Song with Id: 71 | Results: 6
2026-10-04 01:14:59 | READ | Song | Fetching data connected to Song with Id: 49 | Results: 4
2026-10-04 01:15:00 | READ | Song | Fetching all songs.
2026-10-04 01:15:00 | READ | Song | Fetching data connected to Song with Id: 1 | Results: 6
2026-10-04 01:15:00 | READ | Song | Fetching data connected to Song with Id: 2 | Results: 6
2026-10-04 01:15:00 | READ | Song | Fetching data connected to Song with Id: 3 | Results: 6
2026-10-04 01:15:00 | READ | Song | Fetching data connected to Song with Id: 4 | Results: 6
2026-10-04 01:15:00 | READ | Song | Fetching data connected to Song with Id: 5 | Results: 6
2026-10-04 01:15:00 | READ | Song | Fetching data connected to Song with Id: 6 | Results: 4
2026-10-04 01:15:00 | READ | Song | Fetching data connected to Song with Id: 7 | Results: 4
2026-10-04 01:15:00 | READ | Song | Fetching data connected to Song with Id: 8 | Results: 8
2026-10-04 01:15:00 | READ | Song | Fetching data connected to Song with Id: 9 | Results: 6
2026-10-04 01:15:00 | READ | Song | Fetching data connected to Song with Id: 10 | Results: 6
2026-10-04 01:15:00 | READ | Song | Fetching data connected to Song with Id: 11 | Results: 6
2026-10-04 01:15:00 | READ | Song | Fetching data connected to Song with Id: 12 | Results: 6
2026-10-04 01:15:00 | READ | Song | Fetching data connected to Song with Id: 13 | Results: 6
2026-10-04 01:15:00 | READ | Song | Fetching data connected to Song with Id: 14 | Results: 6
2026-10-04 01:15:00 | READ | Song | Fetching data connected to Song with Id: 15 | Results: 6
2026-10-04 01:15:00 | READ | Song | Fetching data connected to Song with Id: 16 | Results: 6
2026-10-04 01:15:00 | READ | Song | Fetching data connected to Song with Id: 17 | Results: 6
2026-10-04 01:15:00 | READ | Song | Fetching data connected to Song with Id: 18 | Results: 6
2026-10-04 01:15:00 | READ | Song | Fetching data connected to Song with Id: 19 | Results: 4
2026-10-04 01:15:00 | READ | Song | Fetching data connected to Song with Id: 20 | Results: 6
2026-10-04 01:15:00 | READ | Song | Fetching data connected to Song with Id: 21 | Results: 4
2026-10-04 01:15:00 | READ | Song | Fetching data connected to Song with Id: 22 | Results: 6
2026-10-04 01:15:01 | READ | Song | Fetching data connected to Song with Id: 23 | Results: 6
2026-10-04 01:15:01 | READ | Song | Fetching data connected to Song with Id: 24 | Results: 6
2026-10-04 01:15:01 | READ | Song | Fetching data connected to Song with Id: 25 | Results: 6
2026-10-04 01:15:01 | READ | Song | Fetching data connected to Song with Id: 26 | Results: 6
2026-10-04 01:15:01 | READ | Song | Fetching data connected to Song with Id: 27 | Results: 6
2026-10-04 01:15:01 | READ | Song | Fetching data connected to Song with Id: 71 | Results: 6
2026-10-04 01:15:01 | READ | Song | Fetching data connected to Song with Id: 49 | Results: 4
2026-10-04 01:17:11 | READ | Song | Fetching all songs.
2026-10-04 01:17:12 | READ | Song | Fetching data connected to Song with Id: 1 | Results: 6
2026-10-04 01:17:12 | READ | Song | Fetching data connected to Song with Id: 2 | Results: 6
2026-10-04 01:17:12 | READ | Song | Fetching data connected to Song with Id: 3 | Results: 6
2026-10-04 01:17:12 | READ | Song | Fetching data connected to Song with Id: 4 | Results: 6
2026-10-04 01:17:12 | READ | Song | Fetching data connected to Song with Id: 5 | Results: 6
2026-10-04 01:17:12 | READ | Song | Fetching data connected to Song with Id: 6 | Results: 4
2026-10-04 01:17:12 | READ | Song | Fetching data connected to Song with Id: 7 | Results: 4
2026-10-04 01:17:12 | READ | Song | Fetching data connected to Song with Id: 8 | Results: 8
2026-10-04 01:17:12 | READ | Song | Fetching data connected to Song with Id: 9 | Results: 6
2026-10-04 01:17:12 | READ | Song | Fetching data connected to Song with Id: 10 | Results: 6
2026-10-04 01:17:12 | READ | Song | Fetching data connected to Song with Id: 11 | Results: 6
2026-10-04 01:17:12 | READ | Song | Fetching data connected to Song with Id: 12 | Results: 6
2026-10-04 01:17:12 | READ | Song | Fetching data connected to Song with Id: 13 | Results: 6
2026-10-04 01:17:12 | READ | Song | Fetching data connected to Song with Id: 14 | Results: 6
2026-10-04 01:17:12 | READ | Song | Fetching data connected to Song with Id: 15 | Results: 6
2026-10-04 01:17:12 | READ | Song | Fetching data connected to Song with Id: 16 | Results: 6
2026-10-04 01:17:12 | READ | Song | Fetching data connected to Song with Id: 17 | Results: 6
2026-10-04 01:17:12 | READ | Song | Fetching data connected to Song with Id: 18 | Results: 6
2026-10-04 01:17:12 | READ | Song | Fetching data connected to Song with Id: 19 | Results: 4
2026-10-04 01:17:12 | READ | Song | Fetching data connected to Song with Id: 20 | Results: 6
2026-10-04 01:17:12 | READ | Song | Fetching data connected to Song with Id: 21 | Results: 4
2026-10-04 01:17:12 | READ | Song | Fetching data connected to Song with Id: 22 | Results: 6
2026-10-04 01:17:12 | READ | Song | Fetching data connected to Song with Id: 23 | Results: 6
2026-10-04 01:17:12 | READ | Song | Fetching data connected to Song with Id: 24 | Results: 6
2026-10-04 01:17:12 | READ | Song | Fetching data connected to Song with Id: 25 | Results: 6
2026-10-04 01:17:12 | READ | Song | Fetching data connected to Song with Id: 26 | Results: 6
2026-10-04 01:17:12 | READ | Song | Fetching data connected to Song with Id: 27 | Results: 6
2026-10-04 01:17:12 | READ | Song | Fetching data connected to Song with Id: 71 | Results: 6
2026-10-04 01:17:12 | READ | Song | Fetching data connected to Song with Id: 49 | Results: 4
2026-10-04 01:17:12 | READ | Song | Fetching all songs.
2026-10-04 01:17:12 | READ | Song | Fetching data connected to Song with Id: 1 | Results: 6
2026-10-04 01:17:13 | READ | Song | Fetching data connected to Song with Id: 2 | Results: 6
2026-10-04 01:17:13 | READ | Song | Fetching data connected to Song with Id: 3 | Results: 6
2026-10-04 01:17:13 | READ | Song | Fetching data connected to Song with Id: 4 | Results: 6
2026-10-04 01:17:13 | READ | Song | Fetching data connected to Song with Id: 5 | Results: 6
2026-10-04 01:17:13 | READ | Song | Fetching data connected to Song with Id: 6 | Results: 4
2026-10-04 01:17:13 | READ | Song | Fetching data connected to Song with Id: 7 | Results: 4
2026-10-04 01:17:13 | READ | Song | Fetching data connected to Song with Id: 8 | Results: 8
2026-10-04 01:17:13 | READ | Song | Fetching data connected to Song with Id: 9 | Results: 6
2026-10-04 01:17:13 | READ | Song | Fetching data connected to Song with Id: 10 | Results: 6
2026-10-04 01:17:13 | READ | Song | Fetching data connected to Song with Id: 11 | Results: 6
2026-10-04 01:17:13 | READ | Song | Fetching data connected to Song with Id: 12 | Results: 6
2026-10-04 01:17:13 | READ | Song | Fetching data connected to Song with Id: 13 | Results: 6
2026-10-04 01:17:13 | READ | Song | Fetching data connected to Song with Id: 14 | Results: 6
2026-10-04 01:17:13 | READ | Song | Fetching data connected to Song with Id: 15 | Results: 6
2026-10-04 01:17:13 | READ | Song | Fetching data connected to Song with Id: 16 | Results: 6
2026-10-04 01:17:13 | READ | Song | Fetching data connected to Song with Id: 17 | Results: 6
2026-10-04 01:17:13 | READ | Song | Fetching data connected to Song with Id: 18 | Results: 6
2026-10-04 01:17:13 | READ | Song | Fetching data connected to Song with Id: 19 | Results: 4
2026-10-04 01:17:13 | READ | Song | Fetching data connected to Song with Id: 20 | Results: 6
2026-10-04 01:17:13 | READ | Song | Fetching data connected to Song with Id: 21 | Results: 4
2026-10-04 01:17:13 | READ | Song | Fetching data connected to Song with Id: 22 | Results: 6
2026-10-04 01:17:13 | READ | Song | Fetching data connected to Song with Id: 23 | Results: 6
2026-10-04 01:17:13 | READ | Song | Fetching data connected to Song with Id: 24 | Results: 6
2026-10-04 01:17:13 | READ | Song | Fetching data connected to Song with Id: 25 | Results: 6
2026-10-04 01:17:13 | READ | Song | Fetching data connected to Song with Id: 26 | Results: 6
2026-10-04 01:17:13 | READ | Song | Fetching data connected to Song with Id: 27 | Results: 6
2026-10-04 01:17:13 | READ | Song | Fetching data connected to Song with Id: 71 | Results: 6
2026-10-04 01:17:13 | READ | Song | Fetching data connected to Song with Id: 49 | Results: 4
2026-10-04 01:17:13 | READ | Song | Fetching all songs.
2026-10-04 01:23:38 | READ | Song | Fetching all songs.
2026-10-04 01:23:40 | READ | Song | Fetching all songs.
2026-10-04 01:23:40 | READ | Song | Fetching all songs.
2026-10-04 01:23:40 | READ | Song | Fetching all songs.
2026-10-04 01:23:41 | READ | Song | Fetching all songs.
2026-10-04 01:23:42 | READ | Song | Fetching all songs.
